方案维数,主成分,输入列名,组合系数
10,PC1,duration,-3.383402868329472e-05
10,PC1,src_bytes,-1.3156741360043078e-05
10,PC1,dst_bytes,-1.3509780265041904e-05
10,PC1,missed_bytes,-3.9194132448808205e-06
10,PC1,src_pkts,-2.7535701781365848e-05
10,PC1,src_ip_bytes,-1.67164975094151e-05
10,PC1,dst_pkts,-1.0579060893145383e-05
10,PC1,dst_ip_bytes,-1.899732146799449e-05
10,PC1,dns_qclass,0.006541155859231469
10,PC1,dns_qtype,0.028383358615869044
10,PC1,dns_rcode,0.026156907782616274
10,PC1,http_request_body_len,-2.2766848982236724e-06
10,PC1,http_response_body_len,-9.228417912972334e-06
10,PC1,http_status_code,-6.531106067362926e-05
10,PC1,dns_query,0.2812492374150176
10,PC1,ssl_version,-0.0001939420276569071
10,PC1,ssl_cipher,-0.0001939420276569075
10,PC1,ssl_subject,-4.351655580625092e-06
10,PC1,ssl_issuer,-4.351655580625092e-06
10,PC1,http_uri,-0.00011129518958761717
10,PC1,http_user_agent,-0.00011129518958761717
10,PC1,http_orig_mime_types,-5.798667264595216e-06
10,PC1,http_resp_mime_types,-7.552984411031417e-05
10,PC1,weird_name,0.0009051340672469665
10,PC1,proto_icmp,-0.0036667033501436865
10,PC1,proto_tcp,-0.27450590502330063
10,PC1,proto_udp,0.2781726083734441
10,PC1,service_dce_rpc,-6.888038200664701e-05
10,PC1,service_dhcp,6.217476513376599e-06
10,PC1,service_dns,0.2906307953647016
10,PC1,service_ftp,-0.000539168190958113
10,PC1,service_gssapi,-0.00018897783397887563
10,PC1,service_http,-0.02793597006991057
10,PC1,service_n/a,-0.260836853180844
10,PC1,service_smb,-7.133703059085737e-05
10,PC1,service_smb;gssapi,-1.3624597359959011e-05
10,PC1,service_ssl,-0.0009822015555661172
10,PC1,conn_state_OTH,-0.14157631971078474
10,PC1,conn_state_REJ,-0.04379163576043283
10,PC1,conn_state_RSTO,-0.0013152313387436304
10,PC1,conn_state_RSTOS0,-6.456838901129206e-05
10,PC1,conn_state_RSTR,-0.0014319567234230132
10,PC1,conn_state_RSTRH,-0.00198525631701537
10,PC1,conn_state_S0,0.04819014156472194
10,PC1,conn_state_S1,-0.012869237172268368
10,PC1,conn_state_S2,-0.0005494847377889522
10,PC1,conn_state_S3,-0.005033716103795372
10,PC1,conn_state_SF,0.1652058754796662
10,PC1,conn_state_SH,-0.013420623265220762
10,PC1,conn_state_SHR,0.00864201247409615
10,PC1,dns_AA_F,0.23707215711772975
10,PC1,dns_AA_T,0.04667559896191422
10,PC1,dns_AA_n/a,-0.2837477560796436
10,PC1,dns_RD_F,0.19494465972830272
10,PC1,dns_RD_T,0.08880309635134066
10,PC1,dns_RD_n/a,-0.2837477560796436
10,PC1,dns_RA_F,0.253964295133491
10,PC1,dns_RA_T,0.0297834609461523
10,PC1,dns_RA_n/a,-0.2837477560796436
10,PC1,dns_rejected_F,0.26298632251114495
10,PC1,dns_rejected_T,0.02076143356849811
10,PC1,dns_rejected_n/a,-0.2837477560796436
10,PC1,ssl_resumed_F,-0.0003308890233371043
10,PC1,ssl_resumed_T,-3.5986342677645324e-05
10,PC1,ssl_resumed_n/a,0.00036687536601474825
10,PC1,ssl_established_F,-0.0003265373677564761
10,PC1,ssl_established_T,-4.033799825826999e-05
10,PC1,ssl_established_n/a,0.00036687536601475004
10,PC1,http_trans_depth_1,-0.00010903290138682415
10,PC1,http_trans_depth_10,-5.798837938237392e-07
10,PC1,http_trans_depth_2,-1.2623192215358895e-05
10,PC1,http_trans_depth_6,-5.798837935690418e-07
10,PC1,http_trans_depth_7,-5.798837940501504e-07
10,PC1,http_trans_depth_8,-5.79883793653937e-07
10,PC1,http_trans_depth_9,-5.79883793512441e-07
10,PC1,http_trans_depth_n/a,0.00012455551257079187
10,PC1,http_method_GET,-0.00010263572900357804
10,PC1,http_method_HEAD,-2.2809850294992608e-06
10,PC1,http_method_POST,-6.378475554539825e-06
10,PC1,http_method_n/a,0.00011129518958761713
10,PC1,http_version_1.1,-0.00012052538620413257
10,PC1,http_version_n/a,0.00012052538620413255
10,PC1,weird_addl_43,1.478498355863599e-05
10,PC1,weird_addl_46,0.0008749188834158808
10,PC1,weird_addl_48,2.4809687764893843e-05
10,PC1,weird_addl_n/a,-0.0009145135547394205
10,PC1,weird_notice_F,0.0009051340672469585
10,PC1,weird_notice_n/a,-0.0009051340672469585
10,PC2,duration,5.298091436059139e-06
10,PC2,src_bytes,-7.20692665592132e-06
10,PC2,dst_bytes,-5.736756329904197e-06
10,PC2,missed_bytes,-1.9882127281767303e-06
10,PC2,src_pkts,-2.012017213542938e-05
10,PC2,src_ip_bytes,-2.825923900995342e-06
10,PC2,dst_pkts,-1.1930005931581888e-05
10,PC2,dst_ip_bytes,-0.00010771755903321578
10,PC2,dns_qclass,0.005763417119688034
10,PC2,dns_qtype,0.009222611837002884
10,PC2,dns_rcode,-0.01335692499019698
10,PC2,http_request_body_len,-3.247250736504966e-05
10,PC2,http_response_body_len,-9.081981831798362e-05
10,PC2,http_status_code,-0.000719377110651453
10,PC2,dns_query,-0.02581235846989491
10,PC2,ssl_version,-0.000601136330393459
10,PC2,ssl_cipher,-0.0006011363303934554
10,PC2,ssl_subject,-2.2909650918961334e-05
10,PC2,ssl_issuer,-2.2909650918961334e-05
10,PC2,http_uri,-0.0013513069475379197
10,PC2,http_user_agent,-0.0013513069475379195
10,PC2,http_orig_mime_types,-8.2718138685356e-05
10,PC2,http_resp_mime_types,-0.0009195634121712088
10,PC2,weird_name,0.0007907355107195409
10,PC2,proto_icmp,0.008065661881376083
10,PC2,proto_tcp,-0.35645714087791885
10,PC2,proto_udp,0.34839147899654244
10,PC2,service_dce_rpc,-0.000195347096383696
10,PC2,service_dhcp,0.0001510678854115164
10,PC2,service_dns,0.0013091450789360125
10,PC2,service_ftp,-0.0038291585416026595
10,PC2,service_gssapi,-0.00048779132807176957
10,PC2,service_http,-0.3697968508944853
10,PC2,service_n/a,0.38067100791096836
10,PC2,service_smb,-0.0002402390892117399
10,PC2,service_smb;gssapi,-4.58667673365539e-05
10,PC2,service_ssl,-0.007535967158224013
10,PC2,conn_state_OTH,0.0021865803064505095
10,PC2,conn_state_REJ,-0.007618783692344404
10,PC2,conn_state_RSTO,-0.0008687253486947735
10,PC2,conn_state_RSTOS0,-9.15552420316138e-06
10,PC2,conn_state_RSTR,-0.005446445521366151
10,PC2,conn_state_RSTRH,-0.0002857821985210604
10,PC2,conn_state_S0,0.4843264255999661
10,PC2,conn_state_S1,-0.0048997693428451386
10,PC2,conn_state_S2,-0.0018118792884269795
10,PC2,conn_state_S3,-0.011772978322149312
10,PC2,conn_state_SF,-0.47808140910507174
10,PC2,conn_state_SH,-0.0021581871547626777
10,PC2,conn_state_SHR,0.026440109591967242
10,PC2,dns_AA_F,-0.007342383080708246
10,PC2,dns_AA_T,-0.017803293835856136
10,PC2,dns_AA_n/a,0.025145676916564306
10,PC2,dns_RD_F,-0.03246888902080656
10,PC2,dns_RD_T,0.00732321210424224
10,PC2,dns_RD_n/a,0.02514567691656429
10,PC2,dns_RA_F,-0.009197944091269486
10,PC2,dns_RA_T,-0.01594773282529482
10,PC2,dns_RA_n/a,0.02514567691656429
10,PC2,dns_rejected_F,-0.014476257732542887
10,PC2,dns_rejected_T,-0.010669419184021332
10,PC2,dns_rejected_n/a,0.02514567691656429
10,PC2,ssl_resumed_F,-0.0017632098261615564
10,PC2,ssl_resumed_T,-0.0002730614996563952
10,PC2,ssl_resumed_n/a,0.0020362713258179556
10,PC2,ssl_established_F,-0.0017403001752425967
10,PC2,ssl_established_T,-0.00029597115057535575
10,PC2,ssl_established_n/a,0.002036271325817955
10,PC2,http_trans_depth_1,-0.0011719573104147208
10,PC2,http_trans_depth_10,-8.273514570674892e-06
10,PC2,http_trans_depth_2,-0.00013842673292345853
10,PC2,http_trans_depth_6,-8.27351456048419e-06
10,PC2,http_trans_depth_7,-8.273514579733542e-06
10,PC2,http_trans_depth_8,-8.273514563881046e-06
10,PC2,http_trans_depth_9,-8.273514558219444e-06
10,PC2,http_trans_depth_n/a,0.0013517516161711681
10,PC2,http_method_GET,-0.0012416550049848764
10,PC2,http_method_HEAD,-1.8665034182878047e-05
10,PC2,http_method_POST,-9.098690837016656e-05
10,PC2,http_method_n/a,0.0013513069475379195
10,PC2,http_version_1.1,-0.0013228012404881255
10,PC2,http_version_n/a,0.001322801240488126
10,PC2,weird_addl_43,7.803256427576272e-06
10,PC2,weird_addl_46,0.0004807596586554716
10,PC2,weird_addl_48,5.518683818367776e-05
10,PC2,weird_addl_n/a,-0.0005437497532667359
10,PC2,weird_notice_F,0.0007907355107195435
10,PC2,weird_notice_n/a,-0.0007907355107195364
10,PC3,duration,5.25260621939523e-05
10,PC3,src_bytes,2.208252178809156e-06
10,PC3,dst_bytes,1.919256966631533e-06
10,PC3,missed_bytes,4.1476226930736715e-07
10,PC3,src_pkts,5.4652541629035545e-05
10,PC3,src_ip_bytes,5.3878058736245293e-05
10,PC3,dst_pkts,1.4701065829986204e-05
10,PC3,dst_ip_bytes,-5.172547610354447e-05
10,PC3,dns_qclass,0.0032674540355263192
10,PC3,dns_qtype,0.014442314084793321
10,PC3,dns_rcode,0.012633796102096626
10,PC3,http_request_body_len,-2.935829103580449e-05
10,PC3,http_response_body_len,-8.582096048206858e-05
10,PC3,http_status_code,-0.0006624468459218046
10,PC3,dns_query,0.1370872893441509
10,PC3,ssl_version,-0.0004412838217760641
10,PC3,ssl_cipher,-0.0004412838217760612
10,PC3,ssl_subject,-1.738621009922625e-05
10,PC3,ssl_issuer,-1.7386210099226248e-05
10,PC3,http_uri,-0.0012438060528461668
10,PC3,http_user_agent,-0.0012438060528461668
10,PC3,http_orig_mime_types,-7.479137705220476e-05
10,PC3,http_resp_mime_types,-0.0008380214559145257
10,PC3,weird_name,-0.0026017043225079832
10,PC3,proto_icmp,0.015539496591230908
10,PC3,proto_tcp,0.2249588114524568
10,PC3,proto_udp,-0.24049830804368724
10,PC3,service_dce_rpc,0.00021584208160034505
10,PC3,service_dhcp,-0.0003194499315012691
10,PC3,service_dns,0.058988792017602654
10,PC3,service_ftp,-0.002877175867573432
10,PC3,service_gssapi,0.000660066227980106
10,PC3,service_http,-0.33568045415710257
10,PC3,service_n/a,0.2848879454672137
10,PC3,service_smb,-0.00018932990035510294
10,PC3,service_smb;gssapi,-3.613990732510215e-05
10,PC3,service_ssl,-0.005650096030540014
10,PC3,conn_state_OTH,0.6084536324016306
10,PC3,conn_state_REJ,0.02834536356798297
10,PC3,conn_state_RSTO,-8.173545590726302e-05
10,PC3,conn_state_RSTOS0,3.000100760018137e-05
10,PC3,conn_state_RSTR,-0.005017295933727926
10,PC3,conn_state_RSTRH,0.0009422947850195412
10,PC3,conn_state_S0,-0.32017874209616487
10,PC3,conn_state_S1,0.0031609552549369023
10,PC3,conn_state_S2,-0.0016972944976857817
10,PC3,conn_state_S3,-0.010106081674504469
10,PC3,conn_state_SF,-0.23535586012670015
10,PC3,conn_state_SH,0.006718846517902581
10,PC3,conn_state_SHR,-0.0752140837503817
10,PC3,dns_AA_F,0.11692128878412288
10,PC3,dns_AA_T,0.022101743281881622
10,PC3,dns_AA_n/a,-0.13902303206600433
10,PC3,dns_RD_F,0.11255138755249806
10,PC3,dns_RD_T,0.026471644513506143
10,PC3,dns_RD_n/a,-0.13902303206600433
10,PC3,dns_RA_F,0.13136407481074028
10,PC3,dns_RA_T,0.007658957255263881
10,PC3,dns_RA_n/a,-0.13902303206600433
10,PC3,dns_rejected_F,0.13331072273318156
10,PC3,dns_rejected_T,0.005712309332822534
10,PC3,dns_rejected_n/a,-0.13902303206600433
10,PC3,ssl_resumed_F,-0.0013129301022323547
10,PC3,ssl_resumed_T,-0.00020566076832992503
10,PC3,ssl_resumed_n/a,0.0015185908705622785
10,PC3,ssl_established_F,-0.0012955438921331262
10,PC3,ssl_established_T,-0.00022304697842915453
10,PC3,ssl_established_n/a,0.0015185908705622805
10,PC3,http_trans_depth_1,-0.0010794346120892204
10,PC3,http_trans_depth_10,-7.481350376233675e-06
10,PC3,http_trans_depth_2,-0.0001289445691678055
10,PC3,http_trans_depth_6,-7.4813503625292255e-06
10,PC3,http_trans_depth_7,-7.481350388415583e-06
10,PC3,http_trans_depth_8,-7.481350367097341e-06
10,PC3,http_trans_depth_9,-7.4813503594836805e-06
10,PC3,http_trans_depth_n/a,0.0012457859331107817
10,PC3,http_method_GET,-0.0011433568013929547
10,PC3,http_method_HEAD,-1.818267063522491e-05
10,PC3,http_method_POST,-8.226658081798846e-05
10,PC3,http_method_n/a,0.001243806052846167
10,PC3,http_version_1.1,-0.0012172484733071589
10,PC3,http_version_n/a,0.0012172484733071582
10,PC3,weird_addl_43,-1.75564167052376e-05
10,PC3,weird_addl_46,-0.0021209981527453123
10,PC3,weird_addl_48,-0.00018226908123470764
10,PC3,weird_addl_n/a,0.002320823650685276
10,PC3,weird_notice_F,-0.0026017043225079832
10,PC3,weird_notice_n/a,0.0026017043225079815
10,PC4,duration,5.329945687324655e-05
10,PC4,src_bytes,-5.6223649128661624e-05
10,PC4,dst_bytes,-5.87173608863345e-05
10,PC4,missed_bytes,-1.8162310277847205e-05
10,PC4,src_pkts,8.596703136010131e-05
10,PC4,src_ip_bytes,5.131334069982674e-05
10,PC4,dst_pkts,1.225426232986937e-05
10,PC4,dst_ip_bytes,5.2882977943702336e-05
10,PC4,dns_qclass,-0.009110733855392683
10,PC4,dns_qtype,-0.02324460822509835
10,PC4,dns_rcode,0.0055845025338962
10,PC4,http_request_body_len,9.68632385865741e-06
10,PC4,http_response_body_len,1.8832139113815613e-05
10,PC4,http_status_code,0.00017755145920556343
10,PC4,dns_query,-0.08618153707231507
10,PC4,ssl_version,-0.0002796441351066692
10,PC4,ssl_cipher,-0.0002796441351066685
10,PC4,ssl_subject,-1.0299018398045919e-05
10,PC4,ssl_issuer,-1.0299018398045922e-05
10,PC4,http_uri,0.0003495759458428894
10,PC4,http_user_agent,0.00034957594584288906
10,PC4,http_orig_mime_types,2.4682188896837007e-05
10,PC4,http_resp_mime_types,0.00024974597617558205
10,PC4,weird_name,0.005950195998655151
10,PC4,proto_icmp,0.04421587393757351
10,PC4,proto_tcp,-0.3330762147531142
10,PC4,proto_udp,0.2888603408155406
10,PC4,service_dce_rpc,0.0005779491318333562
10,PC4,service_dhcp,0.0002820091812784112
10,PC4,service_dns,0.09670587517976449
10,PC4,service_ftp,-0.0003744066303673521
10,PC4,service_gssapi,0.0016341410822352269
10,PC4,service_http,0.10259614491539101
10,PC4,service_n/a,-0.20063310030832282
10,PC4,service_smb,-0.00016008909987728906
10,PC4,service_smb;gssapi,-3.0537200230735634e-05
10,PC4,service_ssl,-0.0005979862517043432
10,PC4,conn_state_OTH,0.561108924748673
10,PC4,conn_state_REJ,-0.525350167072629
10,PC4,conn_state_RSTO,-0.005578657599802189
10,PC4,conn_state_RSTOS0,-0.00029250307876188493
10,PC4,conn_state_RSTR,-0.0024778766251665847
10,PC4,conn_state_RSTRH,-0.009285801347674668
10,PC4,conn_state_S0,-0.1552405206632427
10,PC4,conn_state_S1,-0.06907001085965087
10,PC4,conn_state_S2,-0.001107117185579081
10,PC4,conn_state_S3,-0.015462851217913897
10,PC4,conn_state_SF,0.11805144218113214
10,PC4,conn_state_SH,-0.07523106329753532
10,PC4,conn_state_SHR,0.17993620201814992
10,PC4,dns_AA_F,-0.08555403135827289
10,PC4,dns_AA_T,0.000923602604246575
10,PC4,dns_AA_n/a,0.08463042875402614
10,PC4,dns_RD_F,-0.07722223725476582
10,PC4,dns_RD_T,-0.007408191499260323
10,PC4,dns_RD_n/a,0.08463042875402614
10,PC4,dns_RA_F,-0.10515025960760038
10,PC4,dns_RA_T,0.020519830853574225
10,PC4,dns_RA_n/a,0.08463042875402614
10,PC4,dns_rejected_F,-0.09785804651068425
10,PC4,dns_rejected_T,0.013227617756658107
10,PC4,dns_rejected_n/a,0.08463042875402614
10,PC4,ssl_resumed_F,-0.0003061526713458755
10,PC4,ssl_resumed_T,-2.138211661411847e-05
10,PC4,ssl_resumed_n/a,0.00032753478795999216
10,PC4,ssl_established_F,-0.0002958536529478298
10,PC4,ssl_established_T,-3.1681135012166225e-05
10,PC4,ssl_established_n/a,0.0003275347879599896
10,PC4,http_trans_depth_1,0.00028112605462792244
10,PC4,http_trans_depth_10,2.469880862941867e-06
10,PC4,http_trans_depth_2,3.28705410706282e-05
10,PC4,http_trans_depth_6,2.469880856835142e-06
10,PC4,http_trans_depth_7,2.469880868370135e-06
10,PC4,http_trans_depth_8,2.469880858870718e-06
10,PC4,http_trans_depth_9,2.4698808554780683e-06
10,PC4,http_trans_depth_n/a,-0.00032634600000104656
10,PC4,http_method_GET,0.0003198327209560987
10,PC4,http_method_HEAD,2.5952958140073237e-06
10,PC4,http_method_POST,2.714792907278427e-05
10,PC4,http_method_n/a,-0.0003495759458428897
10,PC4,http_version_1.1,0.0003271901414432099
10,PC4,http_version_n/a,-0.0003271901414432095
10,PC4,weird_addl_43,6.867690739839964e-05
10,PC4,weird_addl_46,0.0060755208300916595
10,PC4,weird_addl_48,0.00044175025164624635
10,PC4,weird_addl_n/a,-0.006585947989136358
10,PC4,weird_notice_F,0.00595019599865515
10,PC4,weird_notice_n/a,-0.005950195998655154
10,PC5,duration,-4.8562401637468516e-05
10,PC5,src_bytes,-2.653194401376624e-05
10,PC5,dst_bytes,-3.1461326162759984e-05
10,PC5,missed_bytes,-6.175925843621144e-06
10,PC5,src_pkts,5.5881853109840396e-05
10,PC5,src_ip_bytes,2.2533033231700306e-05
10,PC5,dst_pkts,-1.589982671001966e-05
10,PC5,dst_ip_bytes,4.8437056518357835e-05
10,PC5,dns_qclass,0.016053899461708543
10,PC5,dns_qtype,0.03283391448692377
10,PC5,dns_rcode,-0.01865231675830084
10,PC5,http_request_body_len,2.2410296537905827e-05
10,PC5,http_response_body_len,6.278089880503226e-05
10,PC5,http_status_code,0.00043791194700285724
10,PC5,dns_query,0.07467075348399027
10,PC5,ssl_version,-0.0011371115827012552
10,PC5,ssl_cipher,-0.0011371115827012444
10,PC5,ssl_subject,-1.5179341530651236e-05
10,PC5,ssl_issuer,-1.517934153065122e-05
10,PC5,http_uri,0.0009309932012469264
10,PC5,http_user_agent,0.0009309932012469269
10,PC5,http_orig_mime_types,5.711224894639534e-05
10,PC5,http_resp_mime_types,0.0005699605656604419
10,PC5,weird_name,-0.01282096667406715
10,PC5,proto_icmp,-0.012073204371820922
10,PC5,proto_tcp,0.21515467596202031
10,PC5,proto_udp,-0.20308147159019924
10,PC5,service_dce_rpc,0.00011390028028980159
10,PC5,service_dhcp,-4.8126420948103285e-05
10,PC5,service_dns,-0.2653903532545581
10,PC5,service_ftp,-0.0012086728483334229
10,PC5,service_gssapi,0.000329896557096564
10,PC5,service_http,0.2503476418101437
10,PC5,service_n/a,0.018332295799388422
10,PC5,service_smb,-0.00023562106676806253
10,PC5,service_smb;gssapi,-4.4926921031112885e-05
10,PC5,service_ssl,-0.0021960339352788717
10,PC5,conn_state_OTH,0.18133534023817435
10,PC5,conn_state_REJ,-0.4446071505253971
10,PC5,conn_state_RSTO,-0.0023764335879398633
10,PC5,conn_state_RSTOS0,-0.00012076509224794958
10,PC5,conn_state_RSTR,0.0004738899081911586
10,PC5,conn_state_RSTRH,-0.003731664663992297
10,PC5,conn_state_S0,0.5956659520492038
10,PC5,conn_state_S1,-0.02750037144744741
10,PC5,conn_state_S2,0.0007273766892236173
10,PC5,conn_state_S3,0.0012473712155560463
10,PC5,conn_state_SF,0.08484566846671898
10,PC5,conn_state_SH,-0.032301029086733546
10,PC5,conn_state_SHR,-0.3536581841633105
10,PC5,dns_AA_F,0.11055544527891421
10,PC5,dns_AA_T,-0.04568845155160317
10,PC5,dns_AA_n/a,-0.064866993727311
10,PC5,dns_RD_F,0.00725500645462865
10,PC5,dns_RD_T,0.05761198727268242
10,PC5,dns_RD_n/a,-0.06486699372731099
10,PC5,dns_RA_F,0.09209570849014961
10,PC5,dns_RA_T,-0.02722871476283848
10,PC5,dns_RA_n/a,-0.06486699372731099
10,PC5,dns_rejected_F,0.08466742380566022
10,PC5,dns_rejected_T,-0.019800430078349144
10,PC5,dns_rejected_n/a,-0.06486699372731099
10,PC5,ssl_resumed_F,-0.001440384580933217
10,PC5,ssl_resumed_T,-8.560977520089157e-05
10,PC5,ssl_resumed_n/a,0.00152599435613411
10,PC5,ssl_established_F,-0.0014252052394025708
10,PC5,ssl_established_T,-0.00010078911673154256
10,PC5,ssl_established_n/a,0.001525994356134111
10,PC5,http_trans_depth_1,0.000688202188140259
10,PC5,http_trans_depth_10,5.717917690742729e-06
10,PC5,http_trans_depth_2,9.571292330610772e-05
10,PC5,http_trans_depth_6,5.717917664365767e-06
10,PC5,http_trans_depth_7,5.71791771418903e-06
10,PC5,http_trans_depth_8,5.717917673158034e-06
10,PC5,http_trans_depth_9,5.71791765850417e-06
10,PC5,http_trans_depth_n/a,-0.0008125046998473236
10,PC5,http_method_GET,0.0008551851443896459
10,PC5,http_method_HEAD,1.299183952824397e-05
10,PC5,http_method_POST,6.281621732903677e-05
10,PC5,http_method_n/a,-0.0009309932012469271
10,PC5,http_version_1.1,0.0007944172711180188
10,PC5,http_version_n/a,-0.0007944172711180188
10,PC5,weird_addl_43,-0.00015964047224614208
10,PC5,weird_addl_46,-0.012426171137574965
10,PC5,weird_addl_48,-0.0008350243653053089
10,PC5,weird_addl_n/a,0.013420835975126513
10,PC5,weird_notice_F,-0.012820966674067137
10,PC5,weird_notice_n/a,0.01282096667406714
10,PC6,duration,-8.309109464709439e-06
10,PC6,src_bytes,1.6673957762801395e-06
10,PC6,dst_bytes,3.7639143487672166e-06
10,PC6,missed_bytes,6.300000118426852e-07
10,PC6,src_pkts,-1.1515782171803157e-06
10,PC6,src_ip_bytes,-1.6055544907189745e-06
10,PC6,dst_pkts,1.473622454551543e-06
10,PC6,dst_ip_bytes,-5.524886049060318e-06
10,PC6,dns_qclass,-0.013242221151217412
10,PC6,dns_qtype,-0.06599618664224426
10,PC6,dns_rcode,0.06713706661952279
10,PC6,http_request_body_len,-1.683535955088189e-06
10,PC6,http_response_body_len,4.169050039137812e-06
10,PC6,http_status_code,-7.835533340924683e-06
10,PC6,dns_query,0.04466542944272295
10,PC6,ssl_version,0.00010648630946229242
10,PC6,ssl_cipher,0.00010648630946228765
10,PC6,ssl_subject,6.742662491734835e-06
10,PC6,ssl_issuer,6.742662491734692e-06
10,PC6,http_uri,-1.82689984926704e-05
10,PC6,http_user_agent,-1.82689984926699e-05
10,PC6,http_orig_mime_types,-4.290312583139427e-06
10,PC6,http_resp_mime_types,-3.194369622521756e-05
10,PC6,weird_name,-0.0026668651136078176
10,PC6,proto_icmp,-0.0035104708956367834
10,PC6,proto_tcp,0.03390180410111314
10,PC6,proto_udp,-0.030391333205476077
10,PC6,service_dce_rpc,9.83627097904274e-05
10,PC6,service_dhcp,-2.0094098078380488e-05
10,PC6,service_dns,0.06578039586252082
10,PC6,service_ftp,0.0005350628709916323
10,PC6,service_gssapi,0.0002800942745887702
10,PC6,service_http,-0.013196135276495765
10,PC6,service_n/a,-0.054489903383350184
10,PC6,service_smb,0.0001466628221569303
10,PC6,service_smb;gssapi,2.7959741130718707e-05
10,PC6,service_ssl,0.0008375944767446372
10,PC6,conn_state_OTH,-0.00282756308394581
10,PC6,conn_state_REJ,0.04930661082400439
10,PC6,conn_state_RSTO,0.0004432314950381651
10,PC6,conn_state_RSTOS0,5.465224536860967e-06
10,PC6,conn_state_RSTR,0.0019576546662214414
10,PC6,conn_state_RSTRH,0.00020284421696742483
10,PC6,conn_state_S0,-0.01467250015076363
10,PC6,conn_state_S1,0.0027228907235560297
10,PC6,conn_state_S2,0.0004694095030697819
10,PC6,conn_state_S3,0.0035919906029095363
10,PC6,conn_state_SF,-0.06145323557082618
10,PC6,conn_state_SH,0.0018634870082475702
10,PC6,conn_state_SHR,0.018389714540984918
10,PC6,dns_AA_F,0.3104575396981752
10,PC6,dns_AA_T,-0.26997394645803
10,PC6,dns_AA_n/a,-0.04048359324014553
10,PC6,dns_RD_F,-0.5580540515004281
10,PC6,dns_RD_T,0.5985376447405734
10,PC6,dns_RD_n/a,-0.04048359324014552
10,PC6,dns_RA_F,-0.19860696747645643
10,PC6,dns_RA_T,0.23909056071660167
10,PC6,dns_RA_n/a,-0.04048359324014551
10,PC6,dns_rejected_F,-0.1015051615245829
10,PC6,dns_rejected_T,0.1419887547647279
10,PC6,dns_rejected_n/a,-0.04048359324014552
10,PC6,ssl_resumed_F,0.00019330928124070001
10,PC6,ssl_resumed_T,3.27786084931641e-05
10,PC6,ssl_resumed_n/a,-0.00022608788973386924
10,PC6,ssl_established_F,0.00018656661874896124
10,PC6,ssl_established_T,3.952127098490406e-05
10,PC6,ssl_established_n/a,-0.00022608788973387745
10,PC6,http_trans_depth_1,-1.1257147180713503e-05
10,PC6,http_trans_depth_10,-4.2930784665582033e-07
10,PC6,http_trans_depth_2,1.887750041507733e-06
10,PC6,http_trans_depth_6,-4.2930784858889267e-07
10,PC6,http_trans_depth_7,-4.2930784493754057e-07
10,PC6,http_trans_depth_8,-4.2930784794452966e-07
10,PC6,http_trans_depth_9,-4.2930784901846183e-07
10,PC6,http_trans_depth_n/a,1.151593637635131e-05
10,PC6,http_method_GET,-1.5734991608983895e-05
10,PC6,http_method_HEAD,2.1848000724322126e-06
10,PC6,http_method_POST,-4.7188069561195475e-06
10,PC6,http_method_n/a,1.8268998492670346e-05
10,PC6,http_version_1.1,-1.6334278456011568e-05
10,PC6,http_version_n/a,1.6334278456010697e-05
10,PC6,weird_addl_43,-6.437848047547149e-05
10,PC6,weird_addl_46,-0.003210697900969457
10,PC6,weird_addl_48,-6.477321878071141e-08
10,PC6,weird_addl_n/a,0.0032751411546637224
10,PC6,weird_notice_F,-0.002666865113607793
10,PC6,weird_notice_n/a,0.0026668651136077925
10,PC7,duration,5.300641496906177e-06
10,PC7,src_bytes,-2.8131852992950394e-05
10,PC7,dst_bytes,-6.226231241325975e-05
10,PC7,missed_bytes,-1.1033329824832079e-05
10,PC7,src_pkts,1.331547804157493e-05
10,PC7,src_ip_bytes,4.91531717126438e-06
10,PC7,dst_pkts,-3.0079735952409387e-05
10,PC7,dst_ip_bytes,-5.654298055927237e-05
10,PC7,dns_qclass,-0.03475952487198054
10,PC7,dns_qtype,-0.06762948712636661
10,PC7,dns_rcode,0.06392524380831724
10,PC7,http_request_body_len,-3.893985633016649e-06
10,PC7,http_response_body_len,-0.0001483657773160285
10,PC7,http_status_code,-0.0005863405573588443
10,PC7,dns_query,0.04848045077876856
10,PC7,ssl_version,-0.0016933273846658908
10,PC7,ssl_cipher,-0.0016933273846658882
10,PC7,ssl_subject,-7.474738759026761e-05
10,PC7,ssl_issuer,-7.474738759026721e-05
10,PC7,http_uri,-0.0009869397440541098
10,PC7,http_user_agent,-0.0009869397440541061
10,PC7,http_orig_mime_types,-9.951574772263884e-06
10,PC7,http_resp_mime_types,-0.0004082093490103663
10,PC7,weird_name,-0.013702480299553323
10,PC7,proto_icmp,0.035521836059172925
10,PC7,proto_tcp,-0.23281705523416305
10,PC7,proto_udp,0.19729521917499027
10,PC7,service_dce_rpc,-0.0011769033609408247
10,PC7,service_dhcp,-0.00021477833792845133
10,PC7,service_dns,-0.31113856166584636
10,PC7,service_ftp,-0.004758960622647048
10,PC7,service_gssapi,-0.00339445413189773
10,PC7,service_http,-0.1260524295483816
10,PC7,service_n/a,0.45553569460913124
10,PC7,service_smb,-0.001766105918860973
10,PC7,service_smb;gssapi,-0.0003364023350004805
10,PC7,service_ssl,-0.006697098687626643
10,PC7,conn_state_OTH,0.007117385886159603
10,PC7,conn_state_REJ,0.09656194276533969
10,PC7,conn_state_RSTO,-0.0053115154153409
10,PC7,conn_state_RSTOS0,-5.444437363408753e-05
10,PC7,conn_state_RSTR,-0.03045743992204044
10,PC7,conn_state_RSTRH,-0.0015711930352484884
10,PC7,conn_state_S0,-0.1543523778484662
10,PC7,conn_state_S1,-0.03824295529609325
10,PC7,conn_state_S2,-0.008605868948370694
10,PC7,conn_state_S3,-0.06639532618379562
10,PC7,conn_state_SF,0.5870680941114599
10,PC7,conn_state_SH,-0.01789832547020694
10,PC7,conn_state_SHR,-0.36785797626976335
10,PC7,dns_AA_F,-0.04641423924086273
10,PC7,dns_AA_T,0.0749595726707114
10,PC7,dns_AA_n/a,-0.028545333429848694
10,PC7,dns_RD_F,-0.022795004204220034
10,PC7,dns_RD_T,0.05134033763406856
10,PC7,dns_RD_n/a,-0.02854533342984869
10,PC7,dns_RA_F,-0.10885039755590023
10,PC7,dns_RA_T,0.1373957309857487
10,PC7,dns_RA_n/a,-0.0285453334298487
10,PC7,dns_rejected_F,-0.04277645798771554
10,PC7,dns_rejected_T,0.07132179141756353
10,PC7,dns_rejected_n/a,-0.02854533342984869
10,PC7,ssl_resumed_F,-0.0021851107152146758
10,PC7,ssl_resumed_T,-0.0002749017478528977
10,PC7,ssl_resumed_n/a,0.00246001246306759
10,PC7,ssl_established_F,-0.002110363327624415
10,PC7,ssl_established_T,-0.0003496491354431698
10,PC7,ssl_established_n/a,0.002460012463067587
10,PC7,http_trans_depth_1,-0.000994139342512032
10,PC7,http_trans_depth_10,-9.966187293708098e-07
10,PC7,http_trans_depth_2,-0.00015692509650069755
10,PC7,http_trans_depth_6,-9.966186304746817e-07
10,PC7,http_trans_depth_7,-9.966188172787525e-07
10,PC7,http_trans_depth_8,-9.966186634400666e-07
10,PC7,http_trans_depth_9,-9.966186084975944e-07
10,PC7,http_trans_depth_n/a,0.0011560475324617855
10,PC7,http_method_GET,-0.0009236852695441101
10,PC7,http_method_HEAD,-5.231331936501913e-05
10,PC7,http_method_POST,-1.0941155144981876e-05
10,PC7,http_method_n/a,0.0009869397440541083
10,PC7,http_version_1.1,-0.0010532024788781629
10,PC7,http_version_n/a,0.0010532024788781629
10,PC7,weird_addl_43,-0.00016833767663259133
10,PC7,weird_addl_46,-0.011215267223026256
10,PC7,weird_addl_48,-0.0008327066266925533
10,PC7,weird_addl_n/a,0.012216311526351468
10,PC7,weird_notice_F,-0.013702480299553298
10,PC7,weird_notice_n/a,0.013702480299553291
10,PC8,duration,-0.00028161177760477774
10,PC8,src_bytes,-0.00019683346603130425
10,PC8,dst_bytes,-0.00020040672827370543
10,PC8,missed_bytes,-6.161389354059077e-05
10,PC8,src_pkts,2.6215621901526376e-05
10,PC8,src_ip_bytes,-1.0553486116116062e-06
10,PC8,dst_pkts,-5.551825669503074e-05
10,PC8,dst_ip_bytes,-1.8526358863679704e-06
10,PC8,dns_qclass,0.015944633262645058
10,PC8,dns_qtype,0.02765418459369373
10,PC8,dns_rcode,-0.020966477191524974
10,PC8,http_request_body_len,2.521999012887466e-05
10,PC8,http_response_body_len,9.526426320985784e-05
10,PC8,http_status_code,0.0004898696615819598
10,PC8,dns_query,-0.014459592428914605
10,PC8,ssl_version,-0.003751208323231607
10,PC8,ssl_cipher,-0.0037512083232315685
10,PC8,ssl_subject,-0.000129262019665179
10,PC8,ssl_issuer,-0.00012926201966517956
10,PC8,http_uri,0.0010896649140303926
10,PC8,http_user_agent,0.001089664914030393
10,PC8,http_orig_mime_types,6.431975728676032e-05
10,PC8,http_resp_mime_types,0.0006015143645410082
10,PC8,weird_name,-0.006338164536693077
10,PC8,proto_icmp,0.04330396132000964
10,PC8,proto_tcp,-0.11986821596918826
10,PC8,proto_udp,0.07656425464917871
10,PC8,service_dce_rpc,0.0007423476177960252
10,PC8,service_dhcp,0.0003646413910293888
10,PC8,service_dns,-0.08832213531152669
10,PC8,service_ftp,-0.007473828725026754
10,PC8,service_gssapi,0.0022243172977205092
10,PC8,service_http,0.2745867529324994
10,PC8,service_n/a,-0.16364267518073253
10,PC8,service_smb,-0.00062028538094952
10,PC8,service_smb;gssapi,-0.00011799793126443482
10,PC8,service_ssl,-0.017741136709545035
10,PC8,conn_state_OTH,0.3313548463657487
10,PC8,conn_state_REJ,0.5907044144370085
10,PC8,conn_state_RSTO,-0.017014514589579467
10,PC8,conn_state_RSTOS0,-0.0008585301685807003
10,PC8,conn_state_RSTR,-0.002341512438252037
10,PC8,conn_state_RSTRH,-0.02876678900143356
10,PC8,conn_state_S0,0.14461648158637583
10,PC8,conn_state_S1,-0.3892495802442171
10,PC8,conn_state_S2,-0.00039187090282585493
10,PC8,conn_state_S3,-0.03332596884652004
10,PC8,conn_state_SF,-0.04821987951487372
10,PC8,conn_state_SH,-0.4484365581424837
10,PC8,conn_state_SHR,-0.09807053854036593
10,PC8,dns_AA_F,0.057649690079346894
10,PC8,dns_AA_T,-0.0744363365581164
10,PC8,dns_AA_n/a,0.01678664647876927
10,PC8,dns_RD_F,0.006373632953000362
10,PC8,dns_RD_T,-0.02316027943176944
10,PC8,dns_RD_n/a,0.016786646478769287
10,PC8,dns_RA_F,0.053142505772884686
10,PC8,dns_RA_T,-0.06992915225165365
10,PC8,dns_RA_n/a,0.016786646478769287
10,PC8,dns_rejected_F,0.009445635999894172
10,PC8,dns_rejected_T,-0.026232282478663212
10,PC8,dns_rejected_n/a,0.016786646478769287
10,PC8,ssl_resumed_F,-0.006404914079574409
10,PC8,ssl_resumed_T,-0.0006448752140067701
10,PC8,ssl_resumed_n/a,0.007049789293581177
10,PC8,ssl_established_F,-0.006275652059909227
10,PC8,ssl_established_T,-0.0007741372336719482
10,PC8,ssl_established_n/a,0.007049789293581176
10,PC8,http_trans_depth_1,0.0006889458729880118
10,PC8,http_trans_depth_10,6.455043468989059e-06
10,PC8,http_trans_depth_2,0.00013300882684688623
10,PC8,http_trans_depth_6,6.455043376376333e-06
10,PC8,http_trans_depth_7,6.45504355131157e-06
10,PC8,http_trans_depth_8,6.4550434072472045e-06
10,PC8,http_trans_depth_9,6.455043355795657e-06
10,PC8,http_trans_depth_n/a,-0.0008542299169946167
10,PC8,http_method_GET,0.0009962691909392238
10,PC8,http_method_HEAD,2.266179786030836e-05
10,PC8,http_method_POST,7.073392523086042e-05
10,PC8,http_method_n/a,-0.0010896649140303928
10,PC8,http_version_1.1,0.0008795925015390465
10,PC8,http_version_n/a,-0.0008795925015390462
10,PC8,weird_addl_43,-6.485014349564557e-05
10,PC8,weird_addl_46,-0.004616297369994279
10,PC8,weird_addl_48,-0.00023166712728605853
10,PC8,weird_addl_n/a,0.004912814640775997
10,PC8,weird_notice_F,-0.006338164536693079
10,PC8,weird_notice_n/a,0.006338164536693073
10,PC9,duration,-8.802789333120056e-05
10,PC9,src_bytes,-1.8416217108720156e-05
10,PC9,dst_bytes,-1.4829520648948491e-05
10,PC9,missed_bytes,-6.353503873079286e-06
10,PC9,src_pkts,2.6316681394494834e-06
10,PC9,src_ip_bytes,7.803773433984196e-07
10,PC9,dst_pkts,-5.337026932478173e-06
10,PC9,dst_ip_bytes,-7.563213836932897e-06
10,PC9,dns_qclass,-0.018667399307603777
10,PC9,dns_qtype,0.03567437702134186
10,PC9,dns_rcode,-0.19412970910008465
10,PC9,http_request_body_len,-1.8489111981989659e-06
10,PC9,http_response_body_len,1.310046266594922e-05
10,PC9,http_status_code,-1.7942511060242694e-07
10,PC9,dns_query,0.08631004965733591
10,PC9,ssl_version,-3.78930232277086e-05
10,PC9,ssl_cipher,-3.789302322772248e-05
10,PC9,ssl_subject,3.755063305604933e-06
10,PC9,ssl_issuer,3.75506330562575e-06
10,PC9,http_uri,1.5500326370326053e-05
10,PC9,http_user_agent,1.550032637032196e-05
10,PC9,http_orig_mime_types,-4.7172950504676284e-06
10,PC9,http_resp_mime_types,-3.7610311578762344e-05
10,PC9,weird_name,0.01206631138065688
10,PC9,proto_icmp,-0.018400159046103273
10,PC9,proto_tcp,0.065120126780045
10,PC9,proto_udp,-0.04671996773394192
10,PC9,service_dce_rpc,0.0004005466300901159
10,PC9,service_dhcp,5.608062183545613e-05
10,PC9,service_dns,0.08242183822153847
10,PC9,service_ftp,0.0015450251598237766
10,PC9,service_gssapi,0.001139997673577135
10,PC9,service_http,-0.010578105711306818
10,PC9,service_n/a,-0.07764027677682996
10,PC9,service_smb,0.000349541016226914
10,PC9,service_smb;gssapi,6.64321371787599e-05
10,PC9,service_ssl,0.002238921027865933
10,PC9,conn_state_OTH,0.03613112407275858
10,PC9,conn_state_REJ,0.04453801005731348
10,PC9,conn_state_RSTO,-0.0009988383178922624
10,PC9,conn_state_RSTOS0,-8.469581015963105e-05
10,PC9,conn_state_RSTR,0.004249069788173809
10,PC9,conn_state_RSTRH,-0.0032632426384981475
10,PC9,conn_state_S0,0.10546060021320625
10,PC9,conn_state_S1,-0.060099202029574104
10,PC9,conn_state_S2,0.00067619797615069
10,PC9,conn_state_S3,0.003022539531523825
10,PC9,conn_state_SF,-0.048172793585398097
10,PC9,conn_state_SH,-0.07723303624093095
10,PC9,conn_state_SHR,-0.004225733016673107
10,PC9,dns_AA_F,-0.5099343423231961
10,PC9,dns_AA_T,0.5720772190693038
10,PC9,dns_AA_n/a,-0.06214287674610747
10,PC9,dns_RD_F,-0.16968653899685954
10,PC9,dns_RD_T,0.23182941574296695
10,PC9,dns_RD_n/a,-0.062142876746107474
10,PC9,dns_RA_F,-0.22503025173518984
10,PC9,dns_RA_T,0.28717312848129695
10,PC9,dns_RA_n/a,-0.06214287674610749
10,PC9,dns_rejected_F,0.2386484867687955
10,PC9,dns_rejected_T,-0.17650561002268858
10,PC9,dns_rejected_n/a,-0.06214287674610749
10,PC9,ssl_resumed_F,0.00028506418895206354
10,PC9,ssl_resumed_T,9.570516709507243e-05
10,PC9,ssl_resumed_n/a,-0.0003807693560471397
10,PC9,ssl_established_F,0.0002813091256464618
10,PC9,ssl_established_T,9.946023040069028e-05
10,PC9,ssl_established_n/a,-0.0003807693560471387
10,PC9,http_trans_depth_1,-1.5793227720369172e-05
10,PC9,http_trans_depth_10,-4.702011884178185e-07
10,PC9,http_trans_depth_2,1.0774800662502414e-05
10,PC9,http_trans_depth_6,-4.702012040309733e-07
10,PC9,http_trans_depth_7,-4.702011745395498e-07
10,PC9,http_trans_depth_8,-4.702011988265962e-07
10,PC9,http_trans_depth_9,-4.7020120750057455e-07
10,PC9,http_trans_depth_n/a,7.369433031177404e-06
10,PC9,http_method_GET,1.4902205790707943e-05
10,PC9,http_method_HEAD,5.785475865340497e-06
10,PC9,http_method_POST,-5.18735528572496e-06
10,PC9,http_method_n/a,-1.5500326370322367e-05
10,PC9,http_version_1.1,-6.100613054126206e-06
10,PC9,http_version_n/a,6.100613054127969e-06
10,PC9,weird_addl_43,0.0001856638439441438
10,PC9,weird_addl_46,0.010529267860108289
10,PC9,weird_addl_48,0.0002359531772872746
10,PC9,weird_addl_n/a,-0.010950884881339773
10,PC9,weird_notice_F,0.012066311380656872
10,PC9,weird_notice_n/a,-0.012066311380656865
10,PC10,duration,-3.985509443558971e-05
10,PC10,src_bytes,-5.615545240957032e-06
10,PC10,dst_bytes,-6.871182037342105e-06
10,PC10,missed_bytes,-2.6714135134518757e-06
10,PC10,src_pkts,1.5099175260692432e-06
10,PC10,src_ip_bytes,1.3928836183271787e-06
10,PC10,dst_pkts,-7.925156314120274e-07
10,PC10,dst_ip_bytes,-1.0441009094109069e-05
10,PC10,dns_qclass,-0.02190804314496204
10,PC10,dns_qtype,-0.0010434668132778893
10,PC10,dns_rcode,0.24871367449339882
10,PC10,http_request_body_len,-2.026402835864083e-06
10,PC10,http_response_body_len,-9.460746357561889e-06
10,PC10,http_status_code,-6.32765862760426e-05
10,PC10,dns_query,0.0417146153933205
10,PC10,ssl_version,0.00014031255785404428
10,PC10,ssl_cipher,0.00014031255785396102
10,PC10,ssl_subject,3.484118496155375e-06
10,PC10,ssl_issuer,3.4841184962386418e-06
10,PC10,http_uri,-0.00011542359481747644
10,PC10,http_user_agent,-0.0001154235948174708
10,PC10,http_orig_mime_types,-5.174763210542984e-06
10,PC10,http_resp_mime_types,-6.880395717038128e-05
10,PC10,weird_name,0.006837845462885423
10,PC10,proto_icmp,-0.010845417452830837
10,PC10,proto_tcp,0.03033171467169811
10,PC10,proto_udp,-0.019486297218867195
10,PC10,service_dce_rpc,0.0001137079007825903
10,PC10,service_dhcp,-6.7335677813887205e-06
10,PC10,service_dns,0.0373761153351585
10,PC10,service_ftp,0.0011515492012575488
10,PC10,service_gssapi,0.0003080584401271856
10,PC10,service_http,-0.024038767305408073
10,PC10,service_n/a,-0.01724830054028773
10,PC10,service_smb,9.09323414696291e-05
10,PC10,service_smb;gssapi,1.7269664498360247e-05
10,PC10,service_ssl,0.002236168530183383
10,PC10,conn_state_OTH,0.007872529986786123
10,PC10,conn_state_REJ,0.006901133906507061
10,PC10,conn_state_RSTO,-0.00018587766380857816
10,PC10,conn_state_RSTOS0,-1.1813534886763991e-05
10,PC10,conn_state_RSTR,-0.00012820226985896317
10,PC10,conn_state_RSTRH,-0.000642512413106481
10,PC10,conn_state_S0,0.04170883052489416
10,PC10,conn_state_S1,-0.023666444677204596
10,PC10,conn_state_S2,-0.0003829490760008486
10,PC10,conn_state_S3,-0.004052234808507581
10,PC10,conn_state_SF,0.005513628335262413
10,PC10,conn_state_SH,-0.02669263453658783
10,PC10,conn_state_SHR,-0.006233453773488108
10,PC10,dns_AA_F,-0.2765912514705305
10,PC10,dns_AA_T,0.31675820209327643
10,PC10,dns_AA_n/a,-0.040166950622746105
10,PC10,dns_RD_F,-0.15921462998861957
10,PC10,dns_RD_T,0.19938158061136577
10,PC10,dns_RD_n/a,-0.040166950622746105
10,PC10,dns_RA_F,0.41453786381778945
10,PC10,dns_RA_T,-0.3743709131950431
10,PC10,dns_RA_n/a,-0.040166950622746105
10,PC10,dns_rejected_F,-0.40864093107427635
10,PC10,dns_rejected_T,0.4488078816970226
10,PC10,dns_rejected_n/a,-0.040166950622746105
10,PC10,ssl_resumed_F,0.000545646440829416
10,PC10,ssl_resumed_T,9.051633065279097e-05
10,PC10,ssl_resumed_n/a,-0.0006361627714822089
10,PC10,ssl_established_F,0.0005421623223331989
10,PC10,ssl_established_T,9.400044914899134e-05
10,PC10,ssl_established_n/a,-0.0006361627714822021
10,PC10,http_trans_depth_1,-0.00011001313290028277
10,PC10,http_trans_depth_10,-5.184459700293362e-07
10,PC10,http_trans_depth_2,-1.252277647627712e-05
10,PC10,http_trans_depth_6,-5.18445957132986e-07
10,PC10,http_trans_depth_7,-5.18445981492762e-07
10,PC10,http_trans_depth_8,-5.184459614317967e-07
10,PC10,http_trans_depth_9,-5.184459542671611e-07
10,PC10,http_trans_depth_n/a,0.00012512813920091906
10,PC10,http_method_GET,-0.00010698495367415377
10,PC10,http_method_HEAD,-2.748983554652194e-06
10,PC10,http_method_POST,-5.68965758867522e-06
10,PC10,http_method_n/a,0.00011542359481747099
10,PC10,http_version_1.1,-0.00011491300292205743
10,PC10,http_version_n/a,0.00011491300292205628
10,PC10,weird_addl_43,9.962695571614653e-05
10,PC10,weird_addl_46,0.005757978934363206
10,PC10,weird_addl_48,0.0001095226283548162
10,PC10,weird_addl_n/a,-0.005967128518434186
10,PC10,weird_notice_F,0.006837845462885442
10,PC10,weird_notice_n/a,-0.006837845462885452
33,PC1,duration,-3.383402868329472e-05
33,PC1,src_bytes,-1.3156741360043078e-05
33,PC1,dst_bytes,-1.3509780265041904e-05
33,PC1,missed_bytes,-3.9194132448808205e-06
33,PC1,src_pkts,-2.7535701781365848e-05
33,PC1,src_ip_bytes,-1.67164975094151e-05
33,PC1,dst_pkts,-1.0579060893145383e-05
33,PC1,dst_ip_bytes,-1.899732146799449e-05
33,PC1,dns_qclass,0.006541155859231469
33,PC1,dns_qtype,0.028383358615869044
33,PC1,dns_rcode,0.026156907782616274
33,PC1,http_request_body_len,-2.2766848982236724e-06
33,PC1,http_response_body_len,-9.228417912972334e-06
33,PC1,http_status_code,-6.531106067362926e-05
33,PC1,dns_query,0.2812492374150176
33,PC1,ssl_version,-0.0001939420276569071
33,PC1,ssl_cipher,-0.0001939420276569075
33,PC1,ssl_subject,-4.351655580625092e-06
33,PC1,ssl_issuer,-4.351655580625092e-06
33,PC1,http_uri,-0.00011129518958761717
33,PC1,http_user_agent,-0.00011129518958761717
33,PC1,http_orig_mime_types,-5.798667264595216e-06
33,PC1,http_resp_mime_types,-7.552984411031417e-05
33,PC1,weird_name,0.0009051340672469665
33,PC1,proto_icmp,-0.0036667033501436865
33,PC1,proto_tcp,-0.27450590502330063
33,PC1,proto_udp,0.2781726083734441
33,PC1,service_dce_rpc,-6.888038200664701e-05
33,PC1,service_dhcp,6.217476513376599e-06
33,PC1,service_dns,0.2906307953647016
33,PC1,service_ftp,-0.000539168190958113
33,PC1,service_gssapi,-0.00018897783397887563
33,PC1,service_http,-0.02793597006991057
33,PC1,service_n/a,-0.260836853180844
33,PC1,service_smb,-7.133703059085737e-05
33,PC1,service_smb;gssapi,-1.3624597359959011e-05
33,PC1,service_ssl,-0.0009822015555661172
33,PC1,conn_state_OTH,-0.14157631971078474
33,PC1,conn_state_REJ,-0.04379163576043283
33,PC1,conn_state_RSTO,-0.0013152313387436304
33,PC1,conn_state_RSTOS0,-6.456838901129206e-05
33,PC1,conn_state_RSTR,-0.0014319567234230132
33,PC1,conn_state_RSTRH,-0.00198525631701537
33,PC1,conn_state_S0,0.04819014156472194
33,PC1,conn_state_S1,-0.012869237172268368
33,PC1,conn_state_S2,-0.0005494847377889522
33,PC1,conn_state_S3,-0.005033716103795372
33,PC1,conn_state_SF,0.1652058754796662
33,PC1,conn_state_SH,-0.013420623265220762
33,PC1,conn_state_SHR,0.00864201247409615
33,PC1,dns_AA_F,0.23707215711772975
33,PC1,dns_AA_T,0.04667559896191422
33,PC1,dns_AA_n/a,-0.2837477560796436
33,PC1,dns_RD_F,0.19494465972830272
33,PC1,dns_RD_T,0.08880309635134066
33,PC1,dns_RD_n/a,-0.2837477560796436
33,PC1,dns_RA_F,0.253964295133491
33,PC1,dns_RA_T,0.0297834609461523
33,PC1,dns_RA_n/a,-0.2837477560796436
33,PC1,dns_rejected_F,0.26298632251114495
33,PC1,dns_rejected_T,0.02076143356849811
33,PC1,dns_rejected_n/a,-0.2837477560796436
33,PC1,ssl_resumed_F,-0.0003308890233371043
33,PC1,ssl_resumed_T,-3.5986342677645324e-05
33,PC1,ssl_resumed_n/a,0.00036687536601474825
33,PC1,ssl_established_F,-0.0003265373677564761
33,PC1,ssl_established_T,-4.033799825826999e-05
33,PC1,ssl_established_n/a,0.00036687536601475004
33,PC1,http_trans_depth_1,-0.00010903290138682415
33,PC1,http_trans_depth_10,-5.798837938237392e-07
33,PC1,http_trans_depth_2,-1.2623192215358895e-05
33,PC1,http_trans_depth_6,-5.798837935690418e-07
33,PC1,http_trans_depth_7,-5.798837940501504e-07
33,PC1,http_trans_depth_8,-5.79883793653937e-07
33,PC1,http_trans_depth_9,-5.79883793512441e-07
33,PC1,http_trans_depth_n/a,0.00012455551257079187
33,PC1,http_method_GET,-0.00010263572900357804
33,PC1,http_method_HEAD,-2.2809850294992608e-06
33,PC1,http_method_POST,-6.378475554539825e-06
33,PC1,http_method_n/a,0.00011129518958761713
33,PC1,http_version_1.1,-0.00012052538620413257
33,PC1,http_version_n/a,0.00012052538620413255
33,PC1,weird_addl_43,1.478498355863599e-05
33,PC1,weird_addl_46,0.0008749188834158808
33,PC1,weird_addl_48,2.4809687764893843e-05
33,PC1,weird_addl_n/a,-0.0009145135547394205
33,PC1,weird_notice_F,0.0009051340672469585
33,PC1,weird_notice_n/a,-0.0009051340672469585
33,PC2,duration,5.298091436059139e-06
33,PC2,src_bytes,-7.20692665592132e-06
33,PC2,dst_bytes,-5.736756329904197e-06
33,PC2,missed_bytes,-1.9882127281767303e-06
33,PC2,src_pkts,-2.012017213542938e-05
33,PC2,src_ip_bytes,-2.825923900995342e-06
33,PC2,dst_pkts,-1.1930005931581888e-05
33,PC2,dst_ip_bytes,-0.00010771755903321578
33,PC2,dns_qclass,0.005763417119688034
33,PC2,dns_qtype,0.009222611837002884
33,PC2,dns_rcode,-0.01335692499019698
33,PC2,http_request_body_len,-3.247250736504966e-05
33,PC2,http_response_body_len,-9.081981831798362e-05
33,PC2,http_status_code,-0.000719377110651453
33,PC2,dns_query,-0.02581235846989491
33,PC2,ssl_version,-0.000601136330393459
33,PC2,ssl_cipher,-0.0006011363303934554
33,PC2,ssl_subject,-2.2909650918961334e-05
33,PC2,ssl_issuer,-2.2909650918961334e-05
33,PC2,http_uri,-0.0013513069475379197
33,PC2,http_user_agent,-0.0013513069475379195
33,PC2,http_orig_mime_types,-8.2718138685356e-05
33,PC2,http_resp_mime_types,-0.0009195634121712088
33,PC2,weird_name,0.0007907355107195409
33,PC2,proto_icmp,0.008065661881376083
33,PC2,proto_tcp,-0.35645714087791885
33,PC2,proto_udp,0.34839147899654244
33,PC2,service_dce_rpc,-0.000195347096383696
33,PC2,service_dhcp,0.0001510678854115164
33,PC2,service_dns,0.0013091450789360125
33,PC2,service_ftp,-0.0038291585416026595
33,PC2,service_gssapi,-0.00048779132807176957
33,PC2,service_http,-0.3697968508944853
33,PC2,service_n/a,0.38067100791096836
33,PC2,service_smb,-0.0002402390892117399
33,PC2,service_smb;gssapi,-4.58667673365539e-05
33,PC2,service_ssl,-0.007535967158224013
33,PC2,conn_state_OTH,0.0021865803064505095
33,PC2,conn_state_REJ,-0.007618783692344404
33,PC2,conn_state_RSTO,-0.0008687253486947735
33,PC2,conn_state_RSTOS0,-9.15552420316138e-06
33,PC2,conn_state_RSTR,-0.005446445521366151
33,PC2,conn_state_RSTRH,-0.0002857821985210604
33,PC2,conn_state_S0,0.4843264255999661
33,PC2,conn_state_S1,-0.0048997693428451386
33,PC2,conn_state_S2,-0.0018118792884269795
33,PC2,conn_state_S3,-0.011772978322149312
33,PC2,conn_state_SF,-0.47808140910507174
33,PC2,conn_state_SH,-0.0021581871547626777
33,PC2,conn_state_SHR,0.026440109591967242
33,PC2,dns_AA_F,-0.007342383080708246
33,PC2,dns_AA_T,-0.017803293835856136
33,PC2,dns_AA_n/a,0.025145676916564306
33,PC2,dns_RD_F,-0.03246888902080656
33,PC2,dns_RD_T,0.00732321210424224
33,PC2,dns_RD_n/a,0.02514567691656429
33,PC2,dns_RA_F,-0.009197944091269486
33,PC2,dns_RA_T,-0.01594773282529482
33,PC2,dns_RA_n/a,0.02514567691656429
33,PC2,dns_rejected_F,-0.014476257732542887
33,PC2,dns_rejected_T,-0.010669419184021332
33,PC2,dns_rejected_n/a,0.02514567691656429
33,PC2,ssl_resumed_F,-0.0017632098261615564
33,PC2,ssl_resumed_T,-0.0002730614996563952
33,PC2,ssl_resumed_n/a,0.0020362713258179556
33,PC2,ssl_established_F,-0.0017403001752425967
33,PC2,ssl_established_T,-0.00029597115057535575
33,PC2,ssl_established_n/a,0.002036271325817955
33,PC2,http_trans_depth_1,-0.0011719573104147208
33,PC2,http_trans_depth_10,-8.273514570674892e-06
33,PC2,http_trans_depth_2,-0.00013842673292345853
33,PC2,http_trans_depth_6,-8.27351456048419e-06
33,PC2,http_trans_depth_7,-8.273514579733542e-06
33,PC2,http_trans_depth_8,-8.273514563881046e-06
33,PC2,http_trans_depth_9,-8.273514558219444e-06
33,PC2,http_trans_depth_n/a,0.0013517516161711681
33,PC2,http_method_GET,-0.0012416550049848764
33,PC2,http_method_HEAD,-1.8665034182878047e-05
33,PC2,http_method_POST,-9.098690837016656e-05
33,PC2,http_method_n/a,0.0013513069475379195
33,PC2,http_version_1.1,-0.0013228012404881255
33,PC2,http_version_n/a,0.001322801240488126
33,PC2,weird_addl_43,7.803256427576272e-06
33,PC2,weird_addl_46,0.0004807596586554716
33,PC2,weird_addl_48,5.518683818367776e-05
33,PC2,weird_addl_n/a,-0.0005437497532667359
33,PC2,weird_notice_F,0.0007907355107195435
33,PC2,weird_notice_n/a,-0.0007907355107195364
33,PC3,duration,5.25260621939523e-05
33,PC3,src_bytes,2.208252178809156e-06
33,PC3,dst_bytes,1.919256966631533e-06
33,PC3,missed_bytes,4.1476226930736715e-07
33,PC3,src_pkts,5.4652541629035545e-05
33,PC3,src_ip_bytes,5.3878058736245293e-05
33,PC3,dst_pkts,1.4701065829986204e-05
33,PC3,dst_ip_bytes,-5.172547610354447e-05
33,PC3,dns_qclass,0.0032674540355263192
33,PC3,dns_qtype,0.014442314084793321
33,PC3,dns_rcode,0.012633796102096626
33,PC3,http_request_body_len,-2.935829103580449e-05
33,PC3,http_response_body_len,-8.582096048206858e-05
33,PC3,http_status_code,-0.0006624468459218046
33,PC3,dns_query,0.1370872893441509
33,PC3,ssl_version,-0.0004412838217760641
33,PC3,ssl_cipher,-0.0004412838217760612
33,PC3,ssl_subject,-1.738621009922625e-05
33,PC3,ssl_issuer,-1.7386210099226248e-05
33,PC3,http_uri,-0.0012438060528461668
33,PC3,http_user_agent,-0.0012438060528461668
33,PC3,http_orig_mime_types,-7.479137705220476e-05
33,PC3,http_resp_mime_types,-0.0008380214559145257
33,PC3,weird_name,-0.0026017043225079832
33,PC3,proto_icmp,0.015539496591230908
33,PC3,proto_tcp,0.2249588114524568
33,PC3,proto_udp,-0.24049830804368724
33,PC3,service_dce_rpc,0.00021584208160034505
33,PC3,service_dhcp,-0.0003194499315012691
33,PC3,service_dns,0.058988792017602654
33,PC3,service_ftp,-0.002877175867573432
33,PC3,service_gssapi,0.000660066227980106
33,PC3,service_http,-0.33568045415710257
33,PC3,service_n/a,0.2848879454672137
33,PC3,service_smb,-0.00018932990035510294
33,PC3,service_smb;gssapi,-3.613990732510215e-05
33,PC3,service_ssl,-0.005650096030540014
33,PC3,conn_state_OTH,0.6084536324016306
33,PC3,conn_state_REJ,0.02834536356798297
33,PC3,conn_state_RSTO,-8.173545590726302e-05
33,PC3,conn_state_RSTOS0,3.000100760018137e-05
33,PC3,conn_state_RSTR,-0.005017295933727926
33,PC3,conn_state_RSTRH,0.0009422947850195412
33,PC3,conn_state_S0,-0.32017874209616487
33,PC3,conn_state_S1,0.0031609552549369023
33,PC3,conn_state_S2,-0.0016972944976857817
33,PC3,conn_state_S3,-0.010106081674504469
33,PC3,conn_state_SF,-0.23535586012670015
33,PC3,conn_state_SH,0.006718846517902581
33,PC3,conn_state_SHR,-0.0752140837503817
33,PC3,dns_AA_F,0.11692128878412288
33,PC3,dns_AA_T,0.022101743281881622
33,PC3,dns_AA_n/a,-0.13902303206600433
33,PC3,dns_RD_F,0.11255138755249806
33,PC3,dns_RD_T,0.026471644513506143
33,PC3,dns_RD_n/a,-0.13902303206600433
33,PC3,dns_RA_F,0.13136407481074028
33,PC3,dns_RA_T,0.007658957255263881
33,PC3,dns_RA_n/a,-0.13902303206600433
33,PC3,dns_rejected_F,0.13331072273318156
33,PC3,dns_rejected_T,0.005712309332822534
33,PC3,dns_rejected_n/a,-0.13902303206600433
33,PC3,ssl_resumed_F,-0.0013129301022323547
33,PC3,ssl_resumed_T,-0.00020566076832992503
33,PC3,ssl_resumed_n/a,0.0015185908705622785
33,PC3,ssl_established_F,-0.0012955438921331262
33,PC3,ssl_established_T,-0.00022304697842915453
33,PC3,ssl_established_n/a,0.0015185908705622805
33,PC3,http_trans_depth_1,-0.0010794346120892204
33,PC3,http_trans_depth_10,-7.481350376233675e-06
33,PC3,http_trans_depth_2,-0.0001289445691678055
33,PC3,http_trans_depth_6,-7.4813503625292255e-06
33,PC3,http_trans_depth_7,-7.481350388415583e-06
33,PC3,http_trans_depth_8,-7.481350367097341e-06
33,PC3,http_trans_depth_9,-7.4813503594836805e-06
33,PC3,http_trans_depth_n/a,0.0012457859331107817
33,PC3,http_method_GET,-0.0011433568013929547
33,PC3,http_method_HEAD,-1.818267063522491e-05
33,PC3,http_method_POST,-8.226658081798846e-05
33,PC3,http_method_n/a,0.001243806052846167
33,PC3,http_version_1.1,-0.0012172484733071589
33,PC3,http_version_n/a,0.0012172484733071582
33,PC3,weird_addl_43,-1.75564167052376e-05
33,PC3,weird_addl_46,-0.0021209981527453123
33,PC3,weird_addl_48,-0.00018226908123470764
33,PC3,weird_addl_n/a,0.002320823650685276
33,PC3,weird_notice_F,-0.0026017043225079832
33,PC3,weird_notice_n/a,0.0026017043225079815
33,PC4,duration,5.329945687324655e-05
33,PC4,src_bytes,-5.6223649128661624e-05
33,PC4,dst_bytes,-5.87173608863345e-05
33,PC4,missed_bytes,-1.8162310277847205e-05
33,PC4,src_pkts,8.596703136010131e-05
33,PC4,src_ip_bytes,5.131334069982674e-05
33,PC4,dst_pkts,1.225426232986937e-05
33,PC4,dst_ip_bytes,5.2882977943702336e-05
33,PC4,dns_qclass,-0.009110733855392683
33,PC4,dns_qtype,-0.02324460822509835
33,PC4,dns_rcode,0.0055845025338962
33,PC4,http_request_body_len,9.68632385865741e-06
33,PC4,http_response_body_len,1.8832139113815613e-05
33,PC4,http_status_code,0.00017755145920556343
33,PC4,dns_query,-0.08618153707231507
33,PC4,ssl_version,-0.0002796441351066692
33,PC4,ssl_cipher,-0.0002796441351066685
33,PC4,ssl_subject,-1.0299018398045919e-05
33,PC4,ssl_issuer,-1.0299018398045922e-05
33,PC4,http_uri,0.0003495759458428894
33,PC4,http_user_agent,0.00034957594584288906
33,PC4,http_orig_mime_types,2.4682188896837007e-05
33,PC4,http_resp_mime_types,0.00024974597617558205
33,PC4,weird_name,0.005950195998655151
33,PC4,proto_icmp,0.04421587393757351
33,PC4,proto_tcp,-0.3330762147531142
33,PC4,proto_udp,0.2888603408155406
33,PC4,service_dce_rpc,0.0005779491318333562
33,PC4,service_dhcp,0.0002820091812784112
33,PC4,service_dns,0.09670587517976449
33,PC4,service_ftp,-0.0003744066303673521
33,PC4,service_gssapi,0.0016341410822352269
33,PC4,service_http,0.10259614491539101
33,PC4,service_n/a,-0.20063310030832282
33,PC4,service_smb,-0.00016008909987728906
33,PC4,service_smb;gssapi,-3.0537200230735634e-05
33,PC4,service_ssl,-0.0005979862517043432
33,PC4,conn_state_OTH,0.561108924748673
33,PC4,conn_state_REJ,-0.525350167072629
33,PC4,conn_state_RSTO,-0.005578657599802189
33,PC4,conn_state_RSTOS0,-0.00029250307876188493
33,PC4,conn_state_RSTR,-0.0024778766251665847
33,PC4,conn_state_RSTRH,-0.009285801347674668
33,PC4,conn_state_S0,-0.1552405206632427
33,PC4,conn_state_S1,-0.06907001085965087
33,PC4,conn_state_S2,-0.001107117185579081
33,PC4,conn_state_S3,-0.015462851217913897
33,PC4,conn_state_SF,0.11805144218113214
33,PC4,conn_state_SH,-0.07523106329753532
33,PC4,conn_state_SHR,0.17993620201814992
33,PC4,dns_AA_F,-0.08555403135827289
33,PC4,dns_AA_T,0.000923602604246575
33,PC4,dns_AA_n/a,0.08463042875402614
33,PC4,dns_RD_F,-0.07722223725476582
33,PC4,dns_RD_T,-0.007408191499260323
33,PC4,dns_RD_n/a,0.08463042875402614
33,PC4,dns_RA_F,-0.10515025960760038
33,PC4,dns_RA_T,0.020519830853574225
33,PC4,dns_RA_n/a,0.08463042875402614
33,PC4,dns_rejected_F,-0.09785804651068425
33,PC4,dns_rejected_T,0.013227617756658107
33,PC4,dns_rejected_n/a,0.08463042875402614
33,PC4,ssl_resumed_F,-0.0003061526713458755
33,PC4,ssl_resumed_T,-2.138211661411847e-05
33,PC4,ssl_resumed_n/a,0.00032753478795999216
33,PC4,ssl_established_F,-0.0002958536529478298
33,PC4,ssl_established_T,-3.1681135012166225e-05
33,PC4,ssl_established_n/a,0.0003275347879599896
33,PC4,http_trans_depth_1,0.00028112605462792244
33,PC4,http_trans_depth_10,2.469880862941867e-06
33,PC4,http_trans_depth_2,3.28705410706282e-05
33,PC4,http_trans_depth_6,2.469880856835142e-06
33,PC4,http_trans_depth_7,2.469880868370135e-06
33,PC4,http_trans_depth_8,2.469880858870718e-06
33,PC4,http_trans_depth_9,2.4698808554780683e-06
33,PC4,http_trans_depth_n/a,-0.00032634600000104656
33,PC4,http_method_GET,0.0003198327209560987
33,PC4,http_method_HEAD,2.5952958140073237e-06
33,PC4,http_method_POST,2.714792907278427e-05
33,PC4,http_method_n/a,-0.0003495759458428897
33,PC4,http_version_1.1,0.0003271901414432099
33,PC4,http_version_n/a,-0.0003271901414432095
33,PC4,weird_addl_43,6.867690739839964e-05
33,PC4,weird_addl_46,0.0060755208300916595
33,PC4,weird_addl_48,0.00044175025164624635
33,PC4,weird_addl_n/a,-0.006585947989136358
33,PC4,weird_notice_F,0.00595019599865515
33,PC4,weird_notice_n/a,-0.005950195998655154
33,PC5,duration,-4.8562401637468516e-05
33,PC5,src_bytes,-2.653194401376624e-05
33,PC5,dst_bytes,-3.1461326162759984e-05
33,PC5,missed_bytes,-6.175925843621144e-06
33,PC5,src_pkts,5.5881853109840396e-05
33,PC5,src_ip_bytes,2.2533033231700306e-05
33,PC5,dst_pkts,-1.589982671001966e-05
33,PC5,dst_ip_bytes,4.8437056518357835e-05
33,PC5,dns_qclass,0.016053899461708543
33,PC5,dns_qtype,0.03283391448692377
33,PC5,dns_rcode,-0.01865231675830084
33,PC5,http_request_body_len,2.2410296537905827e-05
33,PC5,http_response_body_len,6.278089880503226e-05
33,PC5,http_status_code,0.00043791194700285724
33,PC5,dns_query,0.07467075348399027
33,PC5,ssl_version,-0.0011371115827012552
33,PC5,ssl_cipher,-0.0011371115827012444
33,PC5,ssl_subject,-1.5179341530651236e-05
33,PC5,ssl_issuer,-1.517934153065122e-05
33,PC5,http_uri,0.0009309932012469264
33,PC5,http_user_agent,0.0009309932012469269
33,PC5,http_orig_mime_types,5.711224894639534e-05
33,PC5,http_resp_mime_types,0.0005699605656604419
33,PC5,weird_name,-0.01282096667406715
33,PC5,proto_icmp,-0.012073204371820922
33,PC5,proto_tcp,0.21515467596202031
33,PC5,proto_udp,-0.20308147159019924
33,PC5,service_dce_rpc,0.00011390028028980159
33,PC5,service_dhcp,-4.8126420948103285e-05
33,PC5,service_dns,-0.2653903532545581
33,PC5,service_ftp,-0.0012086728483334229
33,PC5,service_gssapi,0.000329896557096564
33,PC5,service_http,0.2503476418101437
33,PC5,service_n/a,0.018332295799388422
33,PC5,service_smb,-0.00023562106676806253
33,PC5,service_smb;gssapi,-4.4926921031112885e-05
33,PC5,service_ssl,-0.0021960339352788717
33,PC5,conn_state_OTH,0.18133534023817435
33,PC5,conn_state_REJ,-0.4446071505253971
33,PC5,conn_state_RSTO,-0.0023764335879398633
33,PC5,conn_state_RSTOS0,-0.00012076509224794958
33,PC5,conn_state_RSTR,0.0004738899081911586
33,PC5,conn_state_RSTRH,-0.003731664663992297
33,PC5,conn_state_S0,0.5956659520492038
33,PC5,conn_state_S1,-0.02750037144744741
33,PC5,conn_state_S2,0.0007273766892236173
33,PC5,conn_state_S3,0.0012473712155560463
33,PC5,conn_state_SF,0.08484566846671898
33,PC5,conn_state_SH,-0.032301029086733546
33,PC5,conn_state_SHR,-0.3536581841633105
33,PC5,dns_AA_F,0.11055544527891421
33,PC5,dns_AA_T,-0.04568845155160317
33,PC5,dns_AA_n/a,-0.064866993727311
33,PC5,dns_RD_F,0.00725500645462865
33,PC5,dns_RD_T,0.05761198727268242
33,PC5,dns_RD_n/a,-0.06486699372731099
33,PC5,dns_RA_F,0.09209570849014961
33,PC5,dns_RA_T,-0.02722871476283848
33,PC5,dns_RA_n/a,-0.06486699372731099
33,PC5,dns_rejected_F,0.08466742380566022
33,PC5,dns_rejected_T,-0.019800430078349144
33,PC5,dns_rejected_n/a,-0.06486699372731099
33,PC5,ssl_resumed_F,-0.001440384580933217
33,PC5,ssl_resumed_T,-8.560977520089157e-05
33,PC5,ssl_resumed_n/a,0.00152599435613411
33,PC5,ssl_established_F,-0.0014252052394025708
33,PC5,ssl_established_T,-0.00010078911673154256
33,PC5,ssl_established_n/a,0.001525994356134111
33,PC5,http_trans_depth_1,0.000688202188140259
33,PC5,http_trans_depth_10,5.717917690742729e-06
33,PC5,http_trans_depth_2,9.571292330610772e-05
33,PC5,http_trans_depth_6,5.717917664365767e-06
33,PC5,http_trans_depth_7,5.71791771418903e-06
33,PC5,http_trans_depth_8,5.717917673158034e-06
33,PC5,http_trans_depth_9,5.71791765850417e-06
33,PC5,http_trans_depth_n/a,-0.0008125046998473236
33,PC5,http_method_GET,0.0008551851443896459
33,PC5,http_method_HEAD,1.299183952824397e-05
33,PC5,http_method_POST,6.281621732903677e-05
33,PC5,http_method_n/a,-0.0009309932012469271
33,PC5,http_version_1.1,0.0007944172711180188
33,PC5,http_version_n/a,-0.0007944172711180188
33,PC5,weird_addl_43,-0.00015964047224614208
33,PC5,weird_addl_46,-0.012426171137574965
33,PC5,weird_addl_48,-0.0008350243653053089
33,PC5,weird_addl_n/a,0.013420835975126513
33,PC5,weird_notice_F,-0.012820966674067137
33,PC5,weird_notice_n/a,0.01282096667406714
33,PC6,duration,-8.309109464709439e-06
33,PC6,src_bytes,1.6673957762801395e-06
33,PC6,dst_bytes,3.7639143487672166e-06
33,PC6,missed_bytes,6.300000118426852e-07
33,PC6,src_pkts,-1.1515782171803157e-06
33,PC6,src_ip_bytes,-1.6055544907189745e-06
33,PC6,dst_pkts,1.473622454551543e-06
33,PC6,dst_ip_bytes,-5.524886049060318e-06
33,PC6,dns_qclass,-0.013242221151217412
33,PC6,dns_qtype,-0.06599618664224426
33,PC6,dns_rcode,0.06713706661952279
33,PC6,http_request_body_len,-1.683535955088189e-06
33,PC6,http_response_body_len,4.169050039137812e-06
33,PC6,http_status_code,-7.835533340924683e-06
33,PC6,dns_query,0.04466542944272295
33,PC6,ssl_version,0.00010648630946229242
33,PC6,ssl_cipher,0.00010648630946228765
33,PC6,ssl_subject,6.742662491734835e-06
33,PC6,ssl_issuer,6.742662491734692e-06
33,PC6,http_uri,-1.82689984926704e-05
33,PC6,http_user_agent,-1.82689984926699e-05
33,PC6,http_orig_mime_types,-4.290312583139427e-06
33,PC6,http_resp_mime_types,-3.194369622521756e-05
33,PC6,weird_name,-0.0026668651136078176
33,PC6,proto_icmp,-0.0035104708956367834
33,PC6,proto_tcp,0.03390180410111314
33,PC6,proto_udp,-0.030391333205476077
33,PC6,service_dce_rpc,9.83627097904274e-05
33,PC6,service_dhcp,-2.0094098078380488e-05
33,PC6,service_dns,0.06578039586252082
33,PC6,service_ftp,0.0005350628709916323
33,PC6,service_gssapi,0.0002800942745887702
33,PC6,service_http,-0.013196135276495765
33,PC6,service_n/a,-0.054489903383350184
33,PC6,service_smb,0.0001466628221569303
33,PC6,service_smb;gssapi,2.7959741130718707e-05
33,PC6,service_ssl,0.0008375944767446372
33,PC6,conn_state_OTH,-0.00282756308394581
33,PC6,conn_state_REJ,0.04930661082400439
33,PC6,conn_state_RSTO,0.0004432314950381651
33,PC6,conn_state_RSTOS0,5.465224536860967e-06
33,PC6,conn_state_RSTR,0.0019576546662214414
33,PC6,conn_state_RSTRH,0.00020284421696742483
33,PC6,conn_state_S0,-0.01467250015076363
33,PC6,conn_state_S1,0.0027228907235560297
33,PC6,conn_state_S2,0.0004694095030697819
33,PC6,conn_state_S3,0.0035919906029095363
33,PC6,conn_state_SF,-0.06145323557082618
33,PC6,conn_state_SH,0.0018634870082475702
33,PC6,conn_state_SHR,0.018389714540984918
33,PC6,dns_AA_F,0.3104575396981752
33,PC6,dns_AA_T,-0.26997394645803
33,PC6,dns_AA_n/a,-0.04048359324014553
33,PC6,dns_RD_F,-0.5580540515004281
33,PC6,dns_RD_T,0.5985376447405734
33,PC6,dns_RD_n/a,-0.04048359324014552
33,PC6,dns_RA_F,-0.19860696747645643
33,PC6,dns_RA_T,0.23909056071660167
33,PC6,dns_RA_n/a,-0.04048359324014551
33,PC6,dns_rejected_F,-0.1015051615245829
33,PC6,dns_rejected_T,0.1419887547647279
33,PC6,dns_rejected_n/a,-0.04048359324014552
33,PC6,ssl_resumed_F,0.00019330928124070001
33,PC6,ssl_resumed_T,3.27786084931641e-05
33,PC6,ssl_resumed_n/a,-0.00022608788973386924
33,PC6,ssl_established_F,0.00018656661874896124
33,PC6,ssl_established_T,3.952127098490406e-05
33,PC6,ssl_established_n/a,-0.00022608788973387745
33,PC6,http_trans_depth_1,-1.1257147180713503e-05
33,PC6,http_trans_depth_10,-4.2930784665582033e-07
33,PC6,http_trans_depth_2,1.887750041507733e-06
33,PC6,http_trans_depth_6,-4.2930784858889267e-07
33,PC6,http_trans_depth_7,-4.2930784493754057e-07
33,PC6,http_trans_depth_8,-4.2930784794452966e-07
33,PC6,http_trans_depth_9,-4.2930784901846183e-07
33,PC6,http_trans_depth_n/a,1.151593637635131e-05
33,PC6,http_method_GET,-1.5734991608983895e-05
33,PC6,http_method_HEAD,2.1848000724322126e-06
33,PC6,http_method_POST,-4.7188069561195475e-06
33,PC6,http_method_n/a,1.8268998492670346e-05
33,PC6,http_version_1.1,-1.6334278456011568e-05
33,PC6,http_version_n/a,1.6334278456010697e-05
33,PC6,weird_addl_43,-6.437848047547149e-05
33,PC6,weird_addl_46,-0.003210697900969457
33,PC6,weird_addl_48,-6.477321878071141e-08
33,PC6,weird_addl_n/a,0.0032751411546637224
33,PC6,weird_notice_F,-0.002666865113607793
33,PC6,weird_notice_n/a,0.0026668651136077925
33,PC7,duration,5.300641496906177e-06
33,PC7,src_bytes,-2.8131852992950394e-05
33,PC7,dst_bytes,-6.226231241325975e-05
33,PC7,missed_bytes,-1.1033329824832079e-05
33,PC7,src_pkts,1.331547804157493e-05
33,PC7,src_ip_bytes,4.91531717126438e-06
33,PC7,dst_pkts,-3.0079735952409387e-05
33,PC7,dst_ip_bytes,-5.654298055927237e-05
33,PC7,dns_qclass,-0.03475952487198054
33,PC7,dns_qtype,-0.06762948712636661
33,PC7,dns_rcode,0.06392524380831724
33,PC7,http_request_body_len,-3.893985633016649e-06
33,PC7,http_response_body_len,-0.0001483657773160285
33,PC7,http_status_code,-0.0005863405573588443
33,PC7,dns_query,0.04848045077876856
33,PC7,ssl_version,-0.0016933273846658908
33,PC7,ssl_cipher,-0.0016933273846658882
33,PC7,ssl_subject,-7.474738759026761e-05
33,PC7,ssl_issuer,-7.474738759026721e-05
33,PC7,http_uri,-0.0009869397440541098
33,PC7,http_user_agent,-0.0009869397440541061
33,PC7,http_orig_mime_types,-9.951574772263884e-06
33,PC7,http_resp_mime_types,-0.0004082093490103663
33,PC7,weird_name,-0.013702480299553323
33,PC7,proto_icmp,0.035521836059172925
33,PC7,proto_tcp,-0.23281705523416305
33,PC7,proto_udp,0.19729521917499027
33,PC7,service_dce_rpc,-0.0011769033609408247
33,PC7,service_dhcp,-0.00021477833792845133
33,PC7,service_dns,-0.31113856166584636
33,PC7,service_ftp,-0.004758960622647048
33,PC7,service_gssapi,-0.00339445413189773
33,PC7,service_http,-0.1260524295483816
33,PC7,service_n/a,0.45553569460913124
33,PC7,service_smb,-0.001766105918860973
33,PC7,service_smb;gssapi,-0.0003364023350004805
33,PC7,service_ssl,-0.006697098687626643
33,PC7,conn_state_OTH,0.007117385886159603
33,PC7,conn_state_REJ,0.09656194276533969
33,PC7,conn_state_RSTO,-0.0053115154153409
33,PC7,conn_state_RSTOS0,-5.444437363408753e-05
33,PC7,conn_state_RSTR,-0.03045743992204044
33,PC7,conn_state_RSTRH,-0.0015711930352484884
33,PC7,conn_state_S0,-0.1543523778484662
33,PC7,conn_state_S1,-0.03824295529609325
33,PC7,conn_state_S2,-0.008605868948370694
33,PC7,conn_state_S3,-0.06639532618379562
33,PC7,conn_state_SF,0.5870680941114599
33,PC7,conn_state_SH,-0.01789832547020694
33,PC7,conn_state_SHR,-0.36785797626976335
33,PC7,dns_AA_F,-0.04641423924086273
33,PC7,dns_AA_T,0.0749595726707114
33,PC7,dns_AA_n/a,-0.028545333429848694
33,PC7,dns_RD_F,-0.022795004204220034
33,PC7,dns_RD_T,0.05134033763406856
33,PC7,dns_RD_n/a,-0.02854533342984869
33,PC7,dns_RA_F,-0.10885039755590023
33,PC7,dns_RA_T,0.1373957309857487
33,PC7,dns_RA_n/a,-0.0285453334298487
33,PC7,dns_rejected_F,-0.04277645798771554
33,PC7,dns_rejected_T,0.07132179141756353
33,PC7,dns_rejected_n/a,-0.02854533342984869
33,PC7,ssl_resumed_F,-0.0021851107152146758
33,PC7,ssl_resumed_T,-0.0002749017478528977
33,PC7,ssl_resumed_n/a,0.00246001246306759
33,PC7,ssl_established_F,-0.002110363327624415
33,PC7,ssl_established_T,-0.0003496491354431698
33,PC7,ssl_established_n/a,0.002460012463067587
33,PC7,http_trans_depth_1,-0.000994139342512032
33,PC7,http_trans_depth_10,-9.966187293708098e-07
33,PC7,http_trans_depth_2,-0.00015692509650069755
33,PC7,http_trans_depth_6,-9.966186304746817e-07
33,PC7,http_trans_depth_7,-9.966188172787525e-07
33,PC7,http_trans_depth_8,-9.966186634400666e-07
33,PC7,http_trans_depth_9,-9.966186084975944e-07
33,PC7,http_trans_depth_n/a,0.0011560475324617855
33,PC7,http_method_GET,-0.0009236852695441101
33,PC7,http_method_HEAD,-5.231331936501913e-05
33,PC7,http_method_POST,-1.0941155144981876e-05
33,PC7,http_method_n/a,0.0009869397440541083
33,PC7,http_version_1.1,-0.0010532024788781629
33,PC7,http_version_n/a,0.0010532024788781629
33,PC7,weird_addl_43,-0.00016833767663259133
33,PC7,weird_addl_46,-0.011215267223026256
33,PC7,weird_addl_48,-0.0008327066266925533
33,PC7,weird_addl_n/a,0.012216311526351468
33,PC7,weird_notice_F,-0.013702480299553298
33,PC7,weird_notice_n/a,0.013702480299553291
33,PC8,duration,-0.00028161177760477774
33,PC8,src_bytes,-0.00019683346603130425
33,PC8,dst_bytes,-0.00020040672827370543
33,PC8,missed_bytes,-6.161389354059077e-05
33,PC8,src_pkts,2.6215621901526376e-05
33,PC8,src_ip_bytes,-1.0553486116116062e-06
33,PC8,dst_pkts,-5.551825669503074e-05
33,PC8,dst_ip_bytes,-1.8526358863679704e-06
33,PC8,dns_qclass,0.015944633262645058
33,PC8,dns_qtype,0.02765418459369373
33,PC8,dns_rcode,-0.020966477191524974
33,PC8,http_request_body_len,2.521999012887466e-05
33,PC8,http_response_body_len,9.526426320985784e-05
33,PC8,http_status_code,0.0004898696615819598
33,PC8,dns_query,-0.014459592428914605
33,PC8,ssl_version,-0.003751208323231607
33,PC8,ssl_cipher,-0.0037512083232315685
33,PC8,ssl_subject,-0.000129262019665179
33,PC8,ssl_issuer,-0.00012926201966517956
33,PC8,http_uri,0.0010896649140303926
33,PC8,http_user_agent,0.001089664914030393
33,PC8,http_orig_mime_types,6.431975728676032e-05
33,PC8,http_resp_mime_types,0.0006015143645410082
33,PC8,weird_name,-0.006338164536693077
33,PC8,proto_icmp,0.04330396132000964
33,PC8,proto_tcp,-0.11986821596918826
33,PC8,proto_udp,0.07656425464917871
33,PC8,service_dce_rpc,0.0007423476177960252
33,PC8,service_dhcp,0.0003646413910293888
33,PC8,service_dns,-0.08832213531152669
33,PC8,service_ftp,-0.007473828725026754
33,PC8,service_gssapi,0.0022243172977205092
33,PC8,service_http,0.2745867529324994
33,PC8,service_n/a,-0.16364267518073253
33,PC8,service_smb,-0.00062028538094952
33,PC8,service_smb;gssapi,-0.00011799793126443482
33,PC8,service_ssl,-0.017741136709545035
33,PC8,conn_state_OTH,0.3313548463657487
33,PC8,conn_state_REJ,0.5907044144370085
33,PC8,conn_state_RSTO,-0.017014514589579467
33,PC8,conn_state_RSTOS0,-0.0008585301685807003
33,PC8,conn_state_RSTR,-0.002341512438252037
33,PC8,conn_state_RSTRH,-0.02876678900143356
33,PC8,conn_state_S0,0.14461648158637583
33,PC8,conn_state_S1,-0.3892495802442171
33,PC8,conn_state_S2,-0.00039187090282585493
33,PC8,conn_state_S3,-0.03332596884652004
33,PC8,conn_state_SF,-0.04821987951487372
33,PC8,conn_state_SH,-0.4484365581424837
33,PC8,conn_state_SHR,-0.09807053854036593
33,PC8,dns_AA_F,0.057649690079346894
33,PC8,dns_AA_T,-0.0744363365581164
33,PC8,dns_AA_n/a,0.01678664647876927
33,PC8,dns_RD_F,0.006373632953000362
33,PC8,dns_RD_T,-0.02316027943176944
33,PC8,dns_RD_n/a,0.016786646478769287
33,PC8,dns_RA_F,0.053142505772884686
33,PC8,dns_RA_T,-0.06992915225165365
33,PC8,dns_RA_n/a,0.016786646478769287
33,PC8,dns_rejected_F,0.009445635999894172
33,PC8,dns_rejected_T,-0.026232282478663212
33,PC8,dns_rejected_n/a,0.016786646478769287
33,PC8,ssl_resumed_F,-0.006404914079574409
33,PC8,ssl_resumed_T,-0.0006448752140067701
33,PC8,ssl_resumed_n/a,0.007049789293581177
33,PC8,ssl_established_F,-0.006275652059909227
33,PC8,ssl_established_T,-0.0007741372336719482
33,PC8,ssl_established_n/a,0.007049789293581176
33,PC8,http_trans_depth_1,0.0006889458729880118
33,PC8,http_trans_depth_10,6.455043468989059e-06
33,PC8,http_trans_depth_2,0.00013300882684688623
33,PC8,http_trans_depth_6,6.455043376376333e-06
33,PC8,http_trans_depth_7,6.45504355131157e-06
33,PC8,http_trans_depth_8,6.4550434072472045e-06
33,PC8,http_trans_depth_9,6.455043355795657e-06
33,PC8,http_trans_depth_n/a,-0.0008542299169946167
33,PC8,http_method_GET,0.0009962691909392238
33,PC8,http_method_HEAD,2.266179786030836e-05
33,PC8,http_method_POST,7.073392523086042e-05
33,PC8,http_method_n/a,-0.0010896649140303928
33,PC8,http_version_1.1,0.0008795925015390465
33,PC8,http_version_n/a,-0.0008795925015390462
33,PC8,weird_addl_43,-6.485014349564557e-05
33,PC8,weird_addl_46,-0.004616297369994279
33,PC8,weird_addl_48,-0.00023166712728605853
33,PC8,weird_addl_n/a,0.004912814640775997
33,PC8,weird_notice_F,-0.006338164536693079
33,PC8,weird_notice_n/a,0.006338164536693073
33,PC9,duration,-8.802789333120056e-05
33,PC9,src_bytes,-1.8416217108720156e-05
33,PC9,dst_bytes,-1.4829520648948491e-05
33,PC9,missed_bytes,-6.353503873079286e-06
33,PC9,src_pkts,2.6316681394494834e-06
33,PC9,src_ip_bytes,7.803773433984196e-07
33,PC9,dst_pkts,-5.337026932478173e-06
33,PC9,dst_ip_bytes,-7.563213836932897e-06
33,PC9,dns_qclass,-0.018667399307603777
33,PC9,dns_qtype,0.03567437702134186
33,PC9,dns_rcode,-0.19412970910008465
33,PC9,http_request_body_len,-1.8489111981989659e-06
33,PC9,http_response_body_len,1.310046266594922e-05
33,PC9,http_status_code,-1.7942511060242694e-07
33,PC9,dns_query,0.08631004965733591
33,PC9,ssl_version,-3.78930232277086e-05
33,PC9,ssl_cipher,-3.789302322772248e-05
33,PC9,ssl_subject,3.755063305604933e-06
33,PC9,ssl_issuer,3.75506330562575e-06
33,PC9,http_uri,1.5500326370326053e-05
33,PC9,http_user_agent,1.550032637032196e-05
33,PC9,http_orig_mime_types,-4.7172950504676284e-06
33,PC9,http_resp_mime_types,-3.7610311578762344e-05
33,PC9,weird_name,0.01206631138065688
33,PC9,proto_icmp,-0.018400159046103273
33,PC9,proto_tcp,0.065120126780045
33,PC9,proto_udp,-0.04671996773394192
33,PC9,service_dce_rpc,0.0004005466300901159
33,PC9,service_dhcp,5.608062183545613e-05
33,PC9,service_dns,0.08242183822153847
33,PC9,service_ftp,0.0015450251598237766
33,PC9,service_gssapi,0.001139997673577135
33,PC9,service_http,-0.010578105711306818
33,PC9,service_n/a,-0.07764027677682996
33,PC9,service_smb,0.000349541016226914
33,PC9,service_smb;gssapi,6.64321371787599e-05
33,PC9,service_ssl,0.002238921027865933
33,PC9,conn_state_OTH,0.03613112407275858
33,PC9,conn_state_REJ,0.04453801005731348
33,PC9,conn_state_RSTO,-0.0009988383178922624
33,PC9,conn_state_RSTOS0,-8.469581015963105e-05
33,PC9,conn_state_RSTR,0.004249069788173809
33,PC9,conn_state_RSTRH,-0.0032632426384981475
33,PC9,conn_state_S0,0.10546060021320625
33,PC9,conn_state_S1,-0.060099202029574104
33,PC9,conn_state_S2,0.00067619797615069
33,PC9,conn_state_S3,0.003022539531523825
33,PC9,conn_state_SF,-0.048172793585398097
33,PC9,conn_state_SH,-0.07723303624093095
33,PC9,conn_state_SHR,-0.004225733016673107
33,PC9,dns_AA_F,-0.5099343423231961
33,PC9,dns_AA_T,0.5720772190693038
33,PC9,dns_AA_n/a,-0.06214287674610747
33,PC9,dns_RD_F,-0.16968653899685954
33,PC9,dns_RD_T,0.23182941574296695
33,PC9,dns_RD_n/a,-0.062142876746107474
33,PC9,dns_RA_F,-0.22503025173518984
33,PC9,dns_RA_T,0.28717312848129695
33,PC9,dns_RA_n/a,-0.06214287674610749
33,PC9,dns_rejected_F,0.2386484867687955
33,PC9,dns_rejected_T,-0.17650561002268858
33,PC9,dns_rejected_n/a,-0.06214287674610749
33,PC9,ssl_resumed_F,0.00028506418895206354
33,PC9,ssl_resumed_T,9.570516709507243e-05
33,PC9,ssl_resumed_n/a,-0.0003807693560471397
33,PC9,ssl_established_F,0.0002813091256464618
33,PC9,ssl_established_T,9.946023040069028e-05
33,PC9,ssl_established_n/a,-0.0003807693560471387
33,PC9,http_trans_depth_1,-1.5793227720369172e-05
33,PC9,http_trans_depth_10,-4.702011884178185e-07
33,PC9,http_trans_depth_2,1.0774800662502414e-05
33,PC9,http_trans_depth_6,-4.702012040309733e-07
33,PC9,http_trans_depth_7,-4.702011745395498e-07
33,PC9,http_trans_depth_8,-4.702011988265962e-07
33,PC9,http_trans_depth_9,-4.7020120750057455e-07
33,PC9,http_trans_depth_n/a,7.369433031177404e-06
33,PC9,http_method_GET,1.4902205790707943e-05
33,PC9,http_method_HEAD,5.785475865340497e-06
33,PC9,http_method_POST,-5.18735528572496e-06
33,PC9,http_method_n/a,-1.5500326370322367e-05
33,PC9,http_version_1.1,-6.100613054126206e-06
33,PC9,http_version_n/a,6.100613054127969e-06
33,PC9,weird_addl_43,0.0001856638439441438
33,PC9,weird_addl_46,0.010529267860108289
33,PC9,weird_addl_48,0.0002359531772872746
33,PC9,weird_addl_n/a,-0.010950884881339773
33,PC9,weird_notice_F,0.012066311380656872
33,PC9,weird_notice_n/a,-0.012066311380656865
33,PC10,duration,-3.985509443558971e-05
33,PC10,src_bytes,-5.615545240957032e-06
33,PC10,dst_bytes,-6.871182037342105e-06
33,PC10,missed_bytes,-2.6714135134518757e-06
33,PC10,src_pkts,1.5099175260692432e-06
33,PC10,src_ip_bytes,1.3928836183271787e-06
33,PC10,dst_pkts,-7.925156314120274e-07
33,PC10,dst_ip_bytes,-1.0441009094109069e-05
33,PC10,dns_qclass,-0.02190804314496204
33,PC10,dns_qtype,-0.0010434668132778893
33,PC10,dns_rcode,0.24871367449339882
33,PC10,http_request_body_len,-2.026402835864083e-06
33,PC10,http_response_body_len,-9.460746357561889e-06
33,PC10,http_status_code,-6.32765862760426e-05
33,PC10,dns_query,0.0417146153933205
33,PC10,ssl_version,0.00014031255785404428
33,PC10,ssl_cipher,0.00014031255785396102
33,PC10,ssl_subject,3.484118496155375e-06
33,PC10,ssl_issuer,3.4841184962386418e-06
33,PC10,http_uri,-0.00011542359481747644
33,PC10,http_user_agent,-0.0001154235948174708
33,PC10,http_orig_mime_types,-5.174763210542984e-06
33,PC10,http_resp_mime_types,-6.880395717038128e-05
33,PC10,weird_name,0.006837845462885423
33,PC10,proto_icmp,-0.010845417452830837
33,PC10,proto_tcp,0.03033171467169811
33,PC10,proto_udp,-0.019486297218867195
33,PC10,service_dce_rpc,0.0001137079007825903
33,PC10,service_dhcp,-6.7335677813887205e-06
33,PC10,service_dns,0.0373761153351585
33,PC10,service_ftp,0.0011515492012575488
33,PC10,service_gssapi,0.0003080584401271856
33,PC10,service_http,-0.024038767305408073
33,PC10,service_n/a,-0.01724830054028773
33,PC10,service_smb,9.09323414696291e-05
33,PC10,service_smb;gssapi,1.7269664498360247e-05
33,PC10,service_ssl,0.002236168530183383
33,PC10,conn_state_OTH,0.007872529986786123
33,PC10,conn_state_REJ,0.006901133906507061
33,PC10,conn_state_RSTO,-0.00018587766380857816
33,PC10,conn_state_RSTOS0,-1.1813534886763991e-05
33,PC10,conn_state_RSTR,-0.00012820226985896317
33,PC10,conn_state_RSTRH,-0.000642512413106481
33,PC10,conn_state_S0,0.04170883052489416
33,PC10,conn_state_S1,-0.023666444677204596
33,PC10,conn_state_S2,-0.0003829490760008486
33,PC10,conn_state_S3,-0.004052234808507581
33,PC10,conn_state_SF,0.005513628335262413
33,PC10,conn_state_SH,-0.02669263453658783
33,PC10,conn_state_SHR,-0.006233453773488108
33,PC10,dns_AA_F,-0.2765912514705305
33,PC10,dns_AA_T,0.31675820209327643
33,PC10,dns_AA_n/a,-0.040166950622746105
33,PC10,dns_RD_F,-0.15921462998861957
33,PC10,dns_RD_T,0.19938158061136577
33,PC10,dns_RD_n/a,-0.040166950622746105
33,PC10,dns_RA_F,0.41453786381778945
33,PC10,dns_RA_T,-0.3743709131950431
33,PC10,dns_RA_n/a,-0.040166950622746105
33,PC10,dns_rejected_F,-0.40864093107427635
33,PC10,dns_rejected_T,0.4488078816970226
33,PC10,dns_rejected_n/a,-0.040166950622746105
33,PC10,ssl_resumed_F,0.000545646440829416
33,PC10,ssl_resumed_T,9.051633065279097e-05
33,PC10,ssl_resumed_n/a,-0.0006361627714822089
33,PC10,ssl_established_F,0.0005421623223331989
33,PC10,ssl_established_T,9.400044914899134e-05
33,PC10,ssl_established_n/a,-0.0006361627714822021
33,PC10,http_trans_depth_1,-0.00011001313290028277
33,PC10,http_trans_depth_10,-5.184459700293362e-07
33,PC10,http_trans_depth_2,-1.252277647627712e-05
33,PC10,http_trans_depth_6,-5.18445957132986e-07
33,PC10,http_trans_depth_7,-5.18445981492762e-07
33,PC10,http_trans_depth_8,-5.184459614317967e-07
33,PC10,http_trans_depth_9,-5.184459542671611e-07
33,PC10,http_trans_depth_n/a,0.00012512813920091906
33,PC10,http_method_GET,-0.00010698495367415377
33,PC10,http_method_HEAD,-2.748983554652194e-06
33,PC10,http_method_POST,-5.68965758867522e-06
33,PC10,http_method_n/a,0.00011542359481747099
33,PC10,http_version_1.1,-0.00011491300292205743
33,PC10,http_version_n/a,0.00011491300292205628
33,PC10,weird_addl_43,9.962695571614653e-05
33,PC10,weird_addl_46,0.005757978934363206
33,PC10,weird_addl_48,0.0001095226283548162
33,PC10,weird_addl_n/a,-0.005967128518434186
33,PC10,weird_notice_F,0.006837845462885442
33,PC10,weird_notice_n/a,-0.006837845462885452
33,PC11,duration,0.000536019451818969
33,PC11,src_bytes,2.2838767900906776e-05
33,PC11,dst_bytes,2.7698997922043223e-05
33,PC11,missed_bytes,2.780599518809046e-05
33,PC11,src_pkts,-3.2206937516932044e-07
33,PC11,src_ip_bytes,-2.4220992727697066e-05
33,PC11,dst_pkts,1.0562708185835046e-05
33,PC11,dst_ip_bytes,5.371582074223391e-05
33,PC11,dns_qclass,-0.0008655434942706347
33,PC11,dns_qtype,-0.0016324100780495954
33,PC11,dns_rcode,0.003245307359684285
33,PC11,http_request_body_len,-1.8887956010349427e-06
33,PC11,http_response_body_len,6.099539491972658e-06
33,PC11,http_status_code,7.380853942717813e-05
33,PC11,dns_query,0.003532021718072431
33,PC11,ssl_version,0.00016449619077385513
33,PC11,ssl_cipher,0.00016449619077384646
33,PC11,ssl_subject,0.00020921886745306484
33,PC11,ssl_issuer,0.0002092188674530579
33,PC11,http_uri,0.00034389952078741053
33,PC11,http_user_agent,0.00034389952078741026
33,PC11,http_orig_mime_types,-4.8073973312877274e-06
33,PC11,http_resp_mime_types,2.6949679695338162e-05
33,PC11,weird_name,-0.0019645089665533515
33,PC11,proto_icmp,0.007390712109314082
33,PC11,proto_tcp,-0.0170246023214351
33,PC11,proto_udp,0.00963389021212086
33,PC11,service_dce_rpc,-6.966208219138826e-05
33,PC11,service_dhcp,-1.1133202394949394e-06
33,PC11,service_dns,-0.023416721145059553
33,PC11,service_ftp,-0.0009446514290990149
33,PC11,service_gssapi,-0.0001774116151685542
33,PC11,service_http,0.013273360805778544
33,PC11,service_n/a,0.007490542843922557
33,PC11,service_smb,2.1476910029436653e-05
33,PC11,service_smb;gssapi,4.074676783283034e-06
33,PC11,service_ssl,0.003820104355244357
33,PC11,conn_state_OTH,-0.011165118012033143
33,PC11,conn_state_REJ,-0.01244008996844456
33,PC11,conn_state_RSTO,0.0009974296999314442
33,PC11,conn_state_RSTOS0,4.026495390300849e-05
33,PC11,conn_state_RSTR,0.0015229585164416993
33,PC11,conn_state_RSTRH,0.0015283279326845736
33,PC11,conn_state_S0,-0.028792395744124743
33,PC11,conn_state_S1,0.7481801738616454
33,PC11,conn_state_S2,0.0006645200806772217
33,PC11,conn_state_S3,0.008852916759006514
33,PC11,conn_state_SF,-0.02139606590573926
33,PC11,conn_state_SH,-0.6606676649632892
33,PC11,conn_state_SHR,-0.027325257210659686
33,PC11,dns_AA_F,0.0007163293575181103
33,PC11,dns_AA_T,0.002469234519593803
33,PC11,dns_AA_n/a,-0.0031855638771120932
33,PC11,dns_RD_F,0.0015962963148614515
33,PC11,dns_RD_T,0.0015892675622505886
33,PC11,dns_RD_n/a,-0.0031855638771120976
33,PC11,dns_RA_F,0.0010396143729072848
33,PC11,dns_RA_T,0.0021459495042051844
33,PC11,dns_RA_n/a,-0.0031855638771120937
33,PC11,dns_rejected_F,-0.0004622471064144169
33,PC11,dns_rejected_T,0.0036478109835264864
33,PC11,dns_rejected_n/a,-0.0031855638771121006
33,PC11,ssl_resumed_F,-8.983367696507101e-05
33,PC11,ssl_resumed_T,2.70208926768924e-05
33,PC11,ssl_resumed_n/a,6.28127842881694e-05
33,PC11,ssl_established_F,-0.0002990525444181094
33,PC11,ssl_established_T,0.0002362397601299419
33,PC11,ssl_established_n/a,6.281278428817319e-05
33,PC11,http_trans_depth_1,0.00032440604760280734
33,PC11,http_trans_depth_10,-4.773927527435143e-07
33,PC11,http_trans_depth_2,3.482545160432977e-06
33,PC11,http_trans_depth_6,-4.773927625391054e-07
33,PC11,http_trans_depth_7,-4.773927440363714e-07
33,PC11,http_trans_depth_8,-4.773927592739252e-07
33,PC11,http_trans_depth_9,-4.773927647159812e-07
33,PC11,http_trans_depth_n/a,-0.00032550162897994025
33,PC11,http_method_GET,0.000345656687371828
33,PC11,http_method_HEAD,3.5308488225564287e-06
33,PC11,http_method_POST,-5.2880154069803765e-06
33,PC11,http_method_n/a,-0.0003438995207874085
33,PC11,http_version_1.1,0.00010906942077396307
33,PC11,http_version_n/a,-0.00010906942077396261
33,PC11,weird_addl_43,-1.3405368775419279e-05
33,PC11,weird_addl_46,-0.001195569151909555
33,PC11,weird_addl_48,-8.009769550216774e-05
33,PC11,weird_addl_n/a,0.0012890722161871622
33,PC11,weird_notice_F,-0.001964508966553358
33,PC11,weird_notice_n/a,0.0019645089665533745
33,PC12,duration,0.000442530149595447
33,PC12,src_bytes,2.0340344282276934e-05
33,PC12,dst_bytes,8.03247079636249e-05
33,PC12,missed_bytes,4.0134927421373034e-05
33,PC12,src_pkts,9.803435220807899e-05
33,PC12,src_ip_bytes,4.6102941678033416e-06
33,PC12,dst_pkts,-7.714479498649451e-05
33,PC12,dst_ip_bytes,1.1862354211633619e-05
33,PC12,dns_qclass,0.010876257200446347
33,PC12,dns_qtype,0.04528404507270184
33,PC12,dns_rcode,-0.05913442159034654
33,PC12,http_request_body_len,2.4190795048589786e-05
33,PC12,http_response_body_len,0.0003256592473167008
33,PC12,http_status_code,0.0011792586150122797
33,PC12,dns_query,0.03202319409660104
33,PC12,ssl_version,-0.010178978989820175
33,PC12,ssl_cipher,-0.010178978989820134
33,PC12,ssl_subject,-8.235874031367607e-05
33,PC12,ssl_issuer,-8.235874031365872e-05
33,PC12,http_uri,0.002798951300479314
33,PC12,http_user_agent,0.002798951300479304
33,PC12,http_orig_mime_types,6.18355104775541e-05
33,PC12,http_resp_mime_types,0.0009095659777884167
33,PC12,weird_name,-0.019549612849328636
33,PC12,proto_icmp,0.17239168730208967
33,PC12,proto_tcp,-0.2781105021562657
33,PC12,proto_udp,0.10571881485417625
33,PC12,service_dce_rpc,0.00018028015488403025
33,PC12,service_dhcp,0.0004373970466910989
33,PC12,service_dns,-0.27430689921937346
33,PC12,service_ftp,-0.021000798159475878
33,PC12,service_gssapi,0.0009953838379582062
33,PC12,service_http,0.4118890130804669
33,PC12,service_n/a,-0.06901443890775819
33,PC12,service_smb,0.0004324532646071968
33,PC12,service_smb;gssapi,8.194408997641322e-05
33,PC12,service_ssl,-0.04969433518797482
33,PC12,conn_state_OTH,0.04228135950900668
33,PC12,conn_state_REJ,0.08630849515093006
33,PC12,conn_state_RSTO,-0.0062786647359603055
33,PC12,conn_state_RSTOS0,-0.00040020944591518184
33,PC12,conn_state_RSTR,0.03786827969219794
33,PC12,conn_state_RSTRH,-0.013961011907630218
33,PC12,conn_state_S0,-0.26023329551808433
33,PC12,conn_state_S1,0.27457271910505004
33,PC12,conn_state_S2,0.015348768003092941
33,PC12,conn_state_S3,0.16361694376258407
33,PC12,conn_state_SF,-0.3796332118600813
33,PC12,conn_state_SH,0.37633173745465065
33,PC12,conn_state_SHR,-0.33582190920983895
33,PC12,dns_AA_F,-0.04004119583192835
33,PC12,dns_AA_T,0.06491630045464597
33,PC12,dns_AA_n/a,-0.02487510462271712
33,PC12,dns_RD_F,-0.06048929599707604
33,PC12,dns_RD_T,0.0853644006197929
33,PC12,dns_RD_n/a,-0.024875104622717126
33,PC12,dns_RA_F,0.09013107930159062
33,PC12,dns_RA_T,-0.06525597467887397
33,PC12,dns_RA_n/a,-0.024875104622717154
33,PC12,dns_rejected_F,0.07273008357477193
33,PC12,dns_rejected_T,-0.047854978952054573
33,PC12,dns_rejected_n/a,-0.024875104622717133
33,PC12,ssl_resumed_F,-0.020847399433528917
33,PC12,ssl_resumed_T,-0.0021692112037644106
33,PC12,ssl_resumed_n/a,0.02301661063729334
33,PC12,ssl_established_F,-0.020765040693215258
33,PC12,ssl_established_T,-0.0022515699440780724
33,PC12,ssl_established_n/a,0.023016610637293364
33,PC12,http_trans_depth_1,0.001925900642134065
33,PC12,http_trans_depth_10,6.277834670098565e-06
33,PC12,http_trans_depth_2,0.0003670747515625678
33,PC12,http_trans_depth_6,6.27783405137831e-06
33,PC12,http_trans_depth_7,6.277835220072625e-06
33,PC12,http_trans_depth_8,6.277834257618345e-06
33,PC12,http_trans_depth_9,6.277833913884557e-06
33,PC12,http_trans_depth_n/a,-0.002324364565809669
33,PC12,http_method_GET,0.0026062759136698975
33,PC12,http_method_HEAD,0.0001246985739038671
33,PC12,http_method_POST,6.797681290555076e-05
33,PC12,http_method_n/a,-0.002798951300479308
33,PC12,http_version_1.1,0.00201766221553592
33,PC12,http_version_n/a,-0.002017662215535921
33,PC12,weird_addl_43,-0.0001327808275748866
33,PC12,weird_addl_46,-0.013772239813214147
33,PC12,weird_addl_48,-0.0009213559646487417
33,PC12,weird_addl_n/a,0.014826376605437865
33,PC12,weird_notice_F,-0.0195496128493286
33,PC12,weird_notice_n/a,0.01954961284932861
33,PC13,duration,7.538301417497572e-05
33,PC13,src_bytes,0.001617236589886075
33,PC13,dst_bytes,0.001893149411436236
33,PC13,missed_bytes,0.0005131480668809345
33,PC13,src_pkts,-9.108482524377952e-05
33,PC13,src_ip_bytes,-1.6691041025002074e-08
33,PC13,dst_pkts,5.021585418375405e-05
33,PC13,dst_ip_bytes,-1.971786515882895e-05
33,PC13,dns_qclass,-0.0048234810518613565
33,PC13,dns_qtype,-0.02685525605826556
33,PC13,dns_rcode,0.07793544970126076
33,PC13,http_request_body_len,-3.575113217126058e-05
33,PC13,http_response_body_len,2.4415283527465248e-05
33,PC13,http_status_code,0.00010013458183720948
33,PC13,dns_query,0.018073123872193647
33,PC13,ssl_version,0.00402500023579651
33,PC13,ssl_cipher,0.00402500023579648
33,PC13,ssl_subject,2.0145599307516e-05
33,PC13,ssl_issuer,2.014559930751947e-05
33,PC13,http_uri,-0.00010244439176054776
33,PC13,http_user_agent,-0.00010244439176043674
33,PC13,http_orig_mime_types,-9.119387078845853e-05
33,PC13,http_resp_mime_types,-0.00022059338628854092
33,PC13,weird_name,-0.006235034669233286
33,PC13,proto_icmp,-0.12311033757684928
33,PC13,proto_tcp,0.05618877465319743
33,PC13,proto_udp,0.06692156292365166
33,PC13,service_dce_rpc,-0.000528812274411482
33,PC13,service_dhcp,-0.0001396990179898333
33,PC13,service_dns,-0.06452799102098111
33,PC13,service_ftp,0.006686712764330867
33,PC13,service_gssapi,-0.001491495751947988
33,PC13,service_http,-0.0299717910677785
33,PC13,service_n/a,0.04140499808722432
33,PC13,service_smb,0.0019061558146286634
33,PC13,service_smb;gssapi,0.0003591173894131014
33,PC13,service_ssl,0.046302805077512395
33,PC13,conn_state_OTH,-0.1191252761567221
33,PC13,conn_state_REJ,-0.14114084800780205
33,PC13,conn_state_RSTO,0.0328798233413055
33,PC13,conn_state_RSTOS0,0.0011941545301337988
33,PC13,conn_state_RSTR,0.03339932304929891
33,PC13,conn_state_RSTRH,0.05302899865754085
33,PC13,conn_state_S0,-0.11591627874883861
33,PC13,conn_state_S1,-0.2314656723072511
33,PC13,conn_state_S2,0.008927366481927233
33,PC13,conn_state_S3,0.8672938079652078
33,PC13,conn_state_SF,-0.0954634221469772
33,PC13,conn_state_SH,-0.2323368665196654
33,PC13,conn_state_SHR,-0.06127511013815706
33,PC13,dns_AA_F,0.012756292090276527
33,PC13,dns_AA_T,0.014589035589163978
33,PC13,dns_AA_n/a,-0.02734532767944049
33,PC13,dns_RD_F,0.06978502826489585
33,PC13,dns_RD_T,-0.042439700585455285
33,PC13,dns_RD_n/a,-0.0273453276794405
33,PC13,dns_RA_F,-0.07220198846098243
33,PC13,dns_RA_T,0.09954731614042316
33,PC13,dns_RA_n/a,-0.027345327679440496
33,PC13,dns_rejected_F,-0.056260731446628964
33,PC13,dns_rejected_T,0.0836060591260695
33,PC13,dns_rejected_n/a,-0.027345327679440493
33,PC13,ssl_resumed_F,0.008139530933335262
33,PC13,ssl_resumed_T,0.0010553747684510263
33,PC13,ssl_resumed_n/a,-0.009194905701786322
33,PC13,ssl_established_F,0.008119385334027751
33,PC13,ssl_established_T,0.0010755203677585245
33,PC13,ssl_established_n/a,-0.009194905701786335
33,PC13,http_trans_depth_1,9.155396171984694e-05
33,PC13,http_trans_depth_10,-9.157255409841504e-06
33,PC13,http_trans_depth_2,-2.7631906932987173e-05
33,PC13,http_trans_depth_6,-9.157255489215044e-06
33,PC13,http_trans_depth_7,-9.157255339287268e-06
33,PC13,http_trans_depth_8,-9.157255462757192e-06
33,PC13,http_trans_depth_9,-9.15725550685362e-06
33,PC13,http_trans_depth_n/a,-1.8135777578903892e-05
33,PC13,http_method_GET,-0.00018179013623352197
33,PC13,http_method_HEAD,0.00017961586348303369
33,PC13,http_method_POST,-0.00010027011900973552
33,PC13,http_method_n/a,0.00010244439176021271
33,PC13,http_version_1.1,-4.145386654219151e-05
33,PC13,http_version_n/a,4.145386654219551e-05
33,PC13,weird_addl_43,-4.143075813715009e-05
33,PC13,weird_addl_46,-0.005069972100797525
33,PC13,weird_addl_48,-0.00033404632493585324
33,PC13,weird_addl_n/a,0.005445449183870545
33,PC13,weird_notice_F,-0.006235034669233263
33,PC13,weird_notice_n/a,0.006235034669233258
33,PC14,duration,0.0016946268825491582
33,PC14,src_bytes,0.00032029807517036657
33,PC14,dst_bytes,0.0003486350248322334
33,PC14,missed_bytes,8.574247683645897e-05
33,PC14,src_pkts,0.0006470395405223928
33,PC14,src_ip_bytes,7.400661017485655e-05
33,PC14,dst_pkts,0.00017598974763995134
33,PC14,dst_ip_bytes,0.00011841576600424286
33,PC14,dns_qclass,8.251801579362006e-05
33,PC14,dns_qtype,-0.0019081286383378915
33,PC14,dns_rcode,0.006074854528855297
33,PC14,http_request_body_len,-1.3468395131666089e-05
33,PC14,http_response_body_len,-8.749999727869495e-05
33,PC14,http_status_code,-0.0002952767386959626
33,PC14,dns_query,-0.0012388414665723824
33,PC14,ssl_version,0.010128082236565888
33,PC14,ssl_cipher,0.01012808223656575
33,PC14,ssl_subject,0.00021973797971001213
33,PC14,ssl_issuer,0.0002197379797100234
33,PC14,http_uri,-0.0008652696170793478
33,PC14,http_user_agent,-0.0008652696170793617
33,PC14,http_orig_mime_types,-3.4435724149132346e-05
33,PC14,http_resp_mime_types,-0.00027619675162139385
33,PC14,weird_name,0.009994354418215768
33,PC14,proto_icmp,0.7824177769067512
33,PC14,proto_tcp,-0.31707001309726646
33,PC14,proto_udp,-0.4653477638094822
33,PC14,service_dce_rpc,-0.0004328381755943042
33,PC14,service_dhcp,-0.0003055813263271351
33,PC14,service_dns,0.04571219464318114
33,PC14,service_ftp,0.01743594398243241
33,PC14,service_gssapi,-0.0015044890157526285
33,PC14,service_http,-0.1158391168740416
33,PC14,service_n/a,-0.002240098344379005
33,PC14,service_smb,0.001025351280425306
33,PC14,service_smb;gssapi,0.00019297174514692464
33,PC14,service_ssl,0.055955662084907695
33,PC14,conn_state_OTH,-0.09049526904816882
33,PC14,conn_state_REJ,-0.057989375192152116
33,PC14,conn_state_RSTO,0.017538626128921323
33,PC14,conn_state_RSTOS0,0.0005663411833200731
33,PC14,conn_state_RSTR,0.003663777017573253
33,PC14,conn_state_RSTRH,0.024693356235219423
33,PC14,conn_state_S0,0.0526800662032103
33,PC14,conn_state_S1,-0.08313518750760254
33,PC14,conn_state_S2,-0.0024829229972561195
33,PC14,conn_state_S3,0.10611722698967098
33,PC14,conn_state_SF,0.05220303836369653
33,PC14,conn_state_SH,-0.09031144678847194
33,PC14,conn_state_SHR,0.06695176941203883
33,PC14,dns_AA_F,0.0008932365164846442
33,PC14,dns_AA_T,0.0005129740614664841
33,PC14,dns_AA_n/a,-0.0014062105779512049
33,PC14,dns_RD_F,0.005674434479779778
33,PC14,dns_RD_T,-0.004268223901828477
33,PC14,dns_RD_n/a,-0.0014062105779511828
33,PC14,dns_RA_F,-0.00704111122835787
33,PC14,dns_RA_T,0.008447321806309265
33,PC14,dns_RA_n/a,-0.0014062105779511745
33,PC14,dns_rejected_F,-0.0055295203699573595
33,PC14,dns_rejected_T,0.006935730947908603
33,PC14,dns_rejected_n/a,-0.0014062105779511802
33,PC14,ssl_resumed_F,0.021582138858655293
33,PC14,ssl_resumed_T,0.00249775396519447
33,PC14,ssl_resumed_n/a,-0.02407989282384981
33,PC14,ssl_established_F,0.02136240087894529
33,PC14,ssl_established_T,0.0027174919449044926
33,PC14,ssl_established_n/a,-0.024079892823849813
33,PC14,http_trans_depth_1,-0.00048284229510646084
33,PC14,http_trans_depth_10,-3.5172346346018076e-06
33,PC14,http_trans_depth_2,-0.00010905153426096313
33,PC14,http_trans_depth_6,-3.517234328546137e-06
33,PC14,http_trans_depth_7,-3.5172349066514257e-06
33,PC14,http_trans_depth_8,-3.517234430564684e-06
33,PC14,http_trans_depth_9,-3.5172342605336737e-06
33,PC14,http_trans_depth_n/a,0.0006094800019283184
33,PC14,http_method_GET,-0.0008183188952843763
33,PC14,http_method_HEAD,-9.100294233765171e-06
33,PC14,http_method_POST,-3.785042756121659e-05
33,PC14,http_method_n/a,0.0008652696170793578
33,PC14,http_version_1.1,-0.000521168561235816
33,PC14,http_version_n/a,0.0005211685612358147
33,PC14,weird_addl_43,7.093452643167609e-05
33,PC14,weird_addl_46,0.0060601406217501725
33,PC14,weird_addl_48,0.0003169282353743715
33,PC14,weird_addl_n/a,-0.006448003383556281
33,PC14,weird_notice_F,0.009994354418215745
33,PC14,weird_notice_n/a,-0.009994354418215778
33,PC15,duration,-0.00016851622753384063
33,PC15,src_bytes,-0.0004929295488944989
33,PC15,dst_bytes,-0.0005116522458681258
33,PC15,missed_bytes,-0.00013190228080185717
33,PC15,src_pkts,-6.236718128947369e-05
33,PC15,src_ip_bytes,-5.4215138142656855e-05
33,PC15,dst_pkts,-0.0001285903566618108
33,PC15,dst_ip_bytes,-0.00013491001225532026
33,PC15,dns_qclass,0.09345015544589239
33,PC15,dns_qtype,0.28662034225093347
33,PC15,dns_rcode,0.2314993084207594
33,PC15,http_request_body_len,1.4171672823998227e-05
33,PC15,http_response_body_len,0.00022692909704823822
33,PC15,http_status_code,0.0007026114018530843
33,PC15,dns_query,0.05438855758970899
33,PC15,ssl_version,-0.020765184901399836
33,PC15,ssl_cipher,-0.02076518490139989
33,PC15,ssl_subject,-0.0004920722042714015
33,PC15,ssl_issuer,-0.0004920722042712766
33,PC15,http_uri,0.0016545435570405331
33,PC15,http_user_agent,0.0016545435570406442
33,PC15,http_orig_mime_types,3.634277253183882e-05
33,PC15,http_resp_mime_types,0.00044805919664539506
33,PC15,weird_name,-0.03883189527261764
33,PC15,proto_icmp,0.03735114982897762
33,PC15,proto_tcp,0.0013510981570024373
33,PC15,proto_udp,-0.0387022479859804
33,PC15,service_dce_rpc,0.0010870938829238533
33,PC15,service_dhcp,0.0003471433289405853
33,PC15,service_dns,0.05463213148605232
33,PC15,service_ftp,-0.014177637837666708
33,PC15,service_gssapi,0.0035637920126440634
33,PC15,service_http,0.11820165028900663
33,PC15,service_n/a,-0.06516472451399469
33,PC15,service_smb,0.0014048634625985629
33,PC15,service_smb;gssapi,0.00026296293282066776
33,PC15,service_ssl,-0.1001572750433247
33,PC15,conn_state_OTH,0.04792911444131975
33,PC15,conn_state_REJ,0.05233282442768376
33,PC15,conn_state_RSTO,-0.025319200639780496
33,PC15,conn_state_RSTOS0,-0.0008288586920356668
33,PC15,conn_state_RSTR,0.03716178274377863
33,PC15,conn_state_RSTRH,-0.03882928153446481
33,PC15,conn_state_S0,0.086792514294049
33,PC15,conn_state_S1,0.05795216220249092
33,PC15,conn_state_S2,0.01197021205449963
33,PC15,conn_state_S3,-0.12608159370114957
33,PC15,conn_state_SF,-0.1341927202615896
33,PC15,conn_state_SH,0.06962237165847689
33,PC15,conn_state_SHR,-0.03850932699327901
33,PC15,dns_AA_F,0.01495374841566976
33,PC15,dns_AA_T,0.06521185300597987
33,PC15,dns_AA_n/a,-0.08016560142164869
33,PC15,dns_RD_F,0.28377634642399147
33,PC15,dns_RD_T,-0.20361074500234208
33,PC15,dns_RD_n/a,-0.08016560142164869
33,PC15,dns_RA_F,-0.3601600453326523
33,PC15,dns_RA_T,0.4403256467543023
33,PC15,dns_RA_n/a,-0.08016560142164868
33,PC15,dns_rejected_F,-0.3226550049601984
33,PC15,dns_rejected_T,0.40282060638185013
33,PC15,dns_rejected_n/a,-0.08016560142164869
33,PC15,ssl_resumed_F,-0.045488907274508335
33,PC15,ssl_resumed_T,-0.0048661720316682255
33,PC15,ssl_resumed_n/a,0.0503550793061766
33,PC15,ssl_established_F,-0.044996835070237017
33,PC15,ssl_established_T,-0.005358244235939631
33,PC15,ssl_established_n/a,0.05035507930617665
33,PC15,http_trans_depth_1,0.0011396498533266602
33,PC15,http_trans_depth_10,3.764781928134474e-06
33,PC15,http_trans_depth_2,0.00025305809732927345
33,PC15,http_trans_depth_6,3.7647808479163436e-06
33,PC15,http_trans_depth_7,3.764782888328485e-06
33,PC15,http_trans_depth_8,3.7647812079890076e-06
33,PC15,http_trans_depth_9,3.7647806078676836e-06
33,PC15,http_trans_depth_n/a,-0.0014115318581361678
33,PC15,http_method_GET,0.0015541932176204045
33,PC15,http_method_HEAD,6.042328903926376e-05
33,PC15,http_method_POST,3.992705038076037e-05
33,PC15,http_method_n/a,-0.0016545435570404269
33,PC15,http_version_1.1,0.001233610216063687
33,PC15,http_version_n/a,-0.0012336102160636852
33,PC15,weird_addl_43,-0.0002729029642069011
33,PC15,weird_addl_46,-0.027666981227576576
33,PC15,weird_addl_48,-0.0012688266334146764
33,PC15,weird_addl_n/a,0.029208710825198353
33,PC15,weird_notice_F,-0.03883189527261754
33,PC15,weird_notice_n/a,0.03883189527261753
33,PC16,duration,9.955052805049693e-05
33,PC16,src_bytes,-0.00014712458201692272
33,PC16,dst_bytes,-0.00019387487375364248
33,PC16,missed_bytes,-8.859415426685016e-05
33,PC16,src_pkts,-0.00017484117846781194
33,PC16,src_ip_bytes,-8.916587683955625e-05
33,PC16,dst_pkts,-0.0002941927385886039
33,PC16,dst_ip_bytes,-0.00021069916524663548
33,PC16,dns_qclass,0.015504668025698467
33,PC16,dns_qtype,0.11492418717547728
33,PC16,dns_rcode,-0.02152806736615329
33,PC16,http_request_body_len,-4.7332395298888e-05
33,PC16,http_response_body_len,9.813303467777479e-05
33,PC16,http_status_code,-0.0012443219819800932
33,PC16,dns_query,0.017802903226400726
33,PC16,ssl_version,0.10205140942523055
33,PC16,ssl_cipher,0.10205140942522958
33,PC16,ssl_subject,0.003608180949741052
33,PC16,ssl_issuer,0.003608180949741052
33,PC16,http_uri,-0.0014355690275274944
33,PC16,http_user_agent,-0.0014355690275274224
33,PC16,http_orig_mime_types,-0.0001224979339934048
33,PC16,http_resp_mime_types,-0.0021614561554758605
33,PC16,weird_name,-0.10717920157701288
33,PC16,proto_icmp,-0.039040326653272395
33,PC16,proto_tcp,-0.005505280869814555
33,PC16,proto_udp,0.04454560752308648
33,PC16,service_dce_rpc,0.007094636685106764
33,PC16,service_dhcp,0.0034944900250682264
33,PC16,service_dns,-0.13135445716421212
33,PC16,service_ftp,0.1325685588824806
33,PC16,service_gssapi,0.01988045829421283
33,PC16,service_http,-0.2792509962959114
33,PC16,service_n/a,-0.31858862939249266
33,PC16,service_smb,0.015170398228510894
33,PC16,service_smb;gssapi,0.002830720454928747
33,PC16,service_ssl,0.5481548202823091
33,PC16,conn_state_OTH,0.018846965022982023
33,PC16,conn_state_REJ,0.02095092296980478
33,PC16,conn_state_RSTO,0.09181433042366319
33,PC16,conn_state_RSTOS0,-0.0007450736524633713
33,PC16,conn_state_RSTR,0.2189668617343753
33,PC16,conn_state_RSTRH,-0.01726350046562551
33,PC16,conn_state_S0,-0.020113540347472477
33,PC16,conn_state_S1,0.014895906100220733
33,PC16,conn_state_S2,0.004200498945290344
33,PC16,conn_state_S3,-0.08029411518880625
33,PC16,conn_state_SF,-0.04282173107275303
33,PC16,conn_state_SH,0.026858570873387968
33,PC16,conn_state_SHR,-0.23529609534260337
33,PC16,dns_AA_F,-0.012185732725038891
33,PC16,dns_AA_T,-0.013902826922287025
33,PC16,dns_AA_n/a,0.026088559647326304
33,PC16,dns_RD_F,0.005673330214594128
33,PC16,dns_RD_T,-0.03176188986192031
33,PC16,dns_RD_n/a,0.026088559647326294
33,PC16,dns_RA_F,-0.04187696107729501
33,PC16,dns_RA_T,0.015788401429968908
33,PC16,dns_RA_n/a,0.026088559647326284
33,PC16,dns_rejected_F,-0.05502424884677638
33,PC16,dns_rejected_T,0.028935689199450932
33,PC16,dns_rejected_n/a,0.026088559647326287
33,PC16,ssl_resumed_F,0.23958625974592843
33,PC16,ssl_resumed_T,0.03102274536684189
33,PC16,ssl_resumed_n/a,-0.2706090051127708
33,PC16,ssl_established_F,0.23597807879618776
33,PC16,ssl_established_T,0.03463092631658296
33,PC16,ssl_established_n/a,-0.27060900511277103
33,PC16,http_trans_depth_1,-0.0023445538365500906
33,PC16,http_trans_depth_10,-1.213921806504863e-05
33,PC16,http_trans_depth_2,3.6862662454256104e-05
33,PC16,http_trans_depth_6,-1.2139218603219443e-05
33,PC16,http_trans_depth_7,-1.213921758667502e-05
33,PC16,http_trans_depth_8,-1.2139218423829e-05
33,PC16,http_trans_depth_9,-1.2139218722812785e-05
33,PC16,http_trans_depth_n/a,0.0023683872654974036
33,PC16,http_method_GET,-0.0013374344530242218
33,PC16,http_method_HEAD,3.627352982199341e-05
33,PC16,http_method_POST,-0.00013440810432527314
33,PC16,http_method_n/a,0.001435569027527507
33,PC16,http_version_1.1,-0.0023592677286614462
33,PC16,http_version_n/a,0.002359267728661447
33,PC16,weird_addl_43,-0.0010885569665007356
33,PC16,weird_addl_46,-0.09012257689725342
33,PC16,weird_addl_48,-0.004183462197263652
33,PC16,weird_addl_n/a,0.09539459606101851
33,PC16,weird_notice_F,-0.10717920157701268
33,PC16,weird_notice_n/a,0.10717920157701269
33,PC17,duration,0.000730689448008828
33,PC17,src_bytes,-7.618405626294567e-05
33,PC17,dst_bytes,-9.532282427573979e-05
33,PC17,missed_bytes,-2.9365819001342386e-05
33,PC17,src_pkts,0.0011109781840381028
33,PC17,src_ip_bytes,0.000506454315872984
33,PC17,dst_pkts,0.0005952835883413915
33,PC17,dst_ip_bytes,0.0009763806878787858
33,PC17,dns_qclass,0.020900416283867962
33,PC17,dns_qtype,0.0046929130168192335
33,PC17,dns_rcode,0.022517005473491947
33,PC17,http_request_body_len,1.1620150211666402e-05
33,PC17,http_response_body_len,0.0001284963116075788
33,PC17,http_status_code,0.0008174136837262608
33,PC17,dns_query,0.02119662796164523
33,PC17,ssl_version,0.025435626355864493
33,PC17,ssl_cipher,0.025435626355864493
33,PC17,ssl_subject,0.0008483000094481885
33,PC17,ssl_issuer,0.0008483000094481399
33,PC17,http_uri,0.00198302680765039
33,PC17,http_user_agent,0.0019830268076504037
33,PC17,http_orig_mime_types,3.072547710936124e-05
33,PC17,http_resp_mime_types,0.0012151190790380476
33,PC17,weird_name,0.46556958078246335
33,PC17,proto_icmp,-0.014333814495330333
33,PC17,proto_tcp,-0.00220486861181457
33,PC17,proto_udp,0.016538683107144767
33,PC17,service_dce_rpc,0.0014024508759584659
33,PC17,service_dhcp,0.0006649326530612488
33,PC17,service_dns,-0.061785276558358304
33,PC17,service_ftp,0.019414953444439973
33,PC17,service_gssapi,0.0040556274388550044
33,PC17,service_http,-0.02315733500959338
33,PC17,service_n/a,-0.06158270406613923
33,PC17,service_smb,0.002922892981455311
33,PC17,service_smb;gssapi,0.0005447956415146817
33,PC17,service_ssl,0.11751966259880724
33,PC17,conn_state_OTH,0.017515334960709922
33,PC17,conn_state_REJ,0.018776150266494363
33,PC17,conn_state_RSTO,0.017289886580608364
33,PC17,conn_state_RSTOS0,0.0015906902478421703
33,PC17,conn_state_RSTR,0.05095969825902576
33,PC17,conn_state_RSTRH,-0.019557644505221294
33,PC17,conn_state_S0,0.003939319729798425
33,PC17,conn_state_S1,0.01942432163016245
33,PC17,conn_state_S2,0.0021928982234351658
33,PC17,conn_state_S3,-0.015637622700732184
33,PC17,conn_state_SF,-0.02528236248707911
33,PC17,conn_state_SH,0.0225866229331323
33,PC17,conn_state_SHR,-0.09379729313817484
33,PC17,dns_AA_F,0.019211700910785393
33,PC17,dns_AA_T,-0.014085282820324545
33,PC17,dns_AA_n/a,-0.005126418090461226
33,PC17,dns_RD_F,0.032617444447753406
33,PC17,dns_RD_T,-0.027491026357292368
33,PC17,dns_RD_n/a,-0.005126418090461249
33,PC17,dns_RA_F,-0.03991339450984446
33,PC17,dns_RA_T,0.045039812600305734
33,PC17,dns_RA_n/a,-0.005126418090461238
33,PC17,dns_rejected_F,-0.036552505271806784
33,PC17,dns_rejected_T,0.04167892336226819
33,PC17,dns_rejected_n/a,-0.005126418090461249
33,PC17,ssl_resumed_F,0.06089698459350107
33,PC17,ssl_resumed_T,0.006936212370262199
33,PC17,ssl_resumed_n/a,-0.06783319696376332
33,PC17,ssl_established_F,0.060048684584052964
33,PC17,ssl_established_T,0.007784512379710332
33,PC17,ssl_established_n/a,-0.06783319696376336
33,PC17,http_trans_depth_1,0.0014385356729690053
33,PC17,http_trans_depth_10,3.377671299374315e-06
33,PC17,http_trans_depth_2,0.00014590780239353144
33,PC17,http_trans_depth_6,3.3776705618560523e-06
33,PC17,http_trans_depth_7,3.3776719549461345e-06
33,PC17,http_trans_depth_8,3.3776708076951713e-06
33,PC17,http_trans_depth_9,3.3776703979627664e-06
33,PC17,http_trans_depth_n/a,-0.0016013318303843655
33,PC17,http_method_GET,0.0019121617846027793
33,PC17,http_method_HEAD,3.7248046442057095e-05
33,PC17,http_method_POST,3.3616976605578956e-05
33,PC17,http_method_n/a,-0.00198302680765042
33,PC17,http_version_1.1,0.0015418570524771177
33,PC17,http_version_n/a,-0.0015418570524771086
33,PC17,weird_addl_43,0.003973007966598208
33,PC17,weird_addl_46,0.3657764636412247
33,PC17,weird_addl_48,0.017165477440348506
33,PC17,weird_addl_n/a,-0.38691494904817425
33,PC17,weird_notice_F,0.4655695807824625
33,PC17,weird_notice_n/a,-0.46556958078246247
33,PC18,duration,-2.3878729123712298e-05
33,PC18,src_bytes,0.00041562794793470427
33,PC18,dst_bytes,0.0004445714863920659
33,PC18,missed_bytes,0.0001264760869959993
33,PC18,src_pkts,5.250657588520271e-05
33,PC18,src_ip_bytes,3.595266811117761e-05
33,PC18,dst_pkts,2.802128043864283e-05
33,PC18,dst_ip_bytes,2.2981307834407314e-05
33,PC18,dns_qclass,-0.20173599909962708
33,PC18,dns_qtype,0.8792194567764361
33,PC18,dns_rcode,-0.22652821608449747
33,PC18,http_request_body_len,-2.8831217722308927e-05
33,PC18,http_response_body_len,-0.00048159689834124594
33,PC18,http_status_code,-0.0017226950827733825
33,PC18,dns_query,0.025078001424817937
33,PC18,ssl_version,-0.0018111284287224017
33,PC18,ssl_cipher,-0.0018111284287223167
33,PC18,ssl_subject,-0.00010676691254718051
33,PC18,ssl_issuer,-0.00010676691254717444
33,PC18,http_uri,-0.003278067551445422
33,PC18,http_user_agent,-0.0032780675514454717
33,PC18,http_orig_mime_types,-7.456340178641288e-05
33,PC18,http_resp_mime_types,-0.001216321301964307
33,PC18,weird_name,0.021363351177755535
33,PC18,proto_icmp,-0.011772866324176907
33,PC18,proto_tcp,-0.004111466260214566
33,PC18,proto_udp,0.015884332584388094
33,PC18,service_dce_rpc,-0.0018656718640429615
33,PC18,service_dhcp,-0.0008920012481570261
33,PC18,service_dns,0.04988574987404809
33,PC18,service_ftp,-0.04988420304438322
33,PC18,service_gssapi,-0.005844789363328377
33,PC18,service_http,-0.04499443488778577
33,PC18,service_n/a,0.06745305133822893
33,PC18,service_smb,-0.01176560625033338
33,PC18,service_smb;gssapi,-0.0021765302896705283
33,PC18,service_ssl,8.443573542842443e-05
33,PC18,conn_state_OTH,0.007692463709976903
33,PC18,conn_state_REJ,0.008054148044611948
33,PC18,conn_state_RSTO,-0.022521230152887865
33,PC18,conn_state_RSTOS0,-6.275294387824019e-05
33,PC18,conn_state_RSTR,-0.21752303155277958
33,PC18,conn_state_RSTRH,-0.018086408851130477
33,PC18,conn_state_S0,-0.018542109477552502
33,PC18,conn_state_S1,0.01724583046604706
33,PC18,conn_state_S2,-0.024967498855175796
33,PC18,conn_state_S3,0.11238389093786881
33,PC18,conn_state_SF,0.12668867511318221
33,PC18,conn_state_SH,0.009807279164742073
33,PC18,conn_state_SHR,0.019830744396974905
33,PC18,dns_AA_F,0.027396564381898674
33,PC18,dns_AA_T,-0.0668882786142173
33,PC18,dns_AA_n/a,0.039491714232320715
33,PC18,dns_RD_F,-0.10358190874028163
33,PC18,dns_RD_T,0.0640901945079604
33,PC18,dns_RD_n/a,0.039491714232320715
33,PC18,dns_RA_F,0.06249013451834153
33,PC18,dns_RA_T,-0.10198184875066019
33,PC18,dns_RA_n/a,0.03949171423232071
33,PC18,dns_rejected_F,-0.012120330562129798
33,PC18,dns_rejected_T,-0.02737138367018612
33,PC18,dns_rejected_n/a,0.03949171423232071
33,PC18,ssl_resumed_F,-0.0011329140711455925
33,PC18,ssl_resumed_T,-0.0019472216437132134
33,PC18,ssl_resumed_n/a,0.0030801357148588855
33,PC18,ssl_established_F,-0.001026147158598459
33,PC18,ssl_established_T,-0.002053988556260399
33,PC18,ssl_established_n/a,0.0030801357148589068
33,PC18,http_trans_depth_1,-0.0027111949383877352
33,PC18,http_trans_depth_10,-7.689445427597332e-06
33,PC18,http_trans_depth_2,-0.0005351165492462233
33,PC18,http_trans_depth_6,-7.689441833814754e-06
33,PC18,http_trans_depth_7,-7.689448622071563e-06
33,PC18,http_trans_depth_8,-7.68944303174207e-06
33,PC18,http_trans_depth_9,-7.689441035196086e-06
33,PC18,http_trans_depth_n/a,0.0032847587075843813
33,PC18,http_method_GET,-0.0030189906908304103
33,PC18,http_method_HEAD,-0.00017726709577445542
33,PC18,http_method_POST,-8.180976484062167e-05
33,PC18,http_method_n/a,0.0032780675514454643
33,PC18,http_version_1.1,-0.0031095749883886616
33,PC18,http_version_n/a,0.0031095749883886725
33,PC18,weird_addl_43,7.072197302426742e-05
33,PC18,weird_addl_46,0.014965275182462478
33,PC18,weird_addl_48,0.0012738924948714808
33,PC18,weird_addl_n/a,-0.016309889650358372
33,PC18,weird_notice_F,0.02136335117775562
33,PC18,weird_notice_n/a,-0.021363351177755584
33,PC19,duration,0.0006347804057880523
33,PC19,src_bytes,-0.00023816956540683581
33,PC19,dst_bytes,-0.0004337687371610416
33,PC19,missed_bytes,-0.0001192366322660815
33,PC19,src_pkts,0.00032255982038033315
33,PC19,src_ip_bytes,0.00017935177459376533
33,PC19,dst_pkts,0.0007941884307623021
33,PC19,dst_ip_bytes,0.0006570440234942229
33,PC19,dns_qclass,-0.09910659409506098
33,PC19,dns_qtype,0.18694693397443202
33,PC19,dns_rcode,0.028969227366189926
33,PC19,http_request_body_len,0.0001296739262801605
33,PC19,http_response_body_len,0.0012599722366619104
33,PC19,http_status_code,0.005538258133010759
33,PC19,dns_query,-0.020958982065769197
33,PC19,ssl_version,-0.021062394633041562
33,PC19,ssl_cipher,-0.021062394633041492
33,PC19,ssl_subject,-0.0011387023031545762
33,PC19,ssl_issuer,-0.0011387023031545485
33,PC19,http_uri,0.009228415868839462
33,PC19,http_user_agent,0.009228415868839324
33,PC19,http_orig_mime_types,0.0003360357672189118
33,PC19,http_resp_mime_types,0.004978230834162656
33,PC19,weird_name,0.011255483126496657
33,PC19,proto_icmp,-0.008863874203906413
33,PC19,proto_tcp,-0.007468555502282148
33,PC19,proto_udp,0.016332429706187826
33,PC19,service_dce_rpc,-0.0023025092489042664
33,PC19,service_dhcp,-0.0007136132845718818
33,PC19,service_dns,-0.1400168621884026
33,PC19,service_ftp,0.14426025552302482
33,PC19,service_gssapi,-0.006660479026622632
33,PC19,service_http,0.03772674556164693
33,PC19,service_n/a,0.06417313652416258
33,PC19,service_smb,0.026381173647290514
33,PC19,service_smb;gssapi,0.004861267149275494
33,PC19,service_ssl,-0.12770911465689735
33,PC19,conn_state_OTH,-0.16312185091676315
33,PC19,conn_state_REJ,-0.16976685035320813
33,PC19,conn_state_RSTO,0.1500221991896356
33,PC19,conn_state_RSTOS0,0.00428505581294878
33,PC19,conn_state_RSTR,0.48808636103038294
33,PC19,conn_state_RSTRH,0.5969893068578022
33,PC19,conn_state_S0,-0.17900551052548674
33,PC19,conn_state_S1,-0.19465081474345888
33,PC19,conn_state_S2,0.05241402483835366
33,PC19,conn_state_S3,-0.2480849450429275
33,PC19,conn_state_SF,-0.13792181729202072
33,PC19,conn_state_SH,-0.19683632239745794
33,PC19,conn_state_SHR,-0.0024088364577997253
33,PC19,dns_AA_F,0.016415964525880143
33,PC19,dns_AA_T,0.005194963351299163
33,PC19,dns_AA_n/a,-0.021610927877179
33,PC19,dns_RD_F,-0.016878020107233726
33,PC19,dns_RD_T,0.0384889479844126
33,PC19,dns_RD_n/a,-0.021610927877179
33,PC19,dns_RA_F,0.03409862375182337
33,PC19,dns_RA_T,-0.012487695874643911
33,PC19,dns_RA_n/a,-0.021610927877178984
33,PC19,dns_rejected_F,0.046445513862860506
33,PC19,dns_rejected_T,-0.02483458598568058
33,PC19,dns_rejected_n/a,-0.02161092787717899
33,PC19,ssl_resumed_F,-0.06076407049427646
33,PC19,ssl_resumed_T,-0.003970956292129053
33,PC19,ssl_resumed_n/a,0.06473502678640554
33,PC19,ssl_established_F,-0.05962536819112186
33,PC19,ssl_established_T,-0.005109658595283702
33,PC19,ssl_established_n/a,0.06473502678640557
33,PC19,http_trans_depth_1,0.008662868002999168
33,PC19,http_trans_depth_10,3.404780410702341e-05
33,PC19,http_trans_depth_2,0.0014762734499979393
33,PC19,http_trans_depth_6,3.404779358805807e-05
33,PC19,http_trans_depth_7,3.404781345721597e-05
33,PC19,http_trans_depth_8,3.404779709437951e-05
33,PC19,http_trans_depth_9,3.404779125050952e-05
33,PC19,http_trans_depth_n/a,-0.010309380452494268
33,PC19,http_method_GET,0.008512869119608201
33,PC19,http_method_HEAD,0.0003469741690815454
33,PC19,http_method_POST,0.00036857258014953617
33,PC19,http_method_n/a,-0.009228415868839282
33,PC19,http_version_1.1,0.010323425387050465
33,PC19,http_version_n/a,-0.010323425387050474
33,PC19,weird_addl_43,0.00021554482521643457
33,PC19,weird_addl_46,0.009399485603354654
33,PC19,weird_addl_48,0.0003355869560606625
33,PC19,weird_addl_n/a,-0.009950617384631804
33,PC19,weird_notice_F,0.011255483126496635
33,PC19,weird_notice_n/a,-0.011255483126496671
33,PC20,duration,-0.0003338427369900136
33,PC20,src_bytes,0.00016495657489731808
33,PC20,dst_bytes,0.00018686651248003838
33,PC20,missed_bytes,6.41203797300191e-05
33,PC20,src_pkts,-8.407056425634857e-05
33,PC20,src_ip_bytes,-3.3069959688363654e-05
33,PC20,dst_pkts,-0.0005314073280325987
33,PC20,dst_ip_bytes,-0.0005492004478162178
33,PC20,dns_qclass,0.03275483721932971
33,PC20,dns_qtype,-0.0350739683600441
33,PC20,dns_rcode,-0.33788472703215183
33,PC20,http_request_body_len,-0.00037255807783515005
33,PC20,http_response_body_len,-0.0018607810156114346
33,PC20,http_status_code,-0.012074017635735373
33,PC20,dns_query,0.09362317156779437
33,PC20,ssl_version,-0.13857442444815196
33,PC20,ssl_cipher,-0.1385744244481507
33,PC20,ssl_subject,-0.0029820350088683445
33,PC20,ssl_issuer,-0.0029820350088682612
33,PC20,http_uri,-0.02038415387213985
33,PC20,http_user_agent,-0.020384153872140015
33,PC20,http_orig_mime_types,-0.0009682369633776493
33,PC20,http_resp_mime_types,-0.013867410713005512
33,PC20,weird_name,0.006006094122158301
33,PC20,proto_icmp,0.006046220696308183
33,PC20,proto_tcp,0.0030870690733838524
33,PC20,proto_udp,-0.009133289769692021
33,PC20,service_dce_rpc,0.008172608711294632
33,PC20,service_dhcp,0.0034378701749598894
33,PC20,service_dns,0.14611431021141655
33,PC20,service_ftp,0.3063569586651004
33,PC20,service_gssapi,0.022982435205846807
33,PC20,service_http,-0.27032629436611966
33,PC20,service_n/a,-0.20733762861866611
33,PC20,service_smb,0.02688047472881043
33,PC20,service_smb;gssapi,0.00493222795193037
33,PC20,service_ssl,-0.04121296266457425
33,PC20,conn_state_OTH,0.027003949781910827
33,PC20,conn_state_REJ,0.02843805138860719
33,PC20,conn_state_RSTO,-0.117196599361229
33,PC20,conn_state_RSTOS0,-0.0007550499059900439
33,PC20,conn_state_RSTR,0.34988074858694446
33,PC20,conn_state_RSTRH,-0.22234379696948028
33,PC20,conn_state_S0,0.034034760221778655
33,PC20,conn_state_S1,0.035913435146975314
33,PC20,conn_state_S2,-0.02874416344177923
33,PC20,conn_state_S3,0.07881185940796662
33,PC20,conn_state_SF,0.07685720006103143
33,PC20,conn_state_SH,0.032571576047126585
33,PC20,conn_state_SHR,-0.2944719709638619
33,PC20,dns_AA_F,-0.008107569914846036
33,PC20,dns_AA_T,-0.05869505649450908
33,PC20,dns_AA_n/a,0.06680262640935503
33,PC20,dns_RD_F,-0.02692351958713073
33,PC20,dns_RD_T,-0.03987910682222453
33,PC20,dns_RD_n/a,0.06680262640935504
33,PC20,dns_RA_F,-0.00613161817527911
33,PC20,dns_RA_T,-0.06067100823407636
33,PC20,dns_RA_n/a,0.06680262640935503
33,PC20,dns_rejected_F,-0.12076656465471362
33,PC20,dns_rejected_T,0.053963938245357376
33,PC20,dns_rejected_n/a,0.06680262640935503
33,PC20,ssl_resumed_F,-0.2481319153606203
33,PC20,ssl_resumed_T,-0.016569138920070076
33,PC20,ssl_resumed_n/a,0.26470105428069085
33,PC20,ssl_established_F,-0.24514988035175259
33,PC20,ssl_established_T,-0.019551173928938424
33,PC20,ssl_established_n/a,0.26470105428069135
33,PC20,http_trans_depth_1,-0.019977320055521223
33,PC20,http_trans_depth_10,-9.820253394914424e-05
33,PC20,http_trans_depth_2,-0.002436258299414867
33,PC20,http_trans_depth_6,-9.8202516625856e-05
33,PC20,http_trans_depth_7,-9.820254934762607e-05
33,PC20,http_trans_depth_8,-9.820252240028444e-05
33,PC20,http_trans_depth_9,-9.82025127762346e-05
33,PC20,http_trans_depth_n/a,0.02290459099003521
33,PC20,http_method_GET,-0.01919669647368056
33,PC20,http_method_HEAD,-0.00012594702132455134
33,PC20,http_method_POST,-0.0010615103771347933
33,PC20,http_method_n/a,0.020384153872139897
33,PC20,http_version_1.1,-0.0224698102961898
33,PC20,http_version_n/a,0.0224698102961898
33,PC20,weird_addl_43,-0.0002444171081322174
33,PC20,weird_addl_46,0.010663527421109981
33,PC20,weird_addl_48,0.0007880161807402785
33,PC20,weird_addl_n/a,-0.011207126493718104
33,PC20,weird_notice_F,0.006006094122158329
33,PC20,weird_notice_n/a,-0.006006094122158362
33,PC21,duration,-0.00019169397307075372
33,PC21,src_bytes,1.6152641801884388e-05
33,PC21,dst_bytes,6.552217326533452e-05
33,PC21,missed_bytes,1.2368976511535276e-05
33,PC21,src_pkts,-9.647452705745588e-05
33,PC21,src_ip_bytes,-6.410908338959354e-05
33,PC21,dst_pkts,-0.0003327981706409515
33,PC21,dst_ip_bytes,-0.00029188593417544054
33,PC21,dns_qclass,-0.25500133448287954
33,PC21,dns_qtype,0.15781496905938136
33,PC21,dns_rcode,0.766614514535068
33,PC21,http_request_body_len,-0.00015951995731185165
33,PC21,http_response_body_len,-0.0008015833293581048
33,PC21,http_status_code,-0.004837449249233419
33,PC21,dns_query,-0.04814932271418789
33,PC21,ssl_version,-0.037095102923540714
33,PC21,ssl_cipher,-0.03709510292354033
33,PC21,ssl_subject,-0.0008196441171753888
33,PC21,ssl_issuer,-0.0008196441171754052
33,PC21,http_uri,-0.00858487429965396
33,PC21,http_user_agent,-0.008584874299653766
33,PC21,http_orig_mime_types,-0.00041446908834866236
33,PC21,http_resp_mime_types,-0.005592160362632714
33,PC21,weird_name,0.0036947488286072083
33,PC21,proto_icmp,0.005353016145594261
33,PC21,proto_tcp,0.0031572425541784577
33,PC21,proto_udp,-0.008510258699773433
33,PC21,service_dce_rpc,0.0027888108447602644
33,PC21,service_dhcp,0.0012726450063647587
33,PC21,service_dns,-0.0060282745371274815
33,PC21,service_ftp,0.12061608543615626
33,PC21,service_gssapi,0.008000751714662191
33,PC21,service_http,-0.0708829777865121
33,PC21,service_n/a,-0.06818067107588902
33,PC21,service_smb,0.012356564498813758
33,PC21,service_smb;gssapi,0.0022628168850686438
33,PC21,service_ssl,-0.002205750986295529
33,PC21,conn_state_OTH,0.02314937410785506
33,PC21,conn_state_REJ,0.02398902234572011
33,PC21,conn_state_RSTO,-0.05960199228963059
33,PC21,conn_state_RSTOS0,-0.0006797423000476247
33,PC21,conn_state_RSTR,0.18674209276527393
33,PC21,conn_state_RSTRH,-0.2816704919960987
33,PC21,conn_state_S0,0.03549228490330828
33,PC21,conn_state_S1,0.027188851687344487
33,PC21,conn_state_S2,-0.011338291111973795
33,PC21,conn_state_S3,0.03429205340809194
33,PC21,conn_state_SF,0.01993994701485139
33,PC21,conn_state_SH,0.027163547789735093
33,PC21,conn_state_SHR,-0.024666656324429447
33,PC21,dns_AA_F,-0.05051286170518054
33,PC21,dns_AA_T,0.005021813270447725
33,PC21,dns_AA_n/a,0.045491048434732735
33,PC21,dns_RD_F,-0.061312227546903145
33,PC21,dns_RD_T,0.01582117911217015
33,PC21,dns_RD_n/a,0.045491048434732714
33,PC21,dns_RA_F,-0.019646736306693207
33,PC21,dns_RA_T,-0.025844312128038813
33,PC21,dns_RA_n/a,0.045491048434732735
33,PC21,dns_rejected_F,0.2333289748095095
33,PC21,dns_rejected_T,-0.2788200232442402
33,PC21,dns_rejected_n/a,0.04549104843473274
33,PC21,ssl_resumed_F,-0.06899738767630621
33,PC21,ssl_resumed_T,-0.0034984645269764514
33,PC21,ssl_resumed_n/a,0.07249585220328275
33,PC21,ssl_established_F,-0.06817774355913109
33,PC21,ssl_established_T,-0.004318108644151841
33,PC21,ssl_established_n/a,0.07249585220328292
33,PC21,http_trans_depth_1,-0.007871479113112484
33,PC21,http_trans_depth_10,-4.231977362761847e-05
33,PC21,http_trans_depth_2,-0.0010504630149801154
33,PC21,http_trans_depth_6,-4.231976581066914e-05
33,PC21,http_trans_depth_7,-4.231978057601874e-05
33,PC21,http_trans_depth_8,-4.2319768416318245e-05
33,PC21,http_trans_depth_9,-4.231976407356874e-05
33,PC21,http_trans_depth_n/a,0.009133540980596794
33,PC21,http_method_GET,-0.008115678252049613
33,PC21,http_method_HEAD,-1.4798075900323152e-05
33,PC21,http_method_POST,-0.00045439797170394294
33,PC21,http_method_n/a,0.00858487429965389
33,PC21,http_version_1.1,-0.008993973447925026
33,PC21,http_version_n/a,0.008993973447925031
33,PC21,weird_addl_43,-1.1823957793977266e-05
33,PC21,weird_addl_46,0.003571144485605946
33,PC21,weird_addl_48,0.00031425944559996394
33,PC21,weird_addl_n/a,-0.003873579973412023
33,PC21,weird_notice_F,0.0036947488286072617
33,PC21,weird_notice_n/a,-0.00369474882860724
33,PC22,duration,-0.00015622255205429127
33,PC22,src_bytes,-0.00018034117347145127
33,PC22,dst_bytes,-0.0002502990897549195
33,PC22,missed_bytes,-0.00017059881087365218
33,PC22,src_pkts,-0.0003576975554275743
33,PC22,src_ip_bytes,8.852548446569575e-05
33,PC22,dst_pkts,0.0001496769401768249
33,PC22,dst_ip_bytes,-0.00074485184854578
33,PC22,dns_qclass,0.17169224543395545
33,PC22,dns_qtype,-0.020337776670989238
33,PC22,dns_rcode,0.20281673268115535
33,PC22,http_request_body_len,-0.0035474817492269495
33,PC22,http_response_body_len,-0.012397021232413583
33,PC22,http_status_code,-0.09943082654299971
33,PC22,dns_query,0.07333983188737632
33,PC22,ssl_version,-0.056439411530897536
33,PC22,ssl_cipher,-0.05643941153089681
33,PC22,ssl_subject,-0.00040699846075900603
33,PC22,ssl_issuer,-0.00040699846075913093
33,PC22,http_uri,-0.17783014713720416
33,PC22,http_user_agent,-0.17783014713720435
33,PC22,http_orig_mime_types,-0.009251855103789619
33,PC22,http_resp_mime_types,-0.1236194348586821
33,PC22,weird_name,0.0020657232787432145
33,PC22,proto_icmp,-0.0019752605221671216
33,PC22,proto_tcp,-0.0010170581390082645
33,PC22,proto_udp,0.0029923186611766073
33,PC22,service_dce_rpc,0.0070705535851405266
33,PC22,service_dhcp,0.0028288748398194175
33,PC22,service_dns,0.1570474340613775
33,PC22,service_ftp,-0.04661678675735668
33,PC22,service_gssapi,0.02079606299484027
33,PC22,service_http,-0.10527903247368856
33,PC22,service_n/a,-0.1483367493040978
33,PC22,service_smb,-0.01629367663101805
33,PC22,service_smb;gssapi,-0.0029609424991471353
33,PC22,service_ssl,0.13174426218413
33,PC22,conn_state_OTH,0.04094165923285969
33,PC22,conn_state_REJ,0.042673832055846656
33,PC22,conn_state_RSTO,-0.13823680588922108
33,PC22,conn_state_RSTOS0,-0.0014795323244362023
33,PC22,conn_state_RSTR,-0.3654413931437024
33,PC22,conn_state_RSTRH,0.533604600354326
33,PC22,conn_state_S0,0.03350108942762425
33,PC22,conn_state_S1,0.04380371223949634
33,PC22,conn_state_S2,-0.011562154381797307
33,PC22,conn_state_S3,0.02091382085909479
33,PC22,conn_state_SF,0.0051314734359378805
33,PC22,conn_state_SH,0.047226520063090055
33,PC22,conn_state_SHR,-0.2510768219291171
33,PC22,dns_AA_F,-0.044344959205798395
33,PC22,dns_AA_T,-0.02222606337970623
33,PC22,dns_AA_n/a,0.0665710225855049
33,PC22,dns_RD_F,-0.031025796702421407
33,PC22,dns_RD_T,-0.035545225883082746
33,PC22,dns_RD_n/a,0.06657102258550485
33,PC22,dns_RA_F,-0.045494247199031404
33,PC22,dns_RA_T,-0.021076775386473304
33,PC22,dns_RA_n/a,0.06657102258550485
33,PC22,dns_rejected_F,0.01575332723771579
33,PC22,dns_rejected_T,-0.08232434982321953
33,PC22,dns_rejected_n/a,0.06657102258550487
33,PC22,ssl_resumed_F,-0.06988015262937716
33,PC22,ssl_resumed_T,-0.005902246856262269
33,PC22,ssl_resumed_n/a,0.07578239948563974
33,PC22,ssl_established_F,-0.06947315416861836
33,PC22,ssl_established_T,-0.006309245317021331
33,PC22,ssl_established_n/a,0.07578239948564003
33,PC22,http_trans_depth_1,-0.1635633596446419
33,PC22,http_trans_depth_10,-0.0009456549454088011
33,PC22,http_trans_depth_2,-0.017790514514100086
33,PC22,http_trans_depth_6,-0.0009456548032259792
33,PC22,http_trans_depth_7,-0.0009456550717935609
33,PC22,http_trans_depth_8,-0.0009456548506202437
33,PC22,http_trans_depth_9,-0.0009456547716297792
33,PC22,http_trans_depth_n/a,0.1860821486014198
33,PC22,http_method_GET,-0.16484923623319653
33,PC22,http_method_HEAD,-0.0028439807535850037
33,PC22,http_method_POST,-0.010136930150423057
33,PC22,http_method_n/a,0.17783014713720452
33,PC22,http_version_1.1,-0.18269623804843219
33,PC22,http_version_n/a,0.18269623804843219
33,PC22,weird_addl_43,-0.00024119003240678782
33,PC22,weird_addl_46,0.006711004325130165
33,PC22,weird_addl_48,0.000597096323409492
33,PC22,weird_addl_n/a,-0.0070669106161327655
33,PC22,weird_notice_F,0.0020657232787433047
33,PC22,weird_notice_n/a,-0.002065723278743329
33,PC23,duration,0.0001608958223303299
33,PC23,src_bytes,1.7270451563836456e-05
33,PC23,dst_bytes,-2.5027552265240866e-05
33,PC23,missed_bytes,-0.0001920679927199971
33,PC23,src_pkts,-0.0009374833173651544
33,PC23,src_ip_bytes,-0.00015294638726520357
33,PC23,dst_pkts,-7.701206238444613e-05
33,PC23,dst_ip_bytes,-0.0012454495944053783
33,PC23,dns_qclass,-0.10643204204252192
33,PC23,dns_qtype,0.00985894472295793
33,PC23,dns_rcode,-0.12556673541352625
33,PC23,http_request_body_len,-0.005680603555723127
33,PC23,http_response_body_len,-0.019323864638451385
33,PC23,http_status_code,-0.15558929099521976
33,PC23,dns_query,-0.06075629998817787
33,PC23,ssl_version,0.06148247236642625
33,PC23,ssl_cipher,0.06148247236642586
33,PC23,ssl_subject,0.0006796309470513962
33,PC23,ssl_issuer,0.000679630947051299
33,PC23,http_uri,-0.2830515899013514
33,PC23,http_user_agent,-0.2830515899013516
33,PC23,http_orig_mime_types,-0.014816692994395614
33,PC23,http_resp_mime_types,-0.19547510851659994
33,PC23,weird_name,-0.00032790527142617654
33,PC23,proto_icmp,0.0007304782626558204
33,PC23,proto_tcp,0.0004551956886078429
33,PC23,proto_udp,-0.0011856739512636216
33,PC23,service_dce_rpc,-0.0055410263090569095
33,PC23,service_dhcp,-0.00223700900206264
33,PC23,service_dns,-0.11512667760538962
33,PC23,service_ftp,0.014187301178724576
33,PC23,service_gssapi,-0.01623958543241283
33,PC23,service_http,0.10470822732555389
33,PC23,service_n/a,0.11400756499606388
33,PC23,service_smb,0.010859007378397609
33,PC23,service_smb;gssapi,0.001971794006247351
33,PC23,service_ssl,-0.10658959653606359
33,PC23,conn_state_OTH,-0.021639789180202436
33,PC23,conn_state_REJ,-0.02264452298041711
33,PC23,conn_state_RSTO,-0.08726989745254338
33,PC23,conn_state_RSTOS0,0.0008043367995980606
33,PC23,conn_state_RSTR,0.2615126956283167
33,PC23,conn_state_RSTRH,-0.24783894120763408
33,PC23,conn_state_S0,-0.017572691613762674
33,PC23,conn_state_S1,-0.022124539089010596
33,PC23,conn_state_S2,-0.00010819258393615638
33,PC23,conn_state_S3,-0.010310070215878125
33,PC23,conn_state_SF,-0.0037461019389330302
33,PC23,conn_state_SH,-0.025053581442724335
33,PC23,conn_state_SHR,0.19599129527712883
33,PC23,dns_AA_F,0.03153779868354871
33,PC23,dns_AA_T,0.019919318759060414
33,PC23,dns_AA_n/a,-0.05145711744260897
33,PC23,dns_RD_F,0.025217893570740287
33,PC23,dns_RD_T,0.026239223871868167
33,PC23,dns_RD_n/a,-0.05145711744260898
33,PC23,dns_RA_F,0.030756892085610582
33,PC23,dns_RA_T,0.020700225356997753
33,PC23,dns_RA_n/a,-0.05145711744260897
33,PC23,dns_rejected_F,-0.006640293493875585
33,PC23,dns_rejected_T,0.05809741093648331
33,PC23,dns_rejected_n/a,-0.05145711744260899
33,PC23,ssl_resumed_F,0.08144805248833917
33,PC23,ssl_resumed_T,0.007857012880078673
33,PC23,ssl_resumed_n/a,-0.08930506536841798
33,PC23,ssl_established_F,0.08076842154128797
33,PC23,ssl_established_T,0.008536643827130035
33,PC23,ssl_established_n/a,-0.08930506536841806
33,PC23,http_trans_depth_1,-0.25557126671018815
33,PC23,http_trans_depth_10,-0.0015179316433442205
33,PC23,http_trans_depth_2,-0.027969779212080964
33,PC23,http_trans_depth_6,-0.0015179314183740057
33,PC23,http_trans_depth_7,-0.0015179318433177899
33,PC23,http_trans_depth_8,-0.0015179314933640616
33,PC23,http_trans_depth_9,-0.0015179313683805966
33,PC23,http_trans_depth_n/a,0.29113070368904903
33,PC23,http_method_GET,-0.26282033119382586
33,PC23,http_method_HEAD,-0.003997560816022674
33,PC23,http_method_POST,-0.016233697891503213
33,PC23,http_method_n/a,0.28305158990135154
33,PC23,http_version_1.1,-0.2854973167407601
33,PC23,http_version_n/a,0.28549731674076007
33,PC23,weird_addl_43,0.00023559609962275126
33,PC23,weird_addl_46,7.412990270565245e-06
33,PC23,weird_addl_48,-0.00027056752993784294
33,PC23,weird_addl_n/a,2.7558440044733734e-05
33,PC23,weird_notice_F,-0.0003279052714260872
33,PC23,weird_notice_n/a,0.00032790527142613924
33,PC24,duration,0.0002583174244462255
33,PC24,src_bytes,0.00041785851105130556
33,PC24,dst_bytes,0.00033662505368262444
33,PC24,missed_bytes,8.665507714401138e-05
33,PC24,src_pkts,4.236143025148492e-05
33,PC24,src_ip_bytes,-8.818917591885134e-06
33,PC24,dst_pkts,2.7550928806248376e-05
33,PC24,dst_ip_bytes,0.00012025039683885574
33,PC24,dns_qclass,0.9025245592548519
33,PC24,dns_qtype,0.2237171232988323
33,PC24,dns_rcode,0.11313096279546772
33,PC24,http_request_body_len,-0.0001874599171709096
33,PC24,http_response_body_len,-0.00023617250005388002
33,PC24,http_status_code,-0.004324911928081668
33,PC24,dns_query,0.0018218563016370592
33,PC24,ssl_version,0.0071110190554793395
33,PC24,ssl_cipher,0.00711101905547927
33,PC24,ssl_subject,-0.0003298922950155242
33,PC24,ssl_issuer,-0.0003298922950154548
33,PC24,http_uri,-0.0088029029113844
33,PC24,http_user_agent,-0.008802902911384164
33,PC24,http_orig_mime_types,-0.0004913231268810769
33,PC24,http_resp_mime_types,-0.006383074510273465
33,PC24,weird_name,0.0017234498227433892
33,PC24,proto_icmp,-0.007085404674902681
33,PC24,proto_tcp,-0.005177313162481184
33,PC24,proto_udp,0.01226271783738411
33,PC24,service_dce_rpc,-0.004240672322737754
33,PC24,service_dhcp,-0.001680837165216706
33,PC24,service_dns,-0.05712696265600667
33,PC24,service_ftp,0.05811409035257023
33,PC24,service_gssapi,-0.013366924863028998
33,PC24,service_http,-0.004262180846215546
33,PC24,service_n/a,0.07718773395665943
33,PC24,service_smb,0.004686338617000241
33,PC24,service_smb;gssapi,0.0008430401458043735
33,PC24,service_ssl,-0.06015362521883108
33,PC24,conn_state_OTH,-0.03609629106030952
33,PC24,conn_state_REJ,-0.03690765727769861
33,PC24,conn_state_RSTO,0.13212191244358995
33,PC24,conn_state_RSTOS0,0.0015862975065970182
33,PC24,conn_state_RSTR,0.10297484890831819
33,PC24,conn_state_RSTRH,-0.1558847155145507
33,PC24,conn_state_S0,-0.0548386260721804
33,PC24,conn_state_S1,-0.03472719631548034
33,PC24,conn_state_S2,-0.013619408436364805
33,PC24,conn_state_S3,0.0059970869900644545
33,PC24,conn_state_SF,0.04846790813897444
33,PC24,conn_state_SH,-0.04000126835782622
33,PC24,conn_state_SHR,0.0809271090468622
33,PC24,dns_AA_F,-0.018494436288027827
33,PC24,dns_AA_T,0.005545964787798813
33,PC24,dns_AA_n/a,0.012948471500230693
33,PC24,dns_RD_F,-0.08123646220700687
33,PC24,dns_RD_T,0.06828799070678025
33,PC24,dns_RD_n/a,0.012948471500230693
33,PC24,dns_RA_F,0.04914226585672024
33,PC24,dns_RA_T,-0.062090737356946514
33,PC24,dns_RA_n/a,0.012948471500230704
33,PC24,dns_rejected_F,0.08457330113979289
33,PC24,dns_rejected_T,-0.09752177264001496
33,PC24,dns_rejected_n/a,0.0129484715002307
33,PC24,ssl_resumed_F,0.0007726997446101669
33,PC24,ssl_resumed_T,-0.0011762206774117365
33,PC24,ssl_resumed_n/a,0.0004035209328015453
33,PC24,ssl_established_F,0.0011025920396255835
33,PC24,ssl_established_T,-0.0015061129724271843
33,PC24,ssl_established_n/a,0.0004035209328014447
33,PC24,http_trans_depth_1,-0.007332108311918224
33,PC24,http_trans_depth_10,-5.104484362748245e-05
33,PC24,http_trans_depth_2,-0.0005131866823358897
33,PC24,http_trans_depth_6,-5.104484039182855e-05
33,PC24,http_trans_depth_7,-5.104484650362091e-05
33,PC24,http_trans_depth_8,-5.1044841470379285e-05
33,PC24,http_trans_depth_9,-5.1044839672793394e-05
33,PC24,http_trans_depth_n/a,0.008100519205920191
33,PC24,http_method_GET,-0.008137624633043294
33,PC24,http_method_HEAD,-0.00012738570505753735
33,PC24,http_method_POST,-0.0005378925732834332
33,PC24,http_method_n/a,0.008802902911384233
33,PC24,http_version_1.1,-0.007678588930809187
33,PC24,http_version_n/a,0.007678588930809228
33,PC24,weird_addl_43,5.272822001225683e-05
33,PC24,weird_addl_46,0.00019902712212971352
33,PC24,weird_addl_48,0.00015607353194860285
33,PC24,weird_addl_n/a,-0.00040782887409078483
33,PC24,weird_notice_F,0.0017234498227432955
33,PC24,weird_notice_n/a,-0.0017234498227433927
33,PC25,duration,-0.0003868449454896465
33,PC25,src_bytes,0.00031548436623574094
33,PC25,dst_bytes,-0.00026747605718739284
33,PC25,missed_bytes,-0.00013202411187073285
33,PC25,src_pkts,0.0001092835188139761
33,PC25,src_ip_bytes,-6.113443994477247e-05
33,PC25,dst_pkts,-0.0001753500394174462
33,PC25,dst_ip_bytes,0.0005650434460020455
33,PC25,dns_qclass,-0.10840860174067297
33,PC25,dns_qtype,-0.03351515100860862
33,PC25,dns_rcode,-0.00476179871524908
33,PC25,http_request_body_len,-0.0014810658442071384
33,PC25,http_response_body_len,-0.00021806684012348754
33,PC25,http_status_code,-0.03318361072099674
33,PC25,dns_query,0.007240509449832511
33,PC25,ssl_version,-0.08383565268738666
33,PC25,ssl_cipher,-0.0838356526873858
33,PC25,ssl_subject,-0.001160548927299651
33,PC25,ssl_issuer,-0.0011605489272994984
33,PC25,http_uri,-0.058449067646803674
33,PC25,http_user_agent,-0.05844906764680355
33,PC25,http_orig_mime_types,-0.003890386412066349
33,PC25,http_resp_mime_types,-0.05150752585924673
33,PC25,weird_name,0.00046094017684494837
33,PC25,proto_icmp,-0.0005357830314648149
33,PC25,proto_tcp,-0.0011469757475956188
33,PC25,proto_udp,0.0016827587790600729
33,PC25,service_dce_rpc,0.0015691220153239704
33,PC25,service_dhcp,0.0007006773418409273
33,PC25,service_dns,0.007538122734771474
33,PC25,service_ftp,-0.09875559355534888
33,PC25,service_gssapi,0.004866917330505385
33,PC25,service_http,-0.004711631425378671
33,PC25,service_n/a,-0.027645635169472545
33,PC25,service_smb,-0.009266750539599286
33,PC25,service_smb;gssapi,-0.0016622694526596937
33,PC25,service_ssl,0.12736704072001714
33,PC25,conn_state_OTH,-0.05305164083285723
33,PC25,conn_state_REJ,-0.05417931149927338
33,PC25,conn_state_RSTO,0.8648315887899483
33,PC25,conn_state_RSTOS0,0.0024210716655500082
33,PC25,conn_state_RSTR,-0.19552534918680434
33,PC25,conn_state_RSTRH,-0.19381476933639674
33,PC25,conn_state_S0,-0.0547885035011068
33,PC25,conn_state_S1,-0.06080147112100161
33,PC25,conn_state_S2,0.05665429613808111
33,PC25,conn_state_S3,-0.08919870760541519
33,PC25,conn_state_SF,-0.07291785126977862
33,PC25,conn_state_SH,-0.058833360030875595
33,PC25,conn_state_SHR,-0.09079599221007
33,PC25,dns_AA_F,-0.00014460824266830652
33,PC25,dns_AA_T,-0.001685449485532363
33,PC25,dns_AA_n/a,0.001830057728200423
33,PC25,dns_RD_F,0.010335422568172525
33,PC25,dns_RD_T,-0.012165480296373458
33,PC25,dns_RD_n/a,0.0018300577282004023
33,PC25,dns_RA_F,-0.010520517435816694
33,PC25,dns_RA_T,0.008690459707615773
33,PC25,dns_RA_n/a,0.0018300577282004266
33,PC25,dns_rejected_F,-0.012286988929895146
33,PC25,dns_rejected_T,0.010456931201693984
33,PC25,dns_rejected_n/a,0.0018300577282004196
33,PC25,ssl_resumed_F,-0.10271703643124053
33,PC25,ssl_resumed_T,-0.016462999473443297
33,PC25,ssl_resumed_n/a,0.11918003590468439
33,PC25,ssl_established_F,-0.10155648750394115
33,PC25,ssl_established_T,-0.01762354840074304
33,PC25,ssl_established_n/a,0.11918003590468464
33,PC25,http_trans_depth_1,-0.05708940698082061
33,PC25,http_trans_depth_10,-0.0003966560724179964
33,PC25,http_trans_depth_2,-0.0023249202564667145
33,PC25,http_trans_depth_6,-0.00039665606929436365
33,PC25,http_trans_depth_7,-0.0003966560751945694
33,PC25,http_trans_depth_8,-0.0003966560703355706
33,PC25,http_trans_depth_9,-0.0003966560686002162
33,PC25,http_trans_depth_n/a,0.06139760759312991
33,PC25,http_method_GET,-0.05299519785164888
33,PC25,http_method_HEAD,-0.0011961552560458804
33,PC25,http_method_POST,-0.004257714539108965
33,PC25,http_method_n/a,0.05844906764680365
33,PC25,http_version_1.1,-0.05997799929881723
33,PC25,http_version_n/a,0.05997799929881725
33,PC25,weird_addl_43,2.509441947267342e-06
33,PC25,weird_addl_46,0.003798010669491342
33,PC25,weird_addl_48,0.0001181350812963014
33,PC25,weird_addl_n/a,-0.003918655192735002
33,PC25,weird_notice_F,0.0004609401768450455
33,PC25,weird_notice_n/a,-0.0004609401768450559
33,PC26,duration,0.0005736917372414868
33,PC26,src_bytes,0.00012650196859325877
33,PC26,dst_bytes,0.0003946789601530082
33,PC26,missed_bytes,-9.23932832685749e-05
33,PC26,src_pkts,2.392653766305347e-05
33,PC26,src_ip_bytes,3.7662735762562793e-05
33,PC26,dst_pkts,0.0006357842087702445
33,PC26,dst_ip_bytes,0.0004874928234554904
33,PC26,dns_qclass,0.03439730742348457
33,PC26,dns_qtype,0.025689381002924797
33,PC26,dns_rcode,-0.03807410508528676
33,PC26,http_request_body_len,6.818474969724764e-05
33,PC26,http_response_body_len,-0.0009368411161399526
33,PC26,http_status_code,0.001765485584436649
33,PC26,dns_query,-0.3006760171975633
33,PC26,ssl_version,-0.12321082046988288
33,PC26,ssl_cipher,-0.123210820469882
33,PC26,ssl_subject,-0.002130105094837992
33,PC26,ssl_issuer,-0.002130105094837853
33,PC26,http_uri,-0.0005350944189770335
33,PC26,http_user_agent,-0.0005350944189768114
33,PC26,http_orig_mime_types,0.00018714202010631755
33,PC26,http_resp_mime_types,0.004412101821327119
33,PC26,weird_name,0.002104370618443027
33,PC26,proto_icmp,-0.006461585930765346
33,PC26,proto_tcp,-0.005198510975463533
33,PC26,proto_udp,0.011660096906228823
33,PC26,service_dce_rpc,0.004200257671383045
33,PC26,service_dhcp,0.003451673102105479
33,PC26,service_dns,-0.44032547221083373
33,PC26,service_ftp,0.009721281190933871
33,PC26,service_gssapi,0.012977828099899197
33,PC26,service_http,-0.043423851479609726
33,PC26,service_n/a,-0.056078970000876756
33,PC26,service_smb,-0.006328529543496816
33,PC26,service_smb;gssapi,-0.0011177230048569618
33,PC26,service_ssl,0.5169235061753527
33,PC26,conn_state_OTH,-3.3978842496352676e-05
33,PC26,conn_state_REJ,0.0004471947563099779
33,PC26,conn_state_RSTO,-0.18835877222372502
33,PC26,conn_state_RSTOS0,2.329443020042876e-06
33,PC26,conn_state_RSTR,-0.11846029206905889
33,PC26,conn_state_RSTRH,0.007598716571592114
33,PC26,conn_state_S0,-0.009395732895748616
33,PC26,conn_state_S1,-0.0038549456815575754
33,PC26,conn_state_S2,0.01918235608311867
33,PC26,conn_state_S3,-0.031104917045431793
33,PC26,conn_state_SF,-0.010633182256448433
33,PC26,conn_state_SH,0.00044335170089110885
33,PC26,conn_state_SHR,0.33416787245953505
33,PC26,dns_AA_F,0.050971158779452914
33,PC26,dns_AA_T,0.06366839730287475
33,PC26,dns_AA_n/a,-0.1146395560823277
33,PC26,dns_RD_F,0.04807665688911169
33,PC26,dns_RD_T,0.06656289919321622
33,PC26,dns_RD_n/a,-0.11463955608232776
33,PC26,dns_RA_F,0.05552412994953318
33,PC26,dns_RA_T,0.05911542613279532
33,PC26,dns_RA_n/a,-0.11463955608232773
33,PC26,dns_rejected_F,0.05060097313923706
33,PC26,dns_rejected_T,0.06403858294309156
33,PC26,dns_rejected_n/a,-0.11463955608232776
33,PC26,ssl_resumed_F,-0.20000132057320777
33,PC26,ssl_resumed_T,-0.009375465787282626
33,PC26,ssl_resumed_n/a,0.20937678636049104
33,PC26,ssl_established_F,-0.19787121547837055
33,PC26,ssl_established_T,-0.011505570882120583
33,PC26,ssl_established_n/a,0.2093767863604916
33,PC26,http_trans_depth_1,0.0042581494293628805
33,PC26,http_trans_depth_10,1.5292402192886365e-05
33,PC26,http_trans_depth_2,-0.0008932931887697869
33,PC26,http_trans_depth_6,1.52924187479373e-05
33,PC26,http_trans_depth_7,1.5292387477285726e-05
33,PC26,http_trans_depth_8,1.529241322958693e-05
33,PC26,http_trans_depth_9,1.5292422426838045e-05
33,PC26,http_trans_depth_n/a,-0.0034413182846676368
33,PC26,http_method_GET,-0.0006543677544540279
33,PC26,http_method_HEAD,-8.433675384277511e-05
33,PC26,http_method_POST,0.00020361008931990627
33,PC26,http_method_n/a,0.0005350944189768795
33,PC26,http_version_1.1,0.003405335369304917
33,PC26,http_version_n/a,-0.0034053353693049354
33,PC26,weird_addl_43,0.0006752905976700739
33,PC26,weird_addl_46,0.007941075770962897
33,PC26,weird_addl_48,-0.0005372812382736011
33,PC26,weird_addl_n/a,-0.0080790851303594
33,PC26,weird_notice_F,0.002104370618443016
33,PC26,weird_notice_n/a,-0.002104370618443023
33,PC27,duration,-0.00046889936778893277
33,PC27,src_bytes,-0.00012823632069962516
33,PC27,dst_bytes,-0.00017973670558535382
33,PC27,missed_bytes,-2.150933167727881e-05
33,PC27,src_pkts,0.0001235829305972283
33,PC27,src_ip_bytes,-2.851193434292784e-05
33,PC27,dst_pkts,0.0001984401577876417
33,PC27,dst_ip_bytes,0.00011804720601306384
33,PC27,dns_qclass,-0.03098385582801402
33,PC27,dns_qtype,-0.01753170300891452
33,PC27,dns_rcode,0.0003506770931673425
33,PC27,http_request_body_len,-0.00014398137652328613
33,PC27,http_response_body_len,0.00045354193486447925
33,PC27,http_status_code,-0.0023122589117693243
33,PC27,dns_query,-0.1345687434670838
33,PC27,ssl_version,0.049792893345999595
33,PC27,ssl_cipher,0.04979289334599904
33,PC27,ssl_subject,0.0006756231903141362
33,PC27,ssl_issuer,0.0006756231903143062
33,PC27,http_uri,-0.004318347673264916
33,PC27,http_user_agent,-0.004318347673264666
33,PC27,http_orig_mime_types,-0.0003829575634859972
33,PC27,http_resp_mime_types,-0.004550803536047601
33,PC27,weird_name,0.0020978709571558007
33,PC27,proto_icmp,-0.004567231392337279
33,PC27,proto_tcp,-0.004059075040014279
33,PC27,proto_udp,0.008626306432351794
33,PC27,service_dce_rpc,0.013044804051209058
33,PC27,service_dhcp,0.00674607285525013
33,PC27,service_dns,-0.22217640512215175
33,PC27,service_ftp,0.7728506463165298
33,PC27,service_gssapi,0.04184488894337074
33,PC27,service_http,-0.10543287346232161
33,PC27,service_n/a,-0.14040231951370963
33,PC27,service_smb,-0.03144854454841327
33,PC27,service_smb;gssapi,-0.005454083121970166
33,PC27,service_ssl,-0.3295721863977927
33,PC27,conn_state_OTH,0.025498566326028357
33,PC27,conn_state_REJ,0.0266172655667729
33,PC27,conn_state_RSTO,0.11566883558500662
33,PC27,conn_state_RSTOS0,-0.0018126797375492406
33,PC27,conn_state_RSTR,-0.36535544957097493
33,PC27,conn_state_RSTRH,0.049457902632295464
33,PC27,conn_state_S0,0.016821150494620744
33,PC27,conn_state_S1,0.027476204757373827
33,PC27,conn_state_S2,-0.01614849987011125
33,PC27,conn_state_S3,0.020718111451932888
33,PC27,conn_state_SF,-0.0065698331802212274
33,PC27,conn_state_SH,0.027975922599704002
33,PC27,conn_state_SHR,0.0796525029451235
33,PC27,dns_AA_F,0.0163261810028772
33,PC27,dns_AA_T,0.02485919935756737
33,PC27,dns_AA_n/a,-0.0411853803604446
33,PC27,dns_RD_F,0.026705421132311696
33,PC27,dns_RD_T,0.014479959228132677
33,PC27,dns_RD_n/a,-0.04118538036044462
33,PC27,dns_RA_F,0.008952815345870902
33,PC27,dns_RA_T,0.03223256501457355
33,PC27,dns_RA_n/a,-0.0411853803604446
33,PC27,dns_rejected_F,0.01140123032621767
33,PC27,dns_rejected_T,0.029784150034226957
33,PC27,dns_rejected_n/a,-0.04118538036044461
33,PC27,ssl_resumed_F,0.06800173524622577
33,PC27,ssl_resumed_T,-0.010425134165936425
33,PC27,ssl_resumed_n/a,-0.05757660108028936
33,PC27,ssl_established_F,0.06732611205591191
33,PC27,ssl_established_T,-0.009749510975622263
33,PC27,ssl_established_n/a,-0.05757660108028964
33,PC27,http_trans_depth_1,-0.003909648876822599
33,PC27,http_trans_depth_10,-3.909353393535687e-05
33,PC27,http_trans_depth_2,0.0002621522313223221
33,PC27,http_trans_depth_6,-3.909354368937959e-05
33,PC27,http_trans_depth_7,-3.909352526511564e-05
33,PC27,http_trans_depth_8,-3.9093540438038125e-05
33,PC27,http_trans_depth_9,-3.909354585693958e-05
33,PC27,http_trans_depth_n/a,0.003842964334685092
33,PC27,http_method_GET,-0.0033805899060230194
33,PC27,http_method_HEAD,-0.0005195283655682157
33,PC27,http_method_POST,-0.0004182294016735704
33,PC27,http_method_n/a,0.004318347673264732
33,PC27,http_version_1.1,-0.003869246500478201
33,PC27,http_version_n/a,0.0038692465004781973
33,PC27,weird_addl_43,0.00020235858745069999
33,PC27,weird_addl_46,0.0011070247352515244
33,PC27,weird_addl_48,-0.00028372968207825144
33,PC27,weird_addl_n/a,-0.001025653640623951
33,PC27,weird_notice_F,0.0020978709571556602
33,PC27,weird_notice_n/a,-0.0020978709571556186
33,PC28,duration,-0.0001784830926626231
33,PC28,src_bytes,-8.422293032034692e-05
33,PC28,dst_bytes,-1.4568155911723162e-05
33,PC28,missed_bytes,-6.930807168667452e-06
33,PC28,src_pkts,-0.00012113658804837994
33,PC28,src_ip_bytes,-4.372471264234377e-05
33,PC28,dst_pkts,-0.00013465554440410601
33,PC28,dst_ip_bytes,-0.00035494918917136804
33,PC28,dns_qclass,0.013451236102193027
33,PC28,dns_qtype,0.009572654994086334
33,PC28,dns_rcode,-0.003219342147369934
33,PC28,http_request_body_len,-7.16491051277364e-05
33,PC28,http_response_body_len,-0.0011710307942766583
33,PC28,http_status_code,0.0002356821168797464
33,PC28,dns_query,0.07806049621796007
33,PC28,ssl_version,0.003357557682893378
33,PC28,ssl_cipher,0.0033575576828934264
33,PC28,ssl_subject,-4.591233723327988e-05
33,PC28,ssl_issuer,-4.59123372333059e-05
33,PC28,http_uri,-0.001061116673989275
33,PC28,http_user_agent,-0.0010611166739893513
33,PC28,http_orig_mime_types,-0.00016352022072602113
33,PC28,http_resp_mime_types,0.0033973595970868964
33,PC28,weird_name,0.0001722843660933865
33,PC28,proto_icmp,0.0008623497049034257
33,PC28,proto_tcp,0.00030310933022657804
33,PC28,proto_udp,-0.00116545903512974
33,PC28,service_dce_rpc,-0.0002880408555772096
33,PC28,service_dhcp,-9.060900736551636e-05
33,PC28,service_dns,0.00032022158797007094
33,PC28,service_ftp,0.03140083874432398
33,PC28,service_gssapi,-0.0013579304656426983
33,PC28,service_http,-0.017309503540904908
33,PC28,service_n/a,0.0026168893011331643
33,PC28,service_smb,-0.006952741297226242
33,PC28,service_smb;gssapi,-0.0011626568071420279
33,PC28,service_ssl,-0.007176467659568066
33,PC28,conn_state_OTH,-0.07412230899049607
33,PC28,conn_state_REJ,-0.07501672412326381
33,PC28,conn_state_RSTO,-0.1497519120769109
33,PC28,conn_state_RSTOS0,0.00720949333755294
33,PC28,conn_state_RSTR,-0.11062685932815057
33,PC28,conn_state_RSTRH,-0.11636538088113225
33,PC28,conn_state_S0,-0.07245690202420647
33,PC28,conn_state_S1,-0.07700643207883032
33,PC28,conn_state_S2,0.9487591230531724
33,PC28,conn_state_S3,-0.07395011371824457
33,PC28,conn_state_SF,-0.05967012582883176
33,PC28,conn_state_SH,-0.07794240757458412
33,PC28,conn_state_SHR,-0.069059449766075
33,PC28,dns_AA_F,-0.005553050038123047
33,PC28,dns_AA_T,-0.00992669842545637
33,PC28,dns_AA_n/a,0.015479748463579674
33,PC28,dns_RD_F,-0.01115113910292849
33,PC28,dns_RD_T,-0.004328609360651121
33,PC28,dns_RD_n/a,0.015479748463579692
33,PC28,dns_RA_F,-0.001790289646788506
33,PC28,dns_RA_T,-0.013689458816791344
33,PC28,dns_RA_n/a,0.015479748463579699
33,PC28,dns_rejected_F,-0.0037735134227276923
33,PC28,dns_rejected_T,-0.011706235040852154
33,PC28,dns_rejected_n/a,0.01547974846357967
33,PC28,ssl_resumed_F,0.002870293817141375
33,PC28,ssl_resumed_T,-9.915633170488186e-05
33,PC28,ssl_resumed_n/a,-0.0027711374854365225
33,PC28,ssl_established_F,0.0029162061543746357
33,PC28,ssl_established_T,-0.00014506866893820858
33,PC28,ssl_established_n/a,-0.0027711374854364436
33,PC28,http_trans_depth_1,0.0004256269073421746
33,PC28,http_trans_depth_10,-1.4849254695350035e-05
33,PC28,http_trans_depth_2,-0.0013292587591636291
33,PC28,http_trans_depth_6,-1.4849220860478092e-05
33,PC28,http_trans_depth_7,-1.4849284770790465e-05
33,PC28,http_trans_depth_8,-1.4849232138768677e-05
33,PC28,http_trans_depth_9,-1.4849213341618453e-05
33,PC28,http_trans_depth_n/a,0.00097787805762846
33,PC28,http_method_GET,-0.0007126305298303234
33,PC28,http_method_HEAD,-0.00016615898469211733
33,PC28,http_method_POST,-0.00018232715946686032
33,PC28,http_method_n/a,0.001061116673989359
33,PC28,http_version_1.1,-0.0007796210877714545
33,PC28,http_version_n/a,0.0007796210877714475
33,PC28,weird_addl_43,-2.7250595758900476e-05
33,PC28,weird_addl_46,-0.0007678045339388623
33,PC28,weird_addl_48,3.634402810794024e-05
33,PC28,weird_addl_n/a,0.0007587111015898429
33,PC28,weird_notice_F,0.00017228436609349924
33,PC28,weird_notice_n/a,-0.0001722843660934316
33,PC29,duration,0.001426291500787378
33,PC29,src_bytes,9.323023249316331e-05
33,PC29,dst_bytes,0.00041484135024021096
33,PC29,missed_bytes,-0.00015137976400203881
33,PC29,src_pkts,-0.00020506791767981036
33,PC29,src_ip_bytes,-0.00011528323706923999
33,PC29,dst_pkts,0.0013763976162572689
33,PC29,dst_ip_bytes,0.0009920119521021065
33,PC29,dns_qclass,-0.03658970255609675
33,PC29,dns_qtype,-0.03393014048862235
33,PC29,dns_rcode,0.023921482674764186
33,PC29,http_request_body_len,-0.00011287963619574515
33,PC29,http_response_body_len,-0.00033616658118050535
33,PC29,http_status_code,0.0008870676594707472
33,PC29,dns_query,0.8039214209094615
33,PC29,ssl_version,0.18175907256046012
33,PC29,ssl_cipher,0.18175907256045865
33,PC29,ssl_subject,0.00594647354099978
33,PC29,ssl_issuer,0.0059464735409996555
33,PC29,http_uri,-0.007021086505130822
33,PC29,http_user_agent,-0.007021086505131224
33,PC29,http_orig_mime_types,-0.0002946745990365929
33,PC29,http_resp_mime_types,-0.0005801390421932839
33,PC29,weird_name,-0.01020878582696269
33,PC29,proto_icmp,-0.0013603018393029132
33,PC29,proto_tcp,-0.0011908079787385506
33,PC29,proto_udp,0.002551109818043018
33,PC29,service_dce_rpc,-0.00791314713159752
33,PC29,service_dhcp,-0.0007411700137950894
33,PC29,service_dns,-0.2560785571032622
33,PC29,service_ftp,0.11314562555698733
33,PC29,service_gssapi,-0.034191730639547994
33,PC29,service_http,0.05874135571583615
33,PC29,service_n/a,0.030198125880348068
33,PC29,service_smb,-0.027076354891106685
33,PC29,service_smb;gssapi,-0.004041117812568094
33,PC29,service_ssl,0.12795697043870913
33,PC29,conn_state_OTH,-0.00988675556574435
33,PC29,conn_state_REJ,-0.010027026648766445
33,PC29,conn_state_RSTO,-0.0132792674179147
33,PC29,conn_state_RSTOS0,0.0013755028841674639
33,PC29,conn_state_RSTR,-0.05800689504100215
33,PC29,conn_state_RSTRH,-0.01267654747710796
33,PC29,conn_state_S0,-0.01280545637206347
33,PC29,conn_state_S1,-0.012476967316548892
33,PC29,conn_state_S2,-0.07407297201151239
33,PC29,conn_state_S3,-0.02759997988425327
33,PC29,conn_state_SF,-0.03820210133977993
33,PC29,conn_state_SH,-0.01030159516518598
33,PC29,conn_state_SHR,0.27796006135571844
33,PC29,dns_AA_F,-0.03621426555476928
33,PC29,dns_AA_T,-0.04442891903482716
33,PC29,dns_AA_n/a,0.08064318458959774
33,PC29,dns_RD_F,-0.023983879991954588
33,PC29,dns_RD_T,-0.0566593045976435
33,PC29,dns_RD_n/a,0.08064318458959778
33,PC29,dns_RA_F,-0.05243691569388541
33,PC29,dns_RA_T,-0.02820626889571621
33,PC29,dns_RA_n/a,0.08064318458959786
33,PC29,dns_rejected_F,-0.052291080071933865
33,PC29,dns_rejected_T,-0.02835210451766665
33,PC29,dns_rejected_n/a,0.08064318458959775
33,PC29,ssl_resumed_F,-0.1273540888672168
33,PC29,ssl_resumed_T,0.08579866368034883
33,PC29,ssl_resumed_n/a,0.04155542518686818
33,PC29,ssl_established_F,-0.13330056240821658
33,PC29,ssl_established_T,0.09174513722134864
33,PC29,ssl_established_n/a,0.0415554251868691
33,PC29,http_trans_depth_1,0.003456703690683299
33,PC29,http_trans_depth_10,-5.789526348003104e-05
33,PC29,http_trans_depth_2,-0.0006909072062161485
33,PC29,http_trans_depth_6,-5.789524676854135e-05
33,PC29,http_trans_depth_7,-5.789527833469045e-05
33,PC29,http_trans_depth_8,-5.7895252339037666e-05
33,PC29,http_trans_depth_9,-5.7895243054874506e-05
33,PC29,http_trans_depth_n/a,-0.002476320200489924
33,PC29,http_method_GET,-0.006591151537830036
33,PC29,http_method_HEAD,-0.00010794576056817143
33,PC29,http_method_POST,-0.00032198920673313176
33,PC29,http_method_n/a,0.0070210865051313995
33,PC29,http_version_1.1,0.002532648430080114
33,PC29,http_version_n/a,-0.0025326484300800915
33,PC29,weird_addl_43,0.0014415462682058145
33,PC29,weird_addl_46,0.009236906221072247
33,PC29,weird_addl_48,-0.0016299099539573286
33,PC29,weird_addl_n/a,-0.009048542535320642
33,PC29,weird_notice_F,-0.010208785826962765
33,PC29,weird_notice_n/a,0.010208785826962821
33,PC30,duration,0.0004158527022580719
33,PC30,src_bytes,7.277791189859266e-06
33,PC30,dst_bytes,-0.00018624402980613446
33,PC30,missed_bytes,3.455420326830064e-05
33,PC30,src_pkts,3.622339106367639e-05
33,PC30,src_ip_bytes,-9.354106839777956e-06
33,PC30,dst_pkts,-0.0006779879641513453
33,PC30,dst_ip_bytes,-0.00035369357294603304
33,PC30,dns_qclass,0.011196694271734187
33,PC30,dns_qtype,0.010462528251464546
33,PC30,dns_rcode,-0.0074795933780817375
33,PC30,http_request_body_len,9.71292686128937e-06
33,PC30,http_response_body_len,0.0006623754991718894
33,PC30,http_status_code,-0.0007298627017425542
33,PC30,dns_query,-0.28653433496041014
33,PC30,ssl_version,0.504803920286
33,PC30,ssl_cipher,0.5048039202859953
33,PC30,ssl_subject,0.021288963991560786
33,PC30,ssl_issuer,0.021288963991560994
33,PC30,http_uri,0.0028762097300642723
33,PC30,http_user_agent,0.0028762097300654155
33,PC30,http_orig_mime_types,1.1361104036489156e-05
33,PC30,http_resp_mime_types,-0.001458352684953354
33,PC30,weird_name,-0.0015061713138325716
33,PC30,proto_icmp,0.0002614993224969754
33,PC30,proto_tcp,7.352349609614228e-05
33,PC30,proto_udp,-0.0003350228185972637
33,PC30,service_dce_rpc,0.009475008045112449
33,PC30,service_dhcp,0.0029756339100564244
33,PC30,service_dns,0.08386658818156945
33,PC30,service_ftp,-0.05757842505411112
33,PC30,service_gssapi,0.0463479773803504
33,PC30,service_http,-0.04185649278814718
33,PC30,service_n/a,-0.03382181286964179
33,PC30,service_smb,0.01035059222970669
33,PC30,service_smb;gssapi,0.0015035478024812109
33,PC30,service_ssl,-0.02126261683737908
33,PC30,conn_state_OTH,0.005517977848137241
33,PC30,conn_state_REJ,0.005738653154557925
33,PC30,conn_state_RSTO,0.033134718635970783
33,PC30,conn_state_RSTOS0,-0.0012066956223006076
33,PC30,conn_state_RSTR,-0.0015505686555258164
33,PC30,conn_state_RSTRH,0.0057351618852562805
33,PC30,conn_state_S0,0.005954440582002615
33,PC30,conn_state_S1,0.005660767700806341
33,PC30,conn_state_S2,0.02654874515730913
33,PC30,conn_state_S3,0.009342035655762224
33,PC30,conn_state_SF,0.013855177409111283
33,PC30,conn_state_SH,0.005877202505465541
33,PC30,conn_state_SHR,-0.11460761625656668
33,PC30,dns_AA_F,0.011779822504579644
33,PC30,dns_AA_T,0.014594201782843971
33,PC30,dns_AA_n/a,-0.02637402428742481
33,PC30,dns_RD_F,0.008046482162612575
33,PC30,dns_RD_T,0.018327542124812343
33,PC30,dns_RD_n/a,-0.026374024287424948
33,PC30,dns_RA_F,0.01692269030554636
33,PC30,dns_RA_T,0.009451333981881554
33,PC30,dns_RA_n/a,-0.026374024287424858
33,PC30,dns_rejected_F,0.01701580514233826
33,PC30,dns_rejected_T,0.009358219145090496
33,PC30,dns_rejected_n/a,-0.02637402428742478
33,PC30,ssl_resumed_F,-0.2879866032060866
33,PC30,ssl_resumed_T,0.2991903886975956
33,PC30,ssl_resumed_n/a,-0.011203785491509473
33,PC30,ssl_established_F,-0.30927556719764693
33,PC30,ssl_established_T,0.32047935268915656
33,PC30,ssl_established_n/a,-0.01120378549150857
33,PC30,http_trans_depth_1,-0.002459107361173718
33,PC30,http_trans_depth_10,1.5997991559546523e-05
33,PC30,http_trans_depth_2,0.0007977372812607193
33,PC30,http_trans_depth_6,1.599795564686709e-05
33,PC30,http_trans_depth_7,1.5998023481929053e-05
33,PC30,http_trans_depth_8,1.5997967617760673e-05
33,PC30,http_trans_depth_9,1.599794766627132e-05
33,PC30,http_trans_depth_n/a,0.0015813801939404057
33,PC30,http_method_GET,0.002914774728524791
33,PC30,http_method_HEAD,-5.299142317680497e-05
33,PC30,http_method_POST,1.4426424717597572e-05
33,PC30,http_method_n/a,-0.002876209730065832
33,PC30,http_version_1.1,-0.0016100370341394638
33,PC30,http_version_n/a,0.0016100370341394707
33,PC30,weird_addl_43,-0.0007528699789163158
33,PC30,weird_addl_46,0.009431200372519377
33,PC30,weird_addl_48,0.00018009250195863413
33,PC30,weird_addl_n/a,-0.00885842289556199
33,PC30,weird_notice_F,-0.0015061713138330886
33,PC30,weird_notice_n/a,0.0015061713138327243
33,PC31,duration,0.00020215657798158227
33,PC31,src_bytes,0.00023786988426140686
33,PC31,dst_bytes,0.00027844168845286496
33,PC31,missed_bytes,6.455278334183915e-05
33,PC31,src_pkts,-0.00011946233790158505
33,PC31,src_ip_bytes,-4.15732424589579e-05
33,PC31,dst_pkts,0.00036979273371410756
33,PC31,dst_ip_bytes,0.0001612310287411071
33,PC31,dns_qclass,0.005707949809240059
33,PC31,dns_qtype,0.005424952615741296
33,PC31,dns_rcode,-0.0028440001230713
33,PC31,http_request_body_len,1.985382639334201e-06
33,PC31,http_response_body_len,-0.0003039384709883357
33,PC31,http_status_code,0.0005300959088784408
33,PC31,dns_query,0.05973130632471965
33,PC31,ssl_version,-0.001543881643034338
33,PC31,ssl_cipher,-0.001543881643033998
33,PC31,ssl_subject,-0.0018433854991576739
33,PC31,ssl_issuer,-0.0018433854991576036
33,PC31,http_uri,-0.0015292193824159718
33,PC31,http_user_agent,-0.001529219382416732
33,PC31,http_orig_mime_types,1.6801151509611596e-05
33,PC31,http_resp_mime_types,0.0009247084853796026
33,PC31,weird_name,0.0030995245730953344
33,PC31,proto_icmp,0.0015448093996885438
33,PC31,proto_tcp,-0.0007142807608897369
33,PC31,proto_udp,-0.0008305286387965943
33,PC31,service_dce_rpc,0.08213613925345786
33,PC31,service_dhcp,0.03541008951352296
33,PC31,service_dns,-0.2341320712341173
33,PC31,service_ftp,-0.26242656546586846
33,PC31,service_gssapi,0.8477510133665984
33,PC31,service_http,-0.19452686251118978
33,PC31,service_n/a,-0.18595884985315037
33,PC31,service_smb,0.12548839980072196
33,PC31,service_smb;gssapi,0.015628043340743168
33,PC31,service_ssl,-0.22936933621071742
33,PC31,conn_state_OTH,-0.00823938960101181
33,PC31,conn_state_REJ,-0.00611507647499053
33,PC31,conn_state_RSTO,-0.001903152794542104
33,PC31,conn_state_RSTOS0,0.0021018259517580906
33,PC31,conn_state_RSTR,-0.0018392180131042463
33,PC31,conn_state_RSTRH,-0.0071295178917212265
33,PC31,conn_state_S0,-0.005258395200373703
33,PC31,conn_state_S1,-0.005467342653837595
33,PC31,conn_state_S2,-0.00039788314706523664
33,PC31,conn_state_S3,-0.0009101437146995794
33,PC31,conn_state_SF,0.001853430506254361
33,PC31,conn_state_SH,-0.006188546482010952
33,PC31,conn_state_SHR,0.0394934095153482
33,PC31,dns_AA_F,-0.0006811015420559452
33,PC31,dns_AA_T,-0.002916459869940685
33,PC31,dns_AA_n/a,0.0035975614119973277
33,PC31,dns_RD_F,-0.0038853390661671913
33,PC31,dns_RD_T,0.00028777765416995726
33,PC31,dns_RD_n/a,0.003597561411997432
33,PC31,dns_RA_F,0.001340545909444657
33,PC31,dns_RA_T,-0.004938107321443168
33,PC31,dns_RA_n/a,0.0035975614119973416
33,PC31,dns_rejected_F,0.0001510136772561732
33,PC31,dns_rejected_T,-0.0037485750892555236
33,PC31,dns_rejected_n/a,0.0035975614119973347
33,PC31,ssl_resumed_F,0.02192110474653165
33,PC31,ssl_resumed_T,-0.028722830059931287
33,PC31,ssl_resumed_n/a,0.006801725313399835
33,PC31,ssl_established_F,0.023764490245689204
33,PC31,ssl_established_T,-0.030566215559088963
33,PC31,ssl_established_n/a,0.006801725313400175
33,PC31,http_trans_depth_1,0.0014200968862172203
33,PC31,http_trans_depth_10,-9.853144198830843e-06
33,PC31,http_trans_depth_2,-0.0003886224088302942
33,PC31,http_trans_depth_6,-9.853120790827307e-06
33,PC31,http_trans_depth_7,-9.85316500594485e-06
33,PC31,http_trans_depth_8,-9.853128593495351e-06
33,PC31,http_trans_depth_9,-9.853115589048602e-06
33,PC31,http_trans_depth_n/a,-0.0009822088032087409
33,PC31,http_method_GET,-0.0015147674342911172
33,PC31,http_method_HEAD,-3.110722299613268e-05
33,PC31,http_method_POST,1.6655274870490486e-05
33,PC31,http_method_n/a,0.0015292193824170061
33,PC31,http_version_1.1,0.0011895553264019004
33,PC31,http_version_n/a,-0.0011895553264018727
33,PC31,weird_addl_43,0.00041653354850424915
33,PC31,weird_addl_46,-0.00618721158434446
33,PC31,weird_addl_48,0.00018937522518031047
33,PC31,weird_addl_n/a,0.0055813028106601326
33,PC31,weird_notice_F,0.003099524573095718
33,PC31,weird_notice_n/a,-0.003099524573095414
33,PC32,duration,-0.008690370096859011
33,PC32,src_bytes,-0.00010075140126437204
33,PC32,dst_bytes,1.5812522861452516e-05
33,PC32,missed_bytes,3.850259517174104e-05
33,PC32,src_pkts,-0.013100622958191324
33,PC32,src_ip_bytes,-0.006225167401668272
33,PC32,dst_pkts,-0.00792646377731962
33,PC32,dst_ip_bytes,-0.011459625388457295
33,PC32,dns_qclass,0.0004926872401636723
33,PC32,dns_qtype,0.002411963158878122
33,PC32,dns_rcode,-0.0005186902453538141
33,PC32,http_request_body_len,0.0003309025433738469
33,PC32,http_response_body_len,0.0010538606120643335
33,PC32,http_status_code,0.0016515180320527262
33,PC32,dns_query,-0.010579235430082379
33,PC32,ssl_version,-0.009667231900914286
33,PC32,ssl_cipher,-0.009667231900914564
33,PC32,ssl_subject,0.0002076216228372174
33,PC32,ssl_issuer,0.0002076216228371619
33,PC32,http_uri,0.0020747911078288217
33,PC32,http_user_agent,0.0020747911078290715
33,PC32,http_orig_mime_types,0.0007856955579953473
33,PC32,http_resp_mime_types,-0.0025367311316420865
33,PC32,weird_name,-0.3153328571080421
33,PC32,proto_icmp,0.0008928792335097524
33,PC32,proto_tcp,0.0009133390148510223
33,PC32,proto_udp,-0.0018062182483608719
33,PC32,service_dce_rpc,0.00014442218004105667
33,PC32,service_dhcp,-8.396709057829563e-05
33,PC32,service_dns,0.0010510165024892465
33,PC32,service_ftp,-0.00433330485915856
33,PC32,service_gssapi,0.008224977148575445
33,PC32,service_http,-0.0030600904332007683
33,PC32,service_n/a,3.367085356303229e-05
33,PC32,service_smb,0.003464554117020376
33,PC32,service_smb;gssapi,0.00037833650898228726
33,PC32,service_ssl,-0.005819614927734339
33,PC32,conn_state_OTH,0.0013216448687720815
33,PC32,conn_state_REJ,0.001284825888305659
33,PC32,conn_state_RSTO,0.002674371334458416
33,PC32,conn_state_RSTOS0,-0.029052616768168168
33,PC32,conn_state_RSTR,0.005013093970761273
33,PC32,conn_state_RSTRH,0.0013475553644204542
33,PC32,conn_state_S0,0.004111054887236855
33,PC32,conn_state_S1,0.00142938635267308
33,PC32,conn_state_S2,0.004592062432030662
33,PC32,conn_state_S3,0.0030659268383821927
33,PC32,conn_state_SF,0.0043824823736308225
33,PC32,conn_state_SH,0.0017843803676283556
33,PC32,conn_state_SHR,-0.0019541679101321248
33,PC32,dns_AA_F,0.002039937321156862
33,PC32,dns_AA_T,-0.0010052827254850658
33,PC32,dns_AA_n/a,-0.001034654595671299
33,PC32,dns_RD_F,-0.0010676840331405452
33,PC32,dns_RD_T,0.002102338628811781
33,PC32,dns_RD_n/a,-0.0010346545956713218
33,PC32,dns_RA_F,0.0019231966720857645
33,PC32,dns_RA_T,-0.0008885420764143254
33,PC32,dns_RA_n/a,-0.0010346545956712962
33,PC32,dns_rejected_F,0.001834426827476269
33,PC32,dns_rejected_T,-0.0007997722318047028
33,PC32,dns_rejected_n/a,-0.001034654595671326
33,PC32,ssl_resumed_F,0.011375661217035631
33,PC32,ssl_resumed_T,-0.0014401531820509776
33,PC32,ssl_resumed_n/a,-0.009935508034984712
33,PC32,ssl_established_F,0.011168039594198518
33,PC32,ssl_established_T,-0.001232531559213808
33,PC32,ssl_established_n/a,-0.009935508034984764
33,PC32,http_trans_depth_1,0.00040211224263554744
33,PC32,http_trans_depth_10,6.438478212944869e-05
33,PC32,http_trans_depth_2,0.0015273270945144297
33,PC32,http_trans_depth_6,6.438468406916428e-05
33,PC32,http_trans_depth_7,6.438486929414651e-05
33,PC32,http_trans_depth_8,6.438471675592607e-05
33,PC32,http_trans_depth_9,6.43846622779887e-05
33,PC32,http_trans_depth_n/a,-0.0022513630516766314
33,PC32,http_method_GET,0.0009816673341542924
33,PC32,http_method_HEAD,0.00022589747703849713
33,PC32,http_method_POST,0.0008672262966362827
33,PC32,http_method_n/a,-0.0020747911078291383
33,PC32,http_version_1.1,0.002038665508016344
33,PC32,http_version_n/a,-0.002038665508016372
33,PC32,weird_addl_43,-0.016206653884282704
33,PC32,weird_addl_46,0.6344197326058251
33,PC32,weird_addl_48,-0.07949791956243704
33,PC32,weird_addl_n/a,-0.5387151591591018
33,PC32,weird_notice_F,-0.3153328571080415
33,PC32,weird_notice_n/a,0.31533285710804154
33,PC33,duration,-0.000560722217552881
33,PC33,src_bytes,-4.50323555694211e-05
33,PC33,dst_bytes,-2.315235996070298e-05
33,PC33,missed_bytes,-2.9856551588968057e-05
33,PC33,src_pkts,-8.882469553802078e-06
33,PC33,src_ip_bytes,5.026077982707737e-05
33,PC33,dst_pkts,0.00010512238862364458
33,PC33,dst_ip_bytes,7.490889015195502e-05
33,PC33,dns_qclass,-0.0008754471225384626
33,PC33,dns_qtype,-0.0008165249464979333
33,PC33,dns_rcode,0.0005349603784676402
33,PC33,http_request_body_len,-2.405029412230861e-05
33,PC33,http_response_body_len,7.924415319219083e-05
33,PC33,http_status_code,-5.503381165851179e-05
33,PC33,dns_query,0.009617276800863831
33,PC33,ssl_version,0.06723927274969772
33,PC33,ssl_cipher,0.06723927274969854
33,PC33,ssl_subject,-0.0009431563726508699
33,PC33,ssl_issuer,-0.0009431563726515647
33,PC33,http_uri,-0.0005582049135956328
33,PC33,http_user_agent,-0.0005582049135990502
33,PC33,http_orig_mime_types,-5.400096955335276e-05
33,PC33,http_resp_mime_types,0.00018812686784708266
33,PC33,weird_name,0.00013551635163390127
33,PC33,proto_icmp,-0.00031574668313685134
33,PC33,proto_tcp,-0.00027446928011441545
33,PC33,proto_udp,0.0005902159632615693
33,PC33,service_dce_rpc,0.34739032523324725
33,PC33,service_dhcp,0.08727476621945253
33,PC33,service_dns,-0.17499158138130483
33,PC33,service_ftp,-0.16253513459874644
33,PC33,service_gssapi,-0.3743464209069623
33,PC33,service_http,-0.16435403275679472
33,PC33,service_n/a,-0.16662847026460115
33,PC33,service_smb,0.7488523892965665
33,PC33,service_smb;gssapi,0.02199298679208886
33,PC33,service_ssl,-0.1626548276329367
33,PC33,conn_state_OTH,0.004955267805759486
33,PC33,conn_state_REJ,0.004936275048932459
33,PC33,conn_state_RSTO,0.005534581293908922
33,PC33,conn_state_RSTOS0,-0.0052817182381160455
33,PC33,conn_state_RSTR,-0.05163606454521434
33,PC33,conn_state_RSTRH,0.005005001185935332
33,PC33,conn_state_S0,0.004197445766683287
33,PC33,conn_state_S1,0.00483436136578147
33,PC33,conn_state_S2,0.004332779628338487
33,PC33,conn_state_S3,0.003886335631991103
33,PC33,conn_state_SF,0.003104577581145955
33,PC33,conn_state_SH,0.004963043750640703
33,PC33,conn_state_SHR,0.01116811372424379
33,PC33,dns_AA_F,-5.4754456847966315e-05
33,PC33,dns_AA_T,4.9227662857004306e-05
33,PC33,dns_AA_n/a,5.526793992793877e-06
33,PC33,dns_RD_F,0.00036825281877617133
33,PC33,dns_RD_T,-0.00037377961276920807
33,PC33,dns_RD_n/a,5.526793993106127e-06
33,PC33,dns_RA_F,-0.0004634594590233708
33,PC33,dns_RA_T,0.000457932665025404
33,PC33,dns_RA_n/a,5.526793992668977e-06
33,PC33,dns_rejected_F,-0.00034473054142034054
33,PC33,dns_rejected_T,0.0003392037474188245
33,PC33,dns_rejected_n/a,5.526793992675916e-06
33,PC33,ssl_resumed_F,0.02967038524195867
33,PC33,ssl_resumed_T,-0.08003982426616173
33,PC33,ssl_resumed_n/a,0.050369439024204085
33,PC33,ssl_established_F,0.030613541614609135
33,PC33,ssl_established_T,-0.08098298063881289
33,PC33,ssl_established_n/a,0.05036943902420622
33,PC33,http_trans_depth_1,0.00016363616232934006
33,PC33,http_trans_depth_10,-4.2439631441532415e-06
33,PC33,http_trans_depth_2,5.900005217386595e-05
33,PC33,http_trans_depth_6,-4.2439766017387835e-06
33,PC33,http_trans_depth_7,-4.243951181855718e-06
33,PC33,http_trans_depth_8,-4.2439721158774365e-06
33,PC33,http_trans_depth_9,-4.24397959231245e-06
33,PC33,http_trans_depth_n/a,-0.00020141637186681105
33,PC33,http_method_GET,6.195064256973165e-05
33,PC33,http_method_HEAD,-0.0005603755784639964
33,PC33,http_method_POST,-5.977997770524981e-05
33,PC33,http_method_n/a,0.0005582049136001188
33,PC33,http_version_1.1,0.00018163480660241677
33,PC33,http_version_n/a,-0.000181634806602278
33,PC33,weird_addl_43,0.00014089360567154027
33,PC33,weird_addl_46,0.00017549642959951983
33,PC33,weird_addl_48,-0.0003302805686835608
33,PC33,weird_addl_n/a,1.389053341445401e-05
33,PC33,weird_notice_F,0.00013551635163579906
33,PC33,weird_notice_n/a,-0.00013551635163469578
45,PC1,duration,-3.383402868329472e-05
45,PC1,src_bytes,-1.3156741360043078e-05
45,PC1,dst_bytes,-1.3509780265041904e-05
45,PC1,missed_bytes,-3.9194132448808205e-06
45,PC1,src_pkts,-2.7535701781365848e-05
45,PC1,src_ip_bytes,-1.67164975094151e-05
45,PC1,dst_pkts,-1.0579060893145383e-05
45,PC1,dst_ip_bytes,-1.899732146799449e-05
45,PC1,dns_qclass,0.006541155859231469
45,PC1,dns_qtype,0.028383358615869044
45,PC1,dns_rcode,0.026156907782616274
45,PC1,http_request_body_len,-2.2766848982236724e-06
45,PC1,http_response_body_len,-9.228417912972334e-06
45,PC1,http_status_code,-6.531106067362926e-05
45,PC1,dns_query,0.2812492374150176
45,PC1,ssl_version,-0.0001939420276569071
45,PC1,ssl_cipher,-0.0001939420276569075
45,PC1,ssl_subject,-4.351655580625092e-06
45,PC1,ssl_issuer,-4.351655580625092e-06
45,PC1,http_uri,-0.00011129518958761717
45,PC1,http_user_agent,-0.00011129518958761717
45,PC1,http_orig_mime_types,-5.798667264595216e-06
45,PC1,http_resp_mime_types,-7.552984411031417e-05
45,PC1,weird_name,0.0009051340672469665
45,PC1,proto_icmp,-0.0036667033501436865
45,PC1,proto_tcp,-0.27450590502330063
45,PC1,proto_udp,0.2781726083734441
45,PC1,service_dce_rpc,-6.888038200664701e-05
45,PC1,service_dhcp,6.217476513376599e-06
45,PC1,service_dns,0.2906307953647016
45,PC1,service_ftp,-0.000539168190958113
45,PC1,service_gssapi,-0.00018897783397887563
45,PC1,service_http,-0.02793597006991057
45,PC1,service_n/a,-0.260836853180844
45,PC1,service_smb,-7.133703059085737e-05
45,PC1,service_smb;gssapi,-1.3624597359959011e-05
45,PC1,service_ssl,-0.0009822015555661172
45,PC1,conn_state_OTH,-0.14157631971078474
45,PC1,conn_state_REJ,-0.04379163576043283
45,PC1,conn_state_RSTO,-0.0013152313387436304
45,PC1,conn_state_RSTOS0,-6.456838901129206e-05
45,PC1,conn_state_RSTR,-0.0014319567234230132
45,PC1,conn_state_RSTRH,-0.00198525631701537
45,PC1,conn_state_S0,0.04819014156472194
45,PC1,conn_state_S1,-0.012869237172268368
45,PC1,conn_state_S2,-0.0005494847377889522
45,PC1,conn_state_S3,-0.005033716103795372
45,PC1,conn_state_SF,0.1652058754796662
45,PC1,conn_state_SH,-0.013420623265220762
45,PC1,conn_state_SHR,0.00864201247409615
45,PC1,dns_AA_F,0.23707215711772975
45,PC1,dns_AA_T,0.04667559896191422
45,PC1,dns_AA_n/a,-0.2837477560796436
45,PC1,dns_RD_F,0.19494465972830272
45,PC1,dns_RD_T,0.08880309635134066
45,PC1,dns_RD_n/a,-0.2837477560796436
45,PC1,dns_RA_F,0.253964295133491
45,PC1,dns_RA_T,0.0297834609461523
45,PC1,dns_RA_n/a,-0.2837477560796436
45,PC1,dns_rejected_F,0.26298632251114495
45,PC1,dns_rejected_T,0.02076143356849811
45,PC1,dns_rejected_n/a,-0.2837477560796436
45,PC1,ssl_resumed_F,-0.0003308890233371043
45,PC1,ssl_resumed_T,-3.5986342677645324e-05
45,PC1,ssl_resumed_n/a,0.00036687536601474825
45,PC1,ssl_established_F,-0.0003265373677564761
45,PC1,ssl_established_T,-4.033799825826999e-05
45,PC1,ssl_established_n/a,0.00036687536601475004
45,PC1,http_trans_depth_1,-0.00010903290138682415
45,PC1,http_trans_depth_10,-5.798837938237392e-07
45,PC1,http_trans_depth_2,-1.2623192215358895e-05
45,PC1,http_trans_depth_6,-5.798837935690418e-07
45,PC1,http_trans_depth_7,-5.798837940501504e-07
45,PC1,http_trans_depth_8,-5.79883793653937e-07
45,PC1,http_trans_depth_9,-5.79883793512441e-07
45,PC1,http_trans_depth_n/a,0.00012455551257079187
45,PC1,http_method_GET,-0.00010263572900357804
45,PC1,http_method_HEAD,-2.2809850294992608e-06
45,PC1,http_method_POST,-6.378475554539825e-06
45,PC1,http_method_n/a,0.00011129518958761713
45,PC1,http_version_1.1,-0.00012052538620413257
45,PC1,http_version_n/a,0.00012052538620413255
45,PC1,weird_addl_43,1.478498355863599e-05
45,PC1,weird_addl_46,0.0008749188834158808
45,PC1,weird_addl_48,2.4809687764893843e-05
45,PC1,weird_addl_n/a,-0.0009145135547394205
45,PC1,weird_notice_F,0.0009051340672469585
45,PC1,weird_notice_n/a,-0.0009051340672469585
45,PC2,duration,5.298091436059139e-06
45,PC2,src_bytes,-7.20692665592132e-06
45,PC2,dst_bytes,-5.736756329904197e-06
45,PC2,missed_bytes,-1.9882127281767303e-06
45,PC2,src_pkts,-2.012017213542938e-05
45,PC2,src_ip_bytes,-2.825923900995342e-06
45,PC2,dst_pkts,-1.1930005931581888e-05
45,PC2,dst_ip_bytes,-0.00010771755903321578
45,PC2,dns_qclass,0.005763417119688034
45,PC2,dns_qtype,0.009222611837002884
45,PC2,dns_rcode,-0.01335692499019698
45,PC2,http_request_body_len,-3.247250736504966e-05
45,PC2,http_response_body_len,-9.081981831798362e-05
45,PC2,http_status_code,-0.000719377110651453
45,PC2,dns_query,-0.02581235846989491
45,PC2,ssl_version,-0.000601136330393459
45,PC2,ssl_cipher,-0.0006011363303934554
45,PC2,ssl_subject,-2.2909650918961334e-05
45,PC2,ssl_issuer,-2.2909650918961334e-05
45,PC2,http_uri,-0.0013513069475379197
45,PC2,http_user_agent,-0.0013513069475379195
45,PC2,http_orig_mime_types,-8.2718138685356e-05
45,PC2,http_resp_mime_types,-0.0009195634121712088
45,PC2,weird_name,0.0007907355107195409
45,PC2,proto_icmp,0.008065661881376083
45,PC2,proto_tcp,-0.35645714087791885
45,PC2,proto_udp,0.34839147899654244
45,PC2,service_dce_rpc,-0.000195347096383696
45,PC2,service_dhcp,0.0001510678854115164
45,PC2,service_dns,0.0013091450789360125
45,PC2,service_ftp,-0.0038291585416026595
45,PC2,service_gssapi,-0.00048779132807176957
45,PC2,service_http,-0.3697968508944853
45,PC2,service_n/a,0.38067100791096836
45,PC2,service_smb,-0.0002402390892117399
45,PC2,service_smb;gssapi,-4.58667673365539e-05
45,PC2,service_ssl,-0.007535967158224013
45,PC2,conn_state_OTH,0.0021865803064505095
45,PC2,conn_state_REJ,-0.007618783692344404
45,PC2,conn_state_RSTO,-0.0008687253486947735
45,PC2,conn_state_RSTOS0,-9.15552420316138e-06
45,PC2,conn_state_RSTR,-0.005446445521366151
45,PC2,conn_state_RSTRH,-0.0002857821985210604
45,PC2,conn_state_S0,0.4843264255999661
45,PC2,conn_state_S1,-0.0048997693428451386
45,PC2,conn_state_S2,-0.0018118792884269795
45,PC2,conn_state_S3,-0.011772978322149312
45,PC2,conn_state_SF,-0.47808140910507174
45,PC2,conn_state_SH,-0.0021581871547626777
45,PC2,conn_state_SHR,0.026440109591967242
45,PC2,dns_AA_F,-0.007342383080708246
45,PC2,dns_AA_T,-0.017803293835856136
45,PC2,dns_AA_n/a,0.025145676916564306
45,PC2,dns_RD_F,-0.03246888902080656
45,PC2,dns_RD_T,0.00732321210424224
45,PC2,dns_RD_n/a,0.02514567691656429
45,PC2,dns_RA_F,-0.009197944091269486
45,PC2,dns_RA_T,-0.01594773282529482
45,PC2,dns_RA_n/a,0.02514567691656429
45,PC2,dns_rejected_F,-0.014476257732542887
45,PC2,dns_rejected_T,-0.010669419184021332
45,PC2,dns_rejected_n/a,0.02514567691656429
45,PC2,ssl_resumed_F,-0.0017632098261615564
45,PC2,ssl_resumed_T,-0.0002730614996563952
45,PC2,ssl_resumed_n/a,0.0020362713258179556
45,PC2,ssl_established_F,-0.0017403001752425967
45,PC2,ssl_established_T,-0.00029597115057535575
45,PC2,ssl_established_n/a,0.002036271325817955
45,PC2,http_trans_depth_1,-0.0011719573104147208
45,PC2,http_trans_depth_10,-8.273514570674892e-06
45,PC2,http_trans_depth_2,-0.00013842673292345853
45,PC2,http_trans_depth_6,-8.27351456048419e-06
45,PC2,http_trans_depth_7,-8.273514579733542e-06
45,PC2,http_trans_depth_8,-8.273514563881046e-06
45,PC2,http_trans_depth_9,-8.273514558219444e-06
45,PC2,http_trans_depth_n/a,0.0013517516161711681
45,PC2,http_method_GET,-0.0012416550049848764
45,PC2,http_method_HEAD,-1.8665034182878047e-05
45,PC2,http_method_POST,-9.098690837016656e-05
45,PC2,http_method_n/a,0.0013513069475379195
45,PC2,http_version_1.1,-0.0013228012404881255
45,PC2,http_version_n/a,0.001322801240488126
45,PC2,weird_addl_43,7.803256427576272e-06
45,PC2,weird_addl_46,0.0004807596586554716
45,PC2,weird_addl_48,5.518683818367776e-05
45,PC2,weird_addl_n/a,-0.0005437497532667359
45,PC2,weird_notice_F,0.0007907355107195435
45,PC2,weird_notice_n/a,-0.0007907355107195364
45,PC3,duration,5.25260621939523e-05
45,PC3,src_bytes,2.208252178809156e-06
45,PC3,dst_bytes,1.919256966631533e-06
45,PC3,missed_bytes,4.1476226930736715e-07
45,PC3,src_pkts,5.4652541629035545e-05
45,PC3,src_ip_bytes,5.3878058736245293e-05
45,PC3,dst_pkts,1.4701065829986204e-05
45,PC3,dst_ip_bytes,-5.172547610354447e-05
45,PC3,dns_qclass,0.0032674540355263192
45,PC3,dns_qtype,0.014442314084793321
45,PC3,dns_rcode,0.012633796102096626
45,PC3,http_request_body_len,-2.935829103580449e-05
45,PC3,http_response_body_len,-8.582096048206858e-05
45,PC3,http_status_code,-0.0006624468459218046
45,PC3,dns_query,0.1370872893441509
45,PC3,ssl_version,-0.0004412838217760641
45,PC3,ssl_cipher,-0.0004412838217760612
45,PC3,ssl_subject,-1.738621009922625e-05
45,PC3,ssl_issuer,-1.7386210099226248e-05
45,PC3,http_uri,-0.0012438060528461668
45,PC3,http_user_agent,-0.0012438060528461668
45,PC3,http_orig_mime_types,-7.479137705220476e-05
45,PC3,http_resp_mime_types,-0.0008380214559145257
45,PC3,weird_name,-0.0026017043225079832
45,PC3,proto_icmp,0.015539496591230908
45,PC3,proto_tcp,0.2249588114524568
45,PC3,proto_udp,-0.24049830804368724
45,PC3,service_dce_rpc,0.00021584208160034505
45,PC3,service_dhcp,-0.0003194499315012691
45,PC3,service_dns,0.058988792017602654
45,PC3,service_ftp,-0.002877175867573432
45,PC3,service_gssapi,0.000660066227980106
45,PC3,service_http,-0.33568045415710257
45,PC3,service_n/a,0.2848879454672137
45,PC3,service_smb,-0.00018932990035510294
45,PC3,service_smb;gssapi,-3.613990732510215e-05
45,PC3,service_ssl,-0.005650096030540014
45,PC3,conn_state_OTH,0.6084536324016306
45,PC3,conn_state_REJ,0.02834536356798297
45,PC3,conn_state_RSTO,-8.173545590726302e-05
45,PC3,conn_state_RSTOS0,3.000100760018137e-05
45,PC3,conn_state_RSTR,-0.005017295933727926
45,PC3,conn_state_RSTRH,0.0009422947850195412
45,PC3,conn_state_S0,-0.32017874209616487
45,PC3,conn_state_S1,0.0031609552549369023
45,PC3,conn_state_S2,-0.0016972944976857817
45,PC3,conn_state_S3,-0.010106081674504469
45,PC3,conn_state_SF,-0.23535586012670015
45,PC3,conn_state_SH,0.006718846517902581
45,PC3,conn_state_SHR,-0.0752140837503817
45,PC3,dns_AA_F,0.11692128878412288
45,PC3,dns_AA_T,0.022101743281881622
45,PC3,dns_AA_n/a,-0.13902303206600433
45,PC3,dns_RD_F,0.11255138755249806
45,PC3,dns_RD_T,0.026471644513506143
45,PC3,dns_RD_n/a,-0.13902303206600433
45,PC3,dns_RA_F,0.13136407481074028
45,PC3,dns_RA_T,0.007658957255263881
45,PC3,dns_RA_n/a,-0.13902303206600433
45,PC3,dns_rejected_F,0.13331072273318156
45,PC3,dns_rejected_T,0.005712309332822534
45,PC3,dns_rejected_n/a,-0.13902303206600433
45,PC3,ssl_resumed_F,-0.0013129301022323547
45,PC3,ssl_resumed_T,-0.00020566076832992503
45,PC3,ssl_resumed_n/a,0.0015185908705622785
45,PC3,ssl_established_F,-0.0012955438921331262
45,PC3,ssl_established_T,-0.00022304697842915453
45,PC3,ssl_established_n/a,0.0015185908705622805
45,PC3,http_trans_depth_1,-0.0010794346120892204
45,PC3,http_trans_depth_10,-7.481350376233675e-06
45,PC3,http_trans_depth_2,-0.0001289445691678055
45,PC3,http_trans_depth_6,-7.4813503625292255e-06
45,PC3,http_trans_depth_7,-7.481350388415583e-06
45,PC3,http_trans_depth_8,-7.481350367097341e-06
45,PC3,http_trans_depth_9,-7.4813503594836805e-06
45,PC3,http_trans_depth_n/a,0.0012457859331107817
45,PC3,http_method_GET,-0.0011433568013929547
45,PC3,http_method_HEAD,-1.818267063522491e-05
45,PC3,http_method_POST,-8.226658081798846e-05
45,PC3,http_method_n/a,0.001243806052846167
45,PC3,http_version_1.1,-0.0012172484733071589
45,PC3,http_version_n/a,0.0012172484733071582
45,PC3,weird_addl_43,-1.75564167052376e-05
45,PC3,weird_addl_46,-0.0021209981527453123
45,PC3,weird_addl_48,-0.00018226908123470764
45,PC3,weird_addl_n/a,0.002320823650685276
45,PC3,weird_notice_F,-0.0026017043225079832
45,PC3,weird_notice_n/a,0.0026017043225079815
45,PC4,duration,5.329945687324655e-05
45,PC4,src_bytes,-5.6223649128661624e-05
45,PC4,dst_bytes,-5.87173608863345e-05
45,PC4,missed_bytes,-1.8162310277847205e-05
45,PC4,src_pkts,8.596703136010131e-05
45,PC4,src_ip_bytes,5.131334069982674e-05
45,PC4,dst_pkts,1.225426232986937e-05
45,PC4,dst_ip_bytes,5.2882977943702336e-05
45,PC4,dns_qclass,-0.009110733855392683
45,PC4,dns_qtype,-0.02324460822509835
45,PC4,dns_rcode,0.0055845025338962
45,PC4,http_request_body_len,9.68632385865741e-06
45,PC4,http_response_body_len,1.8832139113815613e-05
45,PC4,http_status_code,0.00017755145920556343
45,PC4,dns_query,-0.08618153707231507
45,PC4,ssl_version,-0.0002796441351066692
45,PC4,ssl_cipher,-0.0002796441351066685
45,PC4,ssl_subject,-1.0299018398045919e-05
45,PC4,ssl_issuer,-1.0299018398045922e-05
45,PC4,http_uri,0.0003495759458428894
45,PC4,http_user_agent,0.00034957594584288906
45,PC4,http_orig_mime_types,2.4682188896837007e-05
45,PC4,http_resp_mime_types,0.00024974597617558205
45,PC4,weird_name,0.005950195998655151
45,PC4,proto_icmp,0.04421587393757351
45,PC4,proto_tcp,-0.3330762147531142
45,PC4,proto_udp,0.2888603408155406
45,PC4,service_dce_rpc,0.0005779491318333562
45,PC4,service_dhcp,0.0002820091812784112
45,PC4,service_dns,0.09670587517976449
45,PC4,service_ftp,-0.0003744066303673521
45,PC4,service_gssapi,0.0016341410822352269
45,PC4,service_http,0.10259614491539101
45,PC4,service_n/a,-0.20063310030832282
45,PC4,service_smb,-0.00016008909987728906
45,PC4,service_smb;gssapi,-3.0537200230735634e-05
45,PC4,service_ssl,-0.0005979862517043432
45,PC4,conn_state_OTH,0.561108924748673
45,PC4,conn_state_REJ,-0.525350167072629
45,PC4,conn_state_RSTO,-0.005578657599802189
45,PC4,conn_state_RSTOS0,-0.00029250307876188493
45,PC4,conn_state_RSTR,-0.0024778766251665847
45,PC4,conn_state_RSTRH,-0.009285801347674668
45,PC4,conn_state_S0,-0.1552405206632427
45,PC4,conn_state_S1,-0.06907001085965087
45,PC4,conn_state_S2,-0.001107117185579081
45,PC4,conn_state_S3,-0.015462851217913897
45,PC4,conn_state_SF,0.11805144218113214
45,PC4,conn_state_SH,-0.07523106329753532
45,PC4,conn_state_SHR,0.17993620201814992
45,PC4,dns_AA_F,-0.08555403135827289
45,PC4,dns_AA_T,0.000923602604246575
45,PC4,dns_AA_n/a,0.08463042875402614
45,PC4,dns_RD_F,-0.07722223725476582
45,PC4,dns_RD_T,-0.007408191499260323
45,PC4,dns_RD_n/a,0.08463042875402614
45,PC4,dns_RA_F,-0.10515025960760038
45,PC4,dns_RA_T,0.020519830853574225
45,PC4,dns_RA_n/a,0.08463042875402614
45,PC4,dns_rejected_F,-0.09785804651068425
45,PC4,dns_rejected_T,0.013227617756658107
45,PC4,dns_rejected_n/a,0.08463042875402614
45,PC4,ssl_resumed_F,-0.0003061526713458755
45,PC4,ssl_resumed_T,-2.138211661411847e-05
45,PC4,ssl_resumed_n/a,0.00032753478795999216
45,PC4,ssl_established_F,-0.0002958536529478298
45,PC4,ssl_established_T,-3.1681135012166225e-05
45,PC4,ssl_established_n/a,0.0003275347879599896
45,PC4,http_trans_depth_1,0.00028112605462792244
45,PC4,http_trans_depth_10,2.469880862941867e-06
45,PC4,http_trans_depth_2,3.28705410706282e-05
45,PC4,http_trans_depth_6,2.469880856835142e-06
45,PC4,http_trans_depth_7,2.469880868370135e-06
45,PC4,http_trans_depth_8,2.469880858870718e-06
45,PC4,http_trans_depth_9,2.4698808554780683e-06
45,PC4,http_trans_depth_n/a,-0.00032634600000104656
45,PC4,http_method_GET,0.0003198327209560987
45,PC4,http_method_HEAD,2.5952958140073237e-06
45,PC4,http_method_POST,2.714792907278427e-05
45,PC4,http_method_n/a,-0.0003495759458428897
45,PC4,http_version_1.1,0.0003271901414432099
45,PC4,http_version_n/a,-0.0003271901414432095
45,PC4,weird_addl_43,6.867690739839964e-05
45,PC4,weird_addl_46,0.0060755208300916595
45,PC4,weird_addl_48,0.00044175025164624635
45,PC4,weird_addl_n/a,-0.006585947989136358
45,PC4,weird_notice_F,0.00595019599865515
45,PC4,weird_notice_n/a,-0.005950195998655154
45,PC5,duration,-4.8562401637468516e-05
45,PC5,src_bytes,-2.653194401376624e-05
45,PC5,dst_bytes,-3.1461326162759984e-05
45,PC5,missed_bytes,-6.175925843621144e-06
45,PC5,src_pkts,5.5881853109840396e-05
45,PC5,src_ip_bytes,2.2533033231700306e-05
45,PC5,dst_pkts,-1.589982671001966e-05
45,PC5,dst_ip_bytes,4.8437056518357835e-05
45,PC5,dns_qclass,0.016053899461708543
45,PC5,dns_qtype,0.03283391448692377
45,PC5,dns_rcode,-0.01865231675830084
45,PC5,http_request_body_len,2.2410296537905827e-05
45,PC5,http_response_body_len,6.278089880503226e-05
45,PC5,http_status_code,0.00043791194700285724
45,PC5,dns_query,0.07467075348399027
45,PC5,ssl_version,-0.0011371115827012552
45,PC5,ssl_cipher,-0.0011371115827012444
45,PC5,ssl_subject,-1.5179341530651236e-05
45,PC5,ssl_issuer,-1.517934153065122e-05
45,PC5,http_uri,0.0009309932012469264
45,PC5,http_user_agent,0.0009309932012469269
45,PC5,http_orig_mime_types,5.711224894639534e-05
45,PC5,http_resp_mime_types,0.0005699605656604419
45,PC5,weird_name,-0.01282096667406715
45,PC5,proto_icmp,-0.012073204371820922
45,PC5,proto_tcp,0.21515467596202031
45,PC5,proto_udp,-0.20308147159019924
45,PC5,service_dce_rpc,0.00011390028028980159
45,PC5,service_dhcp,-4.8126420948103285e-05
45,PC5,service_dns,-0.2653903532545581
45,PC5,service_ftp,-0.0012086728483334229
45,PC5,service_gssapi,0.000329896557096564
45,PC5,service_http,0.2503476418101437
45,PC5,service_n/a,0.018332295799388422
45,PC5,service_smb,-0.00023562106676806253
45,PC5,service_smb;gssapi,-4.4926921031112885e-05
45,PC5,service_ssl,-0.0021960339352788717
45,PC5,conn_state_OTH,0.18133534023817435
45,PC5,conn_state_REJ,-0.4446071505253971
45,PC5,conn_state_RSTO,-0.0023764335879398633
45,PC5,conn_state_RSTOS0,-0.00012076509224794958
45,PC5,conn_state_RSTR,0.0004738899081911586
45,PC5,conn_state_RSTRH,-0.003731664663992297
45,PC5,conn_state_S0,0.5956659520492038
45,PC5,conn_state_S1,-0.02750037144744741
45,PC5,conn_state_S2,0.0007273766892236173
45,PC5,conn_state_S3,0.0012473712155560463
45,PC5,conn_state_SF,0.08484566846671898
45,PC5,conn_state_SH,-0.032301029086733546
45,PC5,conn_state_SHR,-0.3536581841633105
45,PC5,dns_AA_F,0.11055544527891421
45,PC5,dns_AA_T,-0.04568845155160317
45,PC5,dns_AA_n/a,-0.064866993727311
45,PC5,dns_RD_F,0.00725500645462865
45,PC5,dns_RD_T,0.05761198727268242
45,PC5,dns_RD_n/a,-0.06486699372731099
45,PC5,dns_RA_F,0.09209570849014961
45,PC5,dns_RA_T,-0.02722871476283848
45,PC5,dns_RA_n/a,-0.06486699372731099
45,PC5,dns_rejected_F,0.08466742380566022
45,PC5,dns_rejected_T,-0.019800430078349144
45,PC5,dns_rejected_n/a,-0.06486699372731099
45,PC5,ssl_resumed_F,-0.001440384580933217
45,PC5,ssl_resumed_T,-8.560977520089157e-05
45,PC5,ssl_resumed_n/a,0.00152599435613411
45,PC5,ssl_established_F,-0.0014252052394025708
45,PC5,ssl_established_T,-0.00010078911673154256
45,PC5,ssl_established_n/a,0.001525994356134111
45,PC5,http_trans_depth_1,0.000688202188140259
45,PC5,http_trans_depth_10,5.717917690742729e-06
45,PC5,http_trans_depth_2,9.571292330610772e-05
45,PC5,http_trans_depth_6,5.717917664365767e-06
45,PC5,http_trans_depth_7,5.71791771418903e-06
45,PC5,http_trans_depth_8,5.717917673158034e-06
45,PC5,http_trans_depth_9,5.71791765850417e-06
45,PC5,http_trans_depth_n/a,-0.0008125046998473236
45,PC5,http_method_GET,0.0008551851443896459
45,PC5,http_method_HEAD,1.299183952824397e-05
45,PC5,http_method_POST,6.281621732903677e-05
45,PC5,http_method_n/a,-0.0009309932012469271
45,PC5,http_version_1.1,0.0007944172711180188
45,PC5,http_version_n/a,-0.0007944172711180188
45,PC5,weird_addl_43,-0.00015964047224614208
45,PC5,weird_addl_46,-0.012426171137574965
45,PC5,weird_addl_48,-0.0008350243653053089
45,PC5,weird_addl_n/a,0.013420835975126513
45,PC5,weird_notice_F,-0.012820966674067137
45,PC5,weird_notice_n/a,0.01282096667406714
45,PC6,duration,-8.309109464709439e-06
45,PC6,src_bytes,1.6673957762801395e-06
45,PC6,dst_bytes,3.7639143487672166e-06
45,PC6,missed_bytes,6.300000118426852e-07
45,PC6,src_pkts,-1.1515782171803157e-06
45,PC6,src_ip_bytes,-1.6055544907189745e-06
45,PC6,dst_pkts,1.473622454551543e-06
45,PC6,dst_ip_bytes,-5.524886049060318e-06
45,PC6,dns_qclass,-0.013242221151217412
45,PC6,dns_qtype,-0.06599618664224426
45,PC6,dns_rcode,0.06713706661952279
45,PC6,http_request_body_len,-1.683535955088189e-06
45,PC6,http_response_body_len,4.169050039137812e-06
45,PC6,http_status_code,-7.835533340924683e-06
45,PC6,dns_query,0.04466542944272295
45,PC6,ssl_version,0.00010648630946229242
45,PC6,ssl_cipher,0.00010648630946228765
45,PC6,ssl_subject,6.742662491734835e-06
45,PC6,ssl_issuer,6.742662491734692e-06
45,PC6,http_uri,-1.82689984926704e-05
45,PC6,http_user_agent,-1.82689984926699e-05
45,PC6,http_orig_mime_types,-4.290312583139427e-06
45,PC6,http_resp_mime_types,-3.194369622521756e-05
45,PC6,weird_name,-0.0026668651136078176
45,PC6,proto_icmp,-0.0035104708956367834
45,PC6,proto_tcp,0.03390180410111314
45,PC6,proto_udp,-0.030391333205476077
45,PC6,service_dce_rpc,9.83627097904274e-05
45,PC6,service_dhcp,-2.0094098078380488e-05
45,PC6,service_dns,0.06578039586252082
45,PC6,service_ftp,0.0005350628709916323
45,PC6,service_gssapi,0.0002800942745887702
45,PC6,service_http,-0.013196135276495765
45,PC6,service_n/a,-0.054489903383350184
45,PC6,service_smb,0.0001466628221569303
45,PC6,service_smb;gssapi,2.7959741130718707e-05
45,PC6,service_ssl,0.0008375944767446372
45,PC6,conn_state_OTH,-0.00282756308394581
45,PC6,conn_state_REJ,0.04930661082400439
45,PC6,conn_state_RSTO,0.0004432314950381651
45,PC6,conn_state_RSTOS0,5.465224536860967e-06
45,PC6,conn_state_RSTR,0.0019576546662214414
45,PC6,conn_state_RSTRH,0.00020284421696742483
45,PC6,conn_state_S0,-0.01467250015076363
45,PC6,conn_state_S1,0.0027228907235560297
45,PC6,conn_state_S2,0.0004694095030697819
45,PC6,conn_state_S3,0.0035919906029095363
45,PC6,conn_state_SF,-0.06145323557082618
45,PC6,conn_state_SH,0.0018634870082475702
45,PC6,conn_state_SHR,0.018389714540984918
45,PC6,dns_AA_F,0.3104575396981752
45,PC6,dns_AA_T,-0.26997394645803
45,PC6,dns_AA_n/a,-0.04048359324014553
45,PC6,dns_RD_F,-0.5580540515004281
45,PC6,dns_RD_T,0.5985376447405734
45,PC6,dns_RD_n/a,-0.04048359324014552
45,PC6,dns_RA_F,-0.19860696747645643
45,PC6,dns_RA_T,0.23909056071660167
45,PC6,dns_RA_n/a,-0.04048359324014551
45,PC6,dns_rejected_F,-0.1015051615245829
45,PC6,dns_rejected_T,0.1419887547647279
45,PC6,dns_rejected_n/a,-0.04048359324014552
45,PC6,ssl_resumed_F,0.00019330928124070001
45,PC6,ssl_resumed_T,3.27786084931641e-05
45,PC6,ssl_resumed_n/a,-0.00022608788973386924
45,PC6,ssl_established_F,0.00018656661874896124
45,PC6,ssl_established_T,3.952127098490406e-05
45,PC6,ssl_established_n/a,-0.00022608788973387745
45,PC6,http_trans_depth_1,-1.1257147180713503e-05
45,PC6,http_trans_depth_10,-4.2930784665582033e-07
45,PC6,http_trans_depth_2,1.887750041507733e-06
45,PC6,http_trans_depth_6,-4.2930784858889267e-07
45,PC6,http_trans_depth_7,-4.2930784493754057e-07
45,PC6,http_trans_depth_8,-4.2930784794452966e-07
45,PC6,http_trans_depth_9,-4.2930784901846183e-07
45,PC6,http_trans_depth_n/a,1.151593637635131e-05
45,PC6,http_method_GET,-1.5734991608983895e-05
45,PC6,http_method_HEAD,2.1848000724322126e-06
45,PC6,http_method_POST,-4.7188069561195475e-06
45,PC6,http_method_n/a,1.8268998492670346e-05
45,PC6,http_version_1.1,-1.6334278456011568e-05
45,PC6,http_version_n/a,1.6334278456010697e-05
45,PC6,weird_addl_43,-6.437848047547149e-05
45,PC6,weird_addl_46,-0.003210697900969457
45,PC6,weird_addl_48,-6.477321878071141e-08
45,PC6,weird_addl_n/a,0.0032751411546637224
45,PC6,weird_notice_F,-0.002666865113607793
45,PC6,weird_notice_n/a,0.0026668651136077925
45,PC7,duration,5.300641496906177e-06
45,PC7,src_bytes,-2.8131852992950394e-05
45,PC7,dst_bytes,-6.226231241325975e-05
45,PC7,missed_bytes,-1.1033329824832079e-05
45,PC7,src_pkts,1.331547804157493e-05
45,PC7,src_ip_bytes,4.91531717126438e-06
45,PC7,dst_pkts,-3.0079735952409387e-05
45,PC7,dst_ip_bytes,-5.654298055927237e-05
45,PC7,dns_qclass,-0.03475952487198054
45,PC7,dns_qtype,-0.06762948712636661
45,PC7,dns_rcode,0.06392524380831724
45,PC7,http_request_body_len,-3.893985633016649e-06
45,PC7,http_response_body_len,-0.0001483657773160285
45,PC7,http_status_code,-0.0005863405573588443
45,PC7,dns_query,0.04848045077876856
45,PC7,ssl_version,-0.0016933273846658908
45,PC7,ssl_cipher,-0.0016933273846658882
45,PC7,ssl_subject,-7.474738759026761e-05
45,PC7,ssl_issuer,-7.474738759026721e-05
45,PC7,http_uri,-0.0009869397440541098
45,PC7,http_user_agent,-0.0009869397440541061
45,PC7,http_orig_mime_types,-9.951574772263884e-06
45,PC7,http_resp_mime_types,-0.0004082093490103663
45,PC7,weird_name,-0.013702480299553323
45,PC7,proto_icmp,0.035521836059172925
45,PC7,proto_tcp,-0.23281705523416305
45,PC7,proto_udp,0.19729521917499027
45,PC7,service_dce_rpc,-0.0011769033609408247
45,PC7,service_dhcp,-0.00021477833792845133
45,PC7,service_dns,-0.31113856166584636
45,PC7,service_ftp,-0.004758960622647048
45,PC7,service_gssapi,-0.00339445413189773
45,PC7,service_http,-0.1260524295483816
45,PC7,service_n/a,0.45553569460913124
45,PC7,service_smb,-0.001766105918860973
45,PC7,service_smb;gssapi,-0.0003364023350004805
45,PC7,service_ssl,-0.006697098687626643
45,PC7,conn_state_OTH,0.007117385886159603
45,PC7,conn_state_REJ,0.09656194276533969
45,PC7,conn_state_RSTO,-0.0053115154153409
45,PC7,conn_state_RSTOS0,-5.444437363408753e-05
45,PC7,conn_state_RSTR,-0.03045743992204044
45,PC7,conn_state_RSTRH,-0.0015711930352484884
45,PC7,conn_state_S0,-0.1543523778484662
45,PC7,conn_state_S1,-0.03824295529609325
45,PC7,conn_state_S2,-0.008605868948370694
45,PC7,conn_state_S3,-0.06639532618379562
45,PC7,conn_state_SF,0.5870680941114599
45,PC7,conn_state_SH,-0.01789832547020694
45,PC7,conn_state_SHR,-0.36785797626976335
45,PC7,dns_AA_F,-0.04641423924086273
45,PC7,dns_AA_T,0.0749595726707114
45,PC7,dns_AA_n/a,-0.028545333429848694
45,PC7,dns_RD_F,-0.022795004204220034
45,PC7,dns_RD_T,0.05134033763406856
45,PC7,dns_RD_n/a,-0.02854533342984869
45,PC7,dns_RA_F,-0.10885039755590023
45,PC7,dns_RA_T,0.1373957309857487
45,PC7,dns_RA_n/a,-0.0285453334298487
45,PC7,dns_rejected_F,-0.04277645798771554
45,PC7,dns_rejected_T,0.07132179141756353
45,PC7,dns_rejected_n/a,-0.02854533342984869
45,PC7,ssl_resumed_F,-0.0021851107152146758
45,PC7,ssl_resumed_T,-0.0002749017478528977
45,PC7,ssl_resumed_n/a,0.00246001246306759
45,PC7,ssl_established_F,-0.002110363327624415
45,PC7,ssl_established_T,-0.0003496491354431698
45,PC7,ssl_established_n/a,0.002460012463067587
45,PC7,http_trans_depth_1,-0.000994139342512032
45,PC7,http_trans_depth_10,-9.966187293708098e-07
45,PC7,http_trans_depth_2,-0.00015692509650069755
45,PC7,http_trans_depth_6,-9.966186304746817e-07
45,PC7,http_trans_depth_7,-9.966188172787525e-07
45,PC7,http_trans_depth_8,-9.966186634400666e-07
45,PC7,http_trans_depth_9,-9.966186084975944e-07
45,PC7,http_trans_depth_n/a,0.0011560475324617855
45,PC7,http_method_GET,-0.0009236852695441101
45,PC7,http_method_HEAD,-5.231331936501913e-05
45,PC7,http_method_POST,-1.0941155144981876e-05
45,PC7,http_method_n/a,0.0009869397440541083
45,PC7,http_version_1.1,-0.0010532024788781629
45,PC7,http_version_n/a,0.0010532024788781629
45,PC7,weird_addl_43,-0.00016833767663259133
45,PC7,weird_addl_46,-0.011215267223026256
45,PC7,weird_addl_48,-0.0008327066266925533
45,PC7,weird_addl_n/a,0.012216311526351468
45,PC7,weird_notice_F,-0.013702480299553298
45,PC7,weird_notice_n/a,0.013702480299553291
45,PC8,duration,-0.00028161177760477774
45,PC8,src_bytes,-0.00019683346603130425
45,PC8,dst_bytes,-0.00020040672827370543
45,PC8,missed_bytes,-6.161389354059077e-05
45,PC8,src_pkts,2.6215621901526376e-05
45,PC8,src_ip_bytes,-1.0553486116116062e-06
45,PC8,dst_pkts,-5.551825669503074e-05
45,PC8,dst_ip_bytes,-1.8526358863679704e-06
45,PC8,dns_qclass,0.015944633262645058
45,PC8,dns_qtype,0.02765418459369373
45,PC8,dns_rcode,-0.020966477191524974
45,PC8,http_request_body_len,2.521999012887466e-05
45,PC8,http_response_body_len,9.526426320985784e-05
45,PC8,http_status_code,0.0004898696615819598
45,PC8,dns_query,-0.014459592428914605
45,PC8,ssl_version,-0.003751208323231607
45,PC8,ssl_cipher,-0.0037512083232315685
45,PC8,ssl_subject,-0.000129262019665179
45,PC8,ssl_issuer,-0.00012926201966517956
45,PC8,http_uri,0.0010896649140303926
45,PC8,http_user_agent,0.001089664914030393
45,PC8,http_orig_mime_types,6.431975728676032e-05
45,PC8,http_resp_mime_types,0.0006015143645410082
45,PC8,weird_name,-0.006338164536693077
45,PC8,proto_icmp,0.04330396132000964
45,PC8,proto_tcp,-0.11986821596918826
45,PC8,proto_udp,0.07656425464917871
45,PC8,service_dce_rpc,0.0007423476177960252
45,PC8,service_dhcp,0.0003646413910293888
45,PC8,service_dns,-0.08832213531152669
45,PC8,service_ftp,-0.007473828725026754
45,PC8,service_gssapi,0.0022243172977205092
45,PC8,service_http,0.2745867529324994
45,PC8,service_n/a,-0.16364267518073253
45,PC8,service_smb,-0.00062028538094952
45,PC8,service_smb;gssapi,-0.00011799793126443482
45,PC8,service_ssl,-0.017741136709545035
45,PC8,conn_state_OTH,0.3313548463657487
45,PC8,conn_state_REJ,0.5907044144370085
45,PC8,conn_state_RSTO,-0.017014514589579467
45,PC8,conn_state_RSTOS0,-0.0008585301685807003
45,PC8,conn_state_RSTR,-0.002341512438252037
45,PC8,conn_state_RSTRH,-0.02876678900143356
45,PC8,conn_state_S0,0.14461648158637583
45,PC8,conn_state_S1,-0.3892495802442171
45,PC8,conn_state_S2,-0.00039187090282585493
45,PC8,conn_state_S3,-0.03332596884652004
45,PC8,conn_state_SF,-0.04821987951487372
45,PC8,conn_state_SH,-0.4484365581424837
45,PC8,conn_state_SHR,-0.09807053854036593
45,PC8,dns_AA_F,0.057649690079346894
45,PC8,dns_AA_T,-0.0744363365581164
45,PC8,dns_AA_n/a,0.01678664647876927
45,PC8,dns_RD_F,0.006373632953000362
45,PC8,dns_RD_T,-0.02316027943176944
45,PC8,dns_RD_n/a,0.016786646478769287
45,PC8,dns_RA_F,0.053142505772884686
45,PC8,dns_RA_T,-0.06992915225165365
45,PC8,dns_RA_n/a,0.016786646478769287
45,PC8,dns_rejected_F,0.009445635999894172
45,PC8,dns_rejected_T,-0.026232282478663212
45,PC8,dns_rejected_n/a,0.016786646478769287
45,PC8,ssl_resumed_F,-0.006404914079574409
45,PC8,ssl_resumed_T,-0.0006448752140067701
45,PC8,ssl_resumed_n/a,0.007049789293581177
45,PC8,ssl_established_F,-0.006275652059909227
45,PC8,ssl_established_T,-0.0007741372336719482
45,PC8,ssl_established_n/a,0.007049789293581176
45,PC8,http_trans_depth_1,0.0006889458729880118
45,PC8,http_trans_depth_10,6.455043468989059e-06
45,PC8,http_trans_depth_2,0.00013300882684688623
45,PC8,http_trans_depth_6,6.455043376376333e-06
45,PC8,http_trans_depth_7,6.45504355131157e-06
45,PC8,http_trans_depth_8,6.4550434072472045e-06
45,PC8,http_trans_depth_9,6.455043355795657e-06
45,PC8,http_trans_depth_n/a,-0.0008542299169946167
45,PC8,http_method_GET,0.0009962691909392238
45,PC8,http_method_HEAD,2.266179786030836e-05
45,PC8,http_method_POST,7.073392523086042e-05
45,PC8,http_method_n/a,-0.0010896649140303928
45,PC8,http_version_1.1,0.0008795925015390465
45,PC8,http_version_n/a,-0.0008795925015390462
45,PC8,weird_addl_43,-6.485014349564557e-05
45,PC8,weird_addl_46,-0.004616297369994279
45,PC8,weird_addl_48,-0.00023166712728605853
45,PC8,weird_addl_n/a,0.004912814640775997
45,PC8,weird_notice_F,-0.006338164536693079
45,PC8,weird_notice_n/a,0.006338164536693073
45,PC9,duration,-8.802789333120056e-05
45,PC9,src_bytes,-1.8416217108720156e-05
45,PC9,dst_bytes,-1.4829520648948491e-05
45,PC9,missed_bytes,-6.353503873079286e-06
45,PC9,src_pkts,2.6316681394494834e-06
45,PC9,src_ip_bytes,7.803773433984196e-07
45,PC9,dst_pkts,-5.337026932478173e-06
45,PC9,dst_ip_bytes,-7.563213836932897e-06
45,PC9,dns_qclass,-0.018667399307603777
45,PC9,dns_qtype,0.03567437702134186
45,PC9,dns_rcode,-0.19412970910008465
45,PC9,http_request_body_len,-1.8489111981989659e-06
45,PC9,http_response_body_len,1.310046266594922e-05
45,PC9,http_status_code,-1.7942511060242694e-07
45,PC9,dns_query,0.08631004965733591
45,PC9,ssl_version,-3.78930232277086e-05
45,PC9,ssl_cipher,-3.789302322772248e-05
45,PC9,ssl_subject,3.755063305604933e-06
45,PC9,ssl_issuer,3.75506330562575e-06
45,PC9,http_uri,1.5500326370326053e-05
45,PC9,http_user_agent,1.550032637032196e-05
45,PC9,http_orig_mime_types,-4.7172950504676284e-06
45,PC9,http_resp_mime_types,-3.7610311578762344e-05
45,PC9,weird_name,0.01206631138065688
45,PC9,proto_icmp,-0.018400159046103273
45,PC9,proto_tcp,0.065120126780045
45,PC9,proto_udp,-0.04671996773394192
45,PC9,service_dce_rpc,0.0004005466300901159
45,PC9,service_dhcp,5.608062183545613e-05
45,PC9,service_dns,0.08242183822153847
45,PC9,service_ftp,0.0015450251598237766
45,PC9,service_gssapi,0.001139997673577135
45,PC9,service_http,-0.010578105711306818
45,PC9,service_n/a,-0.07764027677682996
45,PC9,service_smb,0.000349541016226914
45,PC9,service_smb;gssapi,6.64321371787599e-05
45,PC9,service_ssl,0.002238921027865933
45,PC9,conn_state_OTH,0.03613112407275858
45,PC9,conn_state_REJ,0.04453801005731348
45,PC9,conn_state_RSTO,-0.0009988383178922624
45,PC9,conn_state_RSTOS0,-8.469581015963105e-05
45,PC9,conn_state_RSTR,0.004249069788173809
45,PC9,conn_state_RSTRH,-0.0032632426384981475
45,PC9,conn_state_S0,0.10546060021320625
45,PC9,conn_state_S1,-0.060099202029574104
45,PC9,conn_state_S2,0.00067619797615069
45,PC9,conn_state_S3,0.003022539531523825
45,PC9,conn_state_SF,-0.048172793585398097
45,PC9,conn_state_SH,-0.07723303624093095
45,PC9,conn_state_SHR,-0.004225733016673107
45,PC9,dns_AA_F,-0.5099343423231961
45,PC9,dns_AA_T,0.5720772190693038
45,PC9,dns_AA_n/a,-0.06214287674610747
45,PC9,dns_RD_F,-0.16968653899685954
45,PC9,dns_RD_T,0.23182941574296695
45,PC9,dns_RD_n/a,-0.062142876746107474
45,PC9,dns_RA_F,-0.22503025173518984
45,PC9,dns_RA_T,0.28717312848129695
45,PC9,dns_RA_n/a,-0.06214287674610749
45,PC9,dns_rejected_F,0.2386484867687955
45,PC9,dns_rejected_T,-0.17650561002268858
45,PC9,dns_rejected_n/a,-0.06214287674610749
45,PC9,ssl_resumed_F,0.00028506418895206354
45,PC9,ssl_resumed_T,9.570516709507243e-05
45,PC9,ssl_resumed_n/a,-0.0003807693560471397
45,PC9,ssl_established_F,0.0002813091256464618
45,PC9,ssl_established_T,9.946023040069028e-05
45,PC9,ssl_established_n/a,-0.0003807693560471387
45,PC9,http_trans_depth_1,-1.5793227720369172e-05
45,PC9,http_trans_depth_10,-4.702011884178185e-07
45,PC9,http_trans_depth_2,1.0774800662502414e-05
45,PC9,http_trans_depth_6,-4.702012040309733e-07
45,PC9,http_trans_depth_7,-4.702011745395498e-07
45,PC9,http_trans_depth_8,-4.702011988265962e-07
45,PC9,http_trans_depth_9,-4.7020120750057455e-07
45,PC9,http_trans_depth_n/a,7.369433031177404e-06
45,PC9,http_method_GET,1.4902205790707943e-05
45,PC9,http_method_HEAD,5.785475865340497e-06
45,PC9,http_method_POST,-5.18735528572496e-06
45,PC9,http_method_n/a,-1.5500326370322367e-05
45,PC9,http_version_1.1,-6.100613054126206e-06
45,PC9,http_version_n/a,6.100613054127969e-06
45,PC9,weird_addl_43,0.0001856638439441438
45,PC9,weird_addl_46,0.010529267860108289
45,PC9,weird_addl_48,0.0002359531772872746
45,PC9,weird_addl_n/a,-0.010950884881339773
45,PC9,weird_notice_F,0.012066311380656872
45,PC9,weird_notice_n/a,-0.012066311380656865
45,PC10,duration,-3.985509443558971e-05
45,PC10,src_bytes,-5.615545240957032e-06
45,PC10,dst_bytes,-6.871182037342105e-06
45,PC10,missed_bytes,-2.6714135134518757e-06
45,PC10,src_pkts,1.5099175260692432e-06
45,PC10,src_ip_bytes,1.3928836183271787e-06
45,PC10,dst_pkts,-7.925156314120274e-07
45,PC10,dst_ip_bytes,-1.0441009094109069e-05
45,PC10,dns_qclass,-0.02190804314496204
45,PC10,dns_qtype,-0.0010434668132778893
45,PC10,dns_rcode,0.24871367449339882
45,PC10,http_request_body_len,-2.026402835864083e-06
45,PC10,http_response_body_len,-9.460746357561889e-06
45,PC10,http_status_code,-6.32765862760426e-05
45,PC10,dns_query,0.0417146153933205
45,PC10,ssl_version,0.00014031255785404428
45,PC10,ssl_cipher,0.00014031255785396102
45,PC10,ssl_subject,3.484118496155375e-06
45,PC10,ssl_issuer,3.4841184962386418e-06
45,PC10,http_uri,-0.00011542359481747644
45,PC10,http_user_agent,-0.0001154235948174708
45,PC10,http_orig_mime_types,-5.174763210542984e-06
45,PC10,http_resp_mime_types,-6.880395717038128e-05
45,PC10,weird_name,0.006837845462885423
45,PC10,proto_icmp,-0.010845417452830837
45,PC10,proto_tcp,0.03033171467169811
45,PC10,proto_udp,-0.019486297218867195
45,PC10,service_dce_rpc,0.0001137079007825903
45,PC10,service_dhcp,-6.7335677813887205e-06
45,PC10,service_dns,0.0373761153351585
45,PC10,service_ftp,0.0011515492012575488
45,PC10,service_gssapi,0.0003080584401271856
45,PC10,service_http,-0.024038767305408073
45,PC10,service_n/a,-0.01724830054028773
45,PC10,service_smb,9.09323414696291e-05
45,PC10,service_smb;gssapi,1.7269664498360247e-05
45,PC10,service_ssl,0.002236168530183383
45,PC10,conn_state_OTH,0.007872529986786123
45,PC10,conn_state_REJ,0.006901133906507061
45,PC10,conn_state_RSTO,-0.00018587766380857816
45,PC10,conn_state_RSTOS0,-1.1813534886763991e-05
45,PC10,conn_state_RSTR,-0.00012820226985896317
45,PC10,conn_state_RSTRH,-0.000642512413106481
45,PC10,conn_state_S0,0.04170883052489416
45,PC10,conn_state_S1,-0.023666444677204596
45,PC10,conn_state_S2,-0.0003829490760008486
45,PC10,conn_state_S3,-0.004052234808507581
45,PC10,conn_state_SF,0.005513628335262413
45,PC10,conn_state_SH,-0.02669263453658783
45,PC10,conn_state_SHR,-0.006233453773488108
45,PC10,dns_AA_F,-0.2765912514705305
45,PC10,dns_AA_T,0.31675820209327643
45,PC10,dns_AA_n/a,-0.040166950622746105
45,PC10,dns_RD_F,-0.15921462998861957
45,PC10,dns_RD_T,0.19938158061136577
45,PC10,dns_RD_n/a,-0.040166950622746105
45,PC10,dns_RA_F,0.41453786381778945
45,PC10,dns_RA_T,-0.3743709131950431
45,PC10,dns_RA_n/a,-0.040166950622746105
45,PC10,dns_rejected_F,-0.40864093107427635
45,PC10,dns_rejected_T,0.4488078816970226
45,PC10,dns_rejected_n/a,-0.040166950622746105
45,PC10,ssl_resumed_F,0.000545646440829416
45,PC10,ssl_resumed_T,9.051633065279097e-05
45,PC10,ssl_resumed_n/a,-0.0006361627714822089
45,PC10,ssl_established_F,0.0005421623223331989
45,PC10,ssl_established_T,9.400044914899134e-05
45,PC10,ssl_established_n/a,-0.0006361627714822021
45,PC10,http_trans_depth_1,-0.00011001313290028277
45,PC10,http_trans_depth_10,-5.184459700293362e-07
45,PC10,http_trans_depth_2,-1.252277647627712e-05
45,PC10,http_trans_depth_6,-5.18445957132986e-07
45,PC10,http_trans_depth_7,-5.18445981492762e-07
45,PC10,http_trans_depth_8,-5.184459614317967e-07
45,PC10,http_trans_depth_9,-5.184459542671611e-07
45,PC10,http_trans_depth_n/a,0.00012512813920091906
45,PC10,http_method_GET,-0.00010698495367415377
45,PC10,http_method_HEAD,-2.748983554652194e-06
45,PC10,http_method_POST,-5.68965758867522e-06
45,PC10,http_method_n/a,0.00011542359481747099
45,PC10,http_version_1.1,-0.00011491300292205743
45,PC10,http_version_n/a,0.00011491300292205628
45,PC10,weird_addl_43,9.962695571614653e-05
45,PC10,weird_addl_46,0.005757978934363206
45,PC10,weird_addl_48,0.0001095226283548162
45,PC10,weird_addl_n/a,-0.005967128518434186
45,PC10,weird_notice_F,0.006837845462885442
45,PC10,weird_notice_n/a,-0.006837845462885452
45,PC11,duration,0.000536019451818969
45,PC11,src_bytes,2.2838767900906776e-05
45,PC11,dst_bytes,2.7698997922043223e-05
45,PC11,missed_bytes,2.780599518809046e-05
45,PC11,src_pkts,-3.2206937516932044e-07
45,PC11,src_ip_bytes,-2.4220992727697066e-05
45,PC11,dst_pkts,1.0562708185835046e-05
45,PC11,dst_ip_bytes,5.371582074223391e-05
45,PC11,dns_qclass,-0.0008655434942706347
45,PC11,dns_qtype,-0.0016324100780495954
45,PC11,dns_rcode,0.003245307359684285
45,PC11,http_request_body_len,-1.8887956010349427e-06
45,PC11,http_response_body_len,6.099539491972658e-06
45,PC11,http_status_code,7.380853942717813e-05
45,PC11,dns_query,0.003532021718072431
45,PC11,ssl_version,0.00016449619077385513
45,PC11,ssl_cipher,0.00016449619077384646
45,PC11,ssl_subject,0.00020921886745306484
45,PC11,ssl_issuer,0.0002092188674530579
45,PC11,http_uri,0.00034389952078741053
45,PC11,http_user_agent,0.00034389952078741026
45,PC11,http_orig_mime_types,-4.8073973312877274e-06
45,PC11,http_resp_mime_types,2.6949679695338162e-05
45,PC11,weird_name,-0.0019645089665533515
45,PC11,proto_icmp,0.007390712109314082
45,PC11,proto_tcp,-0.0170246023214351
45,PC11,proto_udp,0.00963389021212086
45,PC11,service_dce_rpc,-6.966208219138826e-05
45,PC11,service_dhcp,-1.1133202394949394e-06
45,PC11,service_dns,-0.023416721145059553
45,PC11,service_ftp,-0.0009446514290990149
45,PC11,service_gssapi,-0.0001774116151685542
45,PC11,service_http,0.013273360805778544
45,PC11,service_n/a,0.007490542843922557
45,PC11,service_smb,2.1476910029436653e-05
45,PC11,service_smb;gssapi,4.074676783283034e-06
45,PC11,service_ssl,0.003820104355244357
45,PC11,conn_state_OTH,-0.011165118012033143
45,PC11,conn_state_REJ,-0.01244008996844456
45,PC11,conn_state_RSTO,0.0009974296999314442
45,PC11,conn_state_RSTOS0,4.026495390300849e-05
45,PC11,conn_state_RSTR,0.0015229585164416993
45,PC11,conn_state_RSTRH,0.0015283279326845736
45,PC11,conn_state_S0,-0.028792395744124743
45,PC11,conn_state_S1,0.7481801738616454
45,PC11,conn_state_S2,0.0006645200806772217
45,PC11,conn_state_S3,0.008852916759006514
45,PC11,conn_state_SF,-0.02139606590573926
45,PC11,conn_state_SH,-0.6606676649632892
45,PC11,conn_state_SHR,-0.027325257210659686
45,PC11,dns_AA_F,0.0007163293575181103
45,PC11,dns_AA_T,0.002469234519593803
45,PC11,dns_AA_n/a,-0.0031855638771120932
45,PC11,dns_RD_F,0.0015962963148614515
45,PC11,dns_RD_T,0.0015892675622505886
45,PC11,dns_RD_n/a,-0.0031855638771120976
45,PC11,dns_RA_F,0.0010396143729072848
45,PC11,dns_RA_T,0.0021459495042051844
45,PC11,dns_RA_n/a,-0.0031855638771120937
45,PC11,dns_rejected_F,-0.0004622471064144169
45,PC11,dns_rejected_T,0.0036478109835264864
45,PC11,dns_rejected_n/a,-0.0031855638771121006
45,PC11,ssl_resumed_F,-8.983367696507101e-05
45,PC11,ssl_resumed_T,2.70208926768924e-05
45,PC11,ssl_resumed_n/a,6.28127842881694e-05
45,PC11,ssl_established_F,-0.0002990525444181094
45,PC11,ssl_established_T,0.0002362397601299419
45,PC11,ssl_established_n/a,6.281278428817319e-05
45,PC11,http_trans_depth_1,0.00032440604760280734
45,PC11,http_trans_depth_10,-4.773927527435143e-07
45,PC11,http_trans_depth_2,3.482545160432977e-06
45,PC11,http_trans_depth_6,-4.773927625391054e-07
45,PC11,http_trans_depth_7,-4.773927440363714e-07
45,PC11,http_trans_depth_8,-4.773927592739252e-07
45,PC11,http_trans_depth_9,-4.773927647159812e-07
45,PC11,http_trans_depth_n/a,-0.00032550162897994025
45,PC11,http_method_GET,0.000345656687371828
45,PC11,http_method_HEAD,3.5308488225564287e-06
45,PC11,http_method_POST,-5.2880154069803765e-06
45,PC11,http_method_n/a,-0.0003438995207874085
45,PC11,http_version_1.1,0.00010906942077396307
45,PC11,http_version_n/a,-0.00010906942077396261
45,PC11,weird_addl_43,-1.3405368775419279e-05
45,PC11,weird_addl_46,-0.001195569151909555
45,PC11,weird_addl_48,-8.009769550216774e-05
45,PC11,weird_addl_n/a,0.0012890722161871622
45,PC11,weird_notice_F,-0.001964508966553358
45,PC11,weird_notice_n/a,0.0019645089665533745
45,PC12,duration,0.000442530149595447
45,PC12,src_bytes,2.0340344282276934e-05
45,PC12,dst_bytes,8.03247079636249e-05
45,PC12,missed_bytes,4.0134927421373034e-05
45,PC12,src_pkts,9.803435220807899e-05
45,PC12,src_ip_bytes,4.6102941678033416e-06
45,PC12,dst_pkts,-7.714479498649451e-05
45,PC12,dst_ip_bytes,1.1862354211633619e-05
45,PC12,dns_qclass,0.010876257200446347
45,PC12,dns_qtype,0.04528404507270184
45,PC12,dns_rcode,-0.05913442159034654
45,PC12,http_request_body_len,2.4190795048589786e-05
45,PC12,http_response_body_len,0.0003256592473167008
45,PC12,http_status_code,0.0011792586150122797
45,PC12,dns_query,0.03202319409660104
45,PC12,ssl_version,-0.010178978989820175
45,PC12,ssl_cipher,-0.010178978989820134
45,PC12,ssl_subject,-8.235874031367607e-05
45,PC12,ssl_issuer,-8.235874031365872e-05
45,PC12,http_uri,0.002798951300479314
45,PC12,http_user_agent,0.002798951300479304
45,PC12,http_orig_mime_types,6.18355104775541e-05
45,PC12,http_resp_mime_types,0.0009095659777884167
45,PC12,weird_name,-0.019549612849328636
45,PC12,proto_icmp,0.17239168730208967
45,PC12,proto_tcp,-0.2781105021562657
45,PC12,proto_udp,0.10571881485417625
45,PC12,service_dce_rpc,0.00018028015488403025
45,PC12,service_dhcp,0.0004373970466910989
45,PC12,service_dns,-0.27430689921937346
45,PC12,service_ftp,-0.021000798159475878
45,PC12,service_gssapi,0.0009953838379582062
45,PC12,service_http,0.4118890130804669
45,PC12,service_n/a,-0.06901443890775819
45,PC12,service_smb,0.0004324532646071968
45,PC12,service_smb;gssapi,8.194408997641322e-05
45,PC12,service_ssl,-0.04969433518797482
45,PC12,conn_state_OTH,0.04228135950900668
45,PC12,conn_state_REJ,0.08630849515093006
45,PC12,conn_state_RSTO,-0.0062786647359603055
45,PC12,conn_state_RSTOS0,-0.00040020944591518184
45,PC12,conn_state_RSTR,0.03786827969219794
45,PC12,conn_state_RSTRH,-0.013961011907630218
45,PC12,conn_state_S0,-0.26023329551808433
45,PC12,conn_state_S1,0.27457271910505004
45,PC12,conn_state_S2,0.015348768003092941
45,PC12,conn_state_S3,0.16361694376258407
45,PC12,conn_state_SF,-0.3796332118600813
45,PC12,conn_state_SH,0.37633173745465065
45,PC12,conn_state_SHR,-0.33582190920983895
45,PC12,dns_AA_F,-0.04004119583192835
45,PC12,dns_AA_T,0.06491630045464597
45,PC12,dns_AA_n/a,-0.02487510462271712
45,PC12,dns_RD_F,-0.06048929599707604
45,PC12,dns_RD_T,0.0853644006197929
45,PC12,dns_RD_n/a,-0.024875104622717126
45,PC12,dns_RA_F,0.09013107930159062
45,PC12,dns_RA_T,-0.06525597467887397
45,PC12,dns_RA_n/a,-0.024875104622717154
45,PC12,dns_rejected_F,0.07273008357477193
45,PC12,dns_rejected_T,-0.047854978952054573
45,PC12,dns_rejected_n/a,-0.024875104622717133
45,PC12,ssl_resumed_F,-0.020847399433528917
45,PC12,ssl_resumed_T,-0.0021692112037644106
45,PC12,ssl_resumed_n/a,0.02301661063729334
45,PC12,ssl_established_F,-0.020765040693215258
45,PC12,ssl_established_T,-0.0022515699440780724
45,PC12,ssl_established_n/a,0.023016610637293364
45,PC12,http_trans_depth_1,0.001925900642134065
45,PC12,http_trans_depth_10,6.277834670098565e-06
45,PC12,http_trans_depth_2,0.0003670747515625678
45,PC12,http_trans_depth_6,6.27783405137831e-06
45,PC12,http_trans_depth_7,6.277835220072625e-06
45,PC12,http_trans_depth_8,6.277834257618345e-06
45,PC12,http_trans_depth_9,6.277833913884557e-06
45,PC12,http_trans_depth_n/a,-0.002324364565809669
45,PC12,http_method_GET,0.0026062759136698975
45,PC12,http_method_HEAD,0.0001246985739038671
45,PC12,http_method_POST,6.797681290555076e-05
45,PC12,http_method_n/a,-0.002798951300479308
45,PC12,http_version_1.1,0.00201766221553592
45,PC12,http_version_n/a,-0.002017662215535921
45,PC12,weird_addl_43,-0.0001327808275748866
45,PC12,weird_addl_46,-0.013772239813214147
45,PC12,weird_addl_48,-0.0009213559646487417
45,PC12,weird_addl_n/a,0.014826376605437865
45,PC12,weird_notice_F,-0.0195496128493286
45,PC12,weird_notice_n/a,0.01954961284932861
45,PC13,duration,7.538301417497572e-05
45,PC13,src_bytes,0.001617236589886075
45,PC13,dst_bytes,0.001893149411436236
45,PC13,missed_bytes,0.0005131480668809345
45,PC13,src_pkts,-9.108482524377952e-05
45,PC13,src_ip_bytes,-1.6691041025002074e-08
45,PC13,dst_pkts,5.021585418375405e-05
45,PC13,dst_ip_bytes,-1.971786515882895e-05
45,PC13,dns_qclass,-0.0048234810518613565
45,PC13,dns_qtype,-0.02685525605826556
45,PC13,dns_rcode,0.07793544970126076
45,PC13,http_request_body_len,-3.575113217126058e-05
45,PC13,http_response_body_len,2.4415283527465248e-05
45,PC13,http_status_code,0.00010013458183720948
45,PC13,dns_query,0.018073123872193647
45,PC13,ssl_version,0.00402500023579651
45,PC13,ssl_cipher,0.00402500023579648
45,PC13,ssl_subject,2.0145599307516e-05
45,PC13,ssl_issuer,2.014559930751947e-05
45,PC13,http_uri,-0.00010244439176054776
45,PC13,http_user_agent,-0.00010244439176043674
45,PC13,http_orig_mime_types,-9.119387078845853e-05
45,PC13,http_resp_mime_types,-0.00022059338628854092
45,PC13,weird_name,-0.006235034669233286
45,PC13,proto_icmp,-0.12311033757684928
45,PC13,proto_tcp,0.05618877465319743
45,PC13,proto_udp,0.06692156292365166
45,PC13,service_dce_rpc,-0.000528812274411482
45,PC13,service_dhcp,-0.0001396990179898333
45,PC13,service_dns,-0.06452799102098111
45,PC13,service_ftp,0.006686712764330867
45,PC13,service_gssapi,-0.001491495751947988
45,PC13,service_http,-0.0299717910677785
45,PC13,service_n/a,0.04140499808722432
45,PC13,service_smb,0.0019061558146286634
45,PC13,service_smb;gssapi,0.0003591173894131014
45,PC13,service_ssl,0.046302805077512395
45,PC13,conn_state_OTH,-0.1191252761567221
45,PC13,conn_state_REJ,-0.14114084800780205
45,PC13,conn_state_RSTO,0.0328798233413055
45,PC13,conn_state_RSTOS0,0.0011941545301337988
45,PC13,conn_state_RSTR,0.03339932304929891
45,PC13,conn_state_RSTRH,0.05302899865754085
45,PC13,conn_state_S0,-0.11591627874883861
45,PC13,conn_state_S1,-0.2314656723072511
45,PC13,conn_state_S2,0.008927366481927233
45,PC13,conn_state_S3,0.8672938079652078
45,PC13,conn_state_SF,-0.0954634221469772
45,PC13,conn_state_SH,-0.2323368665196654
45,PC13,conn_state_SHR,-0.06127511013815706
45,PC13,dns_AA_F,0.012756292090276527
45,PC13,dns_AA_T,0.014589035589163978
45,PC13,dns_AA_n/a,-0.02734532767944049
45,PC13,dns_RD_F,0.06978502826489585
45,PC13,dns_RD_T,-0.042439700585455285
45,PC13,dns_RD_n/a,-0.0273453276794405
45,PC13,dns_RA_F,-0.07220198846098243
45,PC13,dns_RA_T,0.09954731614042316
45,PC13,dns_RA_n/a,-0.027345327679440496
45,PC13,dns_rejected_F,-0.056260731446628964
45,PC13,dns_rejected_T,0.0836060591260695
45,PC13,dns_rejected_n/a,-0.027345327679440493
45,PC13,ssl_resumed_F,0.008139530933335262
45,PC13,ssl_resumed_T,0.0010553747684510263
45,PC13,ssl_resumed_n/a,-0.009194905701786322
45,PC13,ssl_established_F,0.008119385334027751
45,PC13,ssl_established_T,0.0010755203677585245
45,PC13,ssl_established_n/a,-0.009194905701786335
45,PC13,http_trans_depth_1,9.155396171984694e-05
45,PC13,http_trans_depth_10,-9.157255409841504e-06
45,PC13,http_trans_depth_2,-2.7631906932987173e-05
45,PC13,http_trans_depth_6,-9.157255489215044e-06
45,PC13,http_trans_depth_7,-9.157255339287268e-06
45,PC13,http_trans_depth_8,-9.157255462757192e-06
45,PC13,http_trans_depth_9,-9.15725550685362e-06
45,PC13,http_trans_depth_n/a,-1.8135777578903892e-05
45,PC13,http_method_GET,-0.00018179013623352197
45,PC13,http_method_HEAD,0.00017961586348303369
45,PC13,http_method_POST,-0.00010027011900973552
45,PC13,http_method_n/a,0.00010244439176021271
45,PC13,http_version_1.1,-4.145386654219151e-05
45,PC13,http_version_n/a,4.145386654219551e-05
45,PC13,weird_addl_43,-4.143075813715009e-05
45,PC13,weird_addl_46,-0.005069972100797525
45,PC13,weird_addl_48,-0.00033404632493585324
45,PC13,weird_addl_n/a,0.005445449183870545
45,PC13,weird_notice_F,-0.006235034669233263
45,PC13,weird_notice_n/a,0.006235034669233258
45,PC14,duration,0.0016946268825491582
45,PC14,src_bytes,0.00032029807517036657
45,PC14,dst_bytes,0.0003486350248322334
45,PC14,missed_bytes,8.574247683645897e-05
45,PC14,src_pkts,0.0006470395405223928
45,PC14,src_ip_bytes,7.400661017485655e-05
45,PC14,dst_pkts,0.00017598974763995134
45,PC14,dst_ip_bytes,0.00011841576600424286
45,PC14,dns_qclass,8.251801579362006e-05
45,PC14,dns_qtype,-0.0019081286383378915
45,PC14,dns_rcode,0.006074854528855297
45,PC14,http_request_body_len,-1.3468395131666089e-05
45,PC14,http_response_body_len,-8.749999727869495e-05
45,PC14,http_status_code,-0.0002952767386959626
45,PC14,dns_query,-0.0012388414665723824
45,PC14,ssl_version,0.010128082236565888
45,PC14,ssl_cipher,0.01012808223656575
45,PC14,ssl_subject,0.00021973797971001213
45,PC14,ssl_issuer,0.0002197379797100234
45,PC14,http_uri,-0.0008652696170793478
45,PC14,http_user_agent,-0.0008652696170793617
45,PC14,http_orig_mime_types,-3.4435724149132346e-05
45,PC14,http_resp_mime_types,-0.00027619675162139385
45,PC14,weird_name,0.009994354418215768
45,PC14,proto_icmp,0.7824177769067512
45,PC14,proto_tcp,-0.31707001309726646
45,PC14,proto_udp,-0.4653477638094822
45,PC14,service_dce_rpc,-0.0004328381755943042
45,PC14,service_dhcp,-0.0003055813263271351
45,PC14,service_dns,0.04571219464318114
45,PC14,service_ftp,0.01743594398243241
45,PC14,service_gssapi,-0.0015044890157526285
45,PC14,service_http,-0.1158391168740416
45,PC14,service_n/a,-0.002240098344379005
45,PC14,service_smb,0.001025351280425306
45,PC14,service_smb;gssapi,0.00019297174514692464
45,PC14,service_ssl,0.055955662084907695
45,PC14,conn_state_OTH,-0.09049526904816882
45,PC14,conn_state_REJ,-0.057989375192152116
45,PC14,conn_state_RSTO,0.017538626128921323
45,PC14,conn_state_RSTOS0,0.0005663411833200731
45,PC14,conn_state_RSTR,0.003663777017573253
45,PC14,conn_state_RSTRH,0.024693356235219423
45,PC14,conn_state_S0,0.0526800662032103
45,PC14,conn_state_S1,-0.08313518750760254
45,PC14,conn_state_S2,-0.0024829229972561195
45,PC14,conn_state_S3,0.10611722698967098
45,PC14,conn_state_SF,0.05220303836369653
45,PC14,conn_state_SH,-0.09031144678847194
45,PC14,conn_state_SHR,0.06695176941203883
45,PC14,dns_AA_F,0.0008932365164846442
45,PC14,dns_AA_T,0.0005129740614664841
45,PC14,dns_AA_n/a,-0.0014062105779512049
45,PC14,dns_RD_F,0.005674434479779778
45,PC14,dns_RD_T,-0.004268223901828477
45,PC14,dns_RD_n/a,-0.0014062105779511828
45,PC14,dns_RA_F,-0.00704111122835787
45,PC14,dns_RA_T,0.008447321806309265
45,PC14,dns_RA_n/a,-0.0014062105779511745
45,PC14,dns_rejected_F,-0.0055295203699573595
45,PC14,dns_rejected_T,0.006935730947908603
45,PC14,dns_rejected_n/a,-0.0014062105779511802
45,PC14,ssl_resumed_F,0.021582138858655293
45,PC14,ssl_resumed_T,0.00249775396519447
45,PC14,ssl_resumed_n/a,-0.02407989282384981
45,PC14,ssl_established_F,0.02136240087894529
45,PC14,ssl_established_T,0.0027174919449044926
45,PC14,ssl_established_n/a,-0.024079892823849813
45,PC14,http_trans_depth_1,-0.00048284229510646084
45,PC14,http_trans_depth_10,-3.5172346346018076e-06
45,PC14,http_trans_depth_2,-0.00010905153426096313
45,PC14,http_trans_depth_6,-3.517234328546137e-06
45,PC14,http_trans_depth_7,-3.5172349066514257e-06
45,PC14,http_trans_depth_8,-3.517234430564684e-06
45,PC14,http_trans_depth_9,-3.5172342605336737e-06
45,PC14,http_trans_depth_n/a,0.0006094800019283184
45,PC14,http_method_GET,-0.0008183188952843763
45,PC14,http_method_HEAD,-9.100294233765171e-06
45,PC14,http_method_POST,-3.785042756121659e-05
45,PC14,http_method_n/a,0.0008652696170793578
45,PC14,http_version_1.1,-0.000521168561235816
45,PC14,http_version_n/a,0.0005211685612358147
45,PC14,weird_addl_43,7.093452643167609e-05
45,PC14,weird_addl_46,0.0060601406217501725
45,PC14,weird_addl_48,0.0003169282353743715
45,PC14,weird_addl_n/a,-0.006448003383556281
45,PC14,weird_notice_F,0.009994354418215745
45,PC14,weird_notice_n/a,-0.009994354418215778
45,PC15,duration,-0.00016851622753384063
45,PC15,src_bytes,-0.0004929295488944989
45,PC15,dst_bytes,-0.0005116522458681258
45,PC15,missed_bytes,-0.00013190228080185717
45,PC15,src_pkts,-6.236718128947369e-05
45,PC15,src_ip_bytes,-5.4215138142656855e-05
45,PC15,dst_pkts,-0.0001285903566618108
45,PC15,dst_ip_bytes,-0.00013491001225532026
45,PC15,dns_qclass,0.09345015544589239
45,PC15,dns_qtype,0.28662034225093347
45,PC15,dns_rcode,0.2314993084207594
45,PC15,http_request_body_len,1.4171672823998227e-05
45,PC15,http_response_body_len,0.00022692909704823822
45,PC15,http_status_code,0.0007026114018530843
45,PC15,dns_query,0.05438855758970899
45,PC15,ssl_version,-0.020765184901399836
45,PC15,ssl_cipher,-0.02076518490139989
45,PC15,ssl_subject,-0.0004920722042714015
45,PC15,ssl_issuer,-0.0004920722042712766
45,PC15,http_uri,0.0016545435570405331
45,PC15,http_user_agent,0.0016545435570406442
45,PC15,http_orig_mime_types,3.634277253183882e-05
45,PC15,http_resp_mime_types,0.00044805919664539506
45,PC15,weird_name,-0.03883189527261764
45,PC15,proto_icmp,0.03735114982897762
45,PC15,proto_tcp,0.0013510981570024373
45,PC15,proto_udp,-0.0387022479859804
45,PC15,service_dce_rpc,0.0010870938829238533
45,PC15,service_dhcp,0.0003471433289405853
45,PC15,service_dns,0.05463213148605232
45,PC15,service_ftp,-0.014177637837666708
45,PC15,service_gssapi,0.0035637920126440634
45,PC15,service_http,0.11820165028900663
45,PC15,service_n/a,-0.06516472451399469
45,PC15,service_smb,0.0014048634625985629
45,PC15,service_smb;gssapi,0.00026296293282066776
45,PC15,service_ssl,-0.1001572750433247
45,PC15,conn_state_OTH,0.04792911444131975
45,PC15,conn_state_REJ,0.05233282442768376
45,PC15,conn_state_RSTO,-0.025319200639780496
45,PC15,conn_state_RSTOS0,-0.0008288586920356668
45,PC15,conn_state_RSTR,0.03716178274377863
45,PC15,conn_state_RSTRH,-0.03882928153446481
45,PC15,conn_state_S0,0.086792514294049
45,PC15,conn_state_S1,0.05795216220249092
45,PC15,conn_state_S2,0.01197021205449963
45,PC15,conn_state_S3,-0.12608159370114957
45,PC15,conn_state_SF,-0.1341927202615896
45,PC15,conn_state_SH,0.06962237165847689
45,PC15,conn_state_SHR,-0.03850932699327901
45,PC15,dns_AA_F,0.01495374841566976
45,PC15,dns_AA_T,0.06521185300597987
45,PC15,dns_AA_n/a,-0.08016560142164869
45,PC15,dns_RD_F,0.28377634642399147
45,PC15,dns_RD_T,-0.20361074500234208
45,PC15,dns_RD_n/a,-0.08016560142164869
45,PC15,dns_RA_F,-0.3601600453326523
45,PC15,dns_RA_T,0.4403256467543023
45,PC15,dns_RA_n/a,-0.08016560142164868
45,PC15,dns_rejected_F,-0.3226550049601984
45,PC15,dns_rejected_T,0.40282060638185013
45,PC15,dns_rejected_n/a,-0.08016560142164869
45,PC15,ssl_resumed_F,-0.045488907274508335
45,PC15,ssl_resumed_T,-0.0048661720316682255
45,PC15,ssl_resumed_n/a,0.0503550793061766
45,PC15,ssl_established_F,-0.044996835070237017
45,PC15,ssl_established_T,-0.005358244235939631
45,PC15,ssl_established_n/a,0.05035507930617665
45,PC15,http_trans_depth_1,0.0011396498533266602
45,PC15,http_trans_depth_10,3.764781928134474e-06
45,PC15,http_trans_depth_2,0.00025305809732927345
45,PC15,http_trans_depth_6,3.7647808479163436e-06
45,PC15,http_trans_depth_7,3.764782888328485e-06
45,PC15,http_trans_depth_8,3.7647812079890076e-06
45,PC15,http_trans_depth_9,3.7647806078676836e-06
45,PC15,http_trans_depth_n/a,-0.0014115318581361678
45,PC15,http_method_GET,0.0015541932176204045
45,PC15,http_method_HEAD,6.042328903926376e-05
45,PC15,http_method_POST,3.992705038076037e-05
45,PC15,http_method_n/a,-0.0016545435570404269
45,PC15,http_version_1.1,0.001233610216063687
45,PC15,http_version_n/a,-0.0012336102160636852
45,PC15,weird_addl_43,-0.0002729029642069011
45,PC15,weird_addl_46,-0.027666981227576576
45,PC15,weird_addl_48,-0.0012688266334146764
45,PC15,weird_addl_n/a,0.029208710825198353
45,PC15,weird_notice_F,-0.03883189527261754
45,PC15,weird_notice_n/a,0.03883189527261753
45,PC16,duration,9.955052805049693e-05
45,PC16,src_bytes,-0.00014712458201692272
45,PC16,dst_bytes,-0.00019387487375364248
45,PC16,missed_bytes,-8.859415426685016e-05
45,PC16,src_pkts,-0.00017484117846781194
45,PC16,src_ip_bytes,-8.916587683955625e-05
45,PC16,dst_pkts,-0.0002941927385886039
45,PC16,dst_ip_bytes,-0.00021069916524663548
45,PC16,dns_qclass,0.015504668025698467
45,PC16,dns_qtype,0.11492418717547728
45,PC16,dns_rcode,-0.02152806736615329
45,PC16,http_request_body_len,-4.7332395298888e-05
45,PC16,http_response_body_len,9.813303467777479e-05
45,PC16,http_status_code,-0.0012443219819800932
45,PC16,dns_query,0.017802903226400726
45,PC16,ssl_version,0.10205140942523055
45,PC16,ssl_cipher,0.10205140942522958
45,PC16,ssl_subject,0.003608180949741052
45,PC16,ssl_issuer,0.003608180949741052
45,PC16,http_uri,-0.0014355690275274944
45,PC16,http_user_agent,-0.0014355690275274224
45,PC16,http_orig_mime_types,-0.0001224979339934048
45,PC16,http_resp_mime_types,-0.0021614561554758605
45,PC16,weird_name,-0.10717920157701288
45,PC16,proto_icmp,-0.039040326653272395
45,PC16,proto_tcp,-0.005505280869814555
45,PC16,proto_udp,0.04454560752308648
45,PC16,service_dce_rpc,0.007094636685106764
45,PC16,service_dhcp,0.0034944900250682264
45,PC16,service_dns,-0.13135445716421212
45,PC16,service_ftp,0.1325685588824806
45,PC16,service_gssapi,0.01988045829421283
45,PC16,service_http,-0.2792509962959114
45,PC16,service_n/a,-0.31858862939249266
45,PC16,service_smb,0.015170398228510894
45,PC16,service_smb;gssapi,0.002830720454928747
45,PC16,service_ssl,0.5481548202823091
45,PC16,conn_state_OTH,0.018846965022982023
45,PC16,conn_state_REJ,0.02095092296980478
45,PC16,conn_state_RSTO,0.09181433042366319
45,PC16,conn_state_RSTOS0,-0.0007450736524633713
45,PC16,conn_state_RSTR,0.2189668617343753
45,PC16,conn_state_RSTRH,-0.01726350046562551
45,PC16,conn_state_S0,-0.020113540347472477
45,PC16,conn_state_S1,0.014895906100220733
45,PC16,conn_state_S2,0.004200498945290344
45,PC16,conn_state_S3,-0.08029411518880625
45,PC16,conn_state_SF,-0.04282173107275303
45,PC16,conn_state_SH,0.026858570873387968
45,PC16,conn_state_SHR,-0.23529609534260337
45,PC16,dns_AA_F,-0.012185732725038891
45,PC16,dns_AA_T,-0.013902826922287025
45,PC16,dns_AA_n/a,0.026088559647326304
45,PC16,dns_RD_F,0.005673330214594128
45,PC16,dns_RD_T,-0.03176188986192031
45,PC16,dns_RD_n/a,0.026088559647326294
45,PC16,dns_RA_F,-0.04187696107729501
45,PC16,dns_RA_T,0.015788401429968908
45,PC16,dns_RA_n/a,0.026088559647326284
45,PC16,dns_rejected_F,-0.05502424884677638
45,PC16,dns_rejected_T,0.028935689199450932
45,PC16,dns_rejected_n/a,0.026088559647326287
45,PC16,ssl_resumed_F,0.23958625974592843
45,PC16,ssl_resumed_T,0.03102274536684189
45,PC16,ssl_resumed_n/a,-0.2706090051127708
45,PC16,ssl_established_F,0.23597807879618776
45,PC16,ssl_established_T,0.03463092631658296
45,PC16,ssl_established_n/a,-0.27060900511277103
45,PC16,http_trans_depth_1,-0.0023445538365500906
45,PC16,http_trans_depth_10,-1.213921806504863e-05
45,PC16,http_trans_depth_2,3.6862662454256104e-05
45,PC16,http_trans_depth_6,-1.2139218603219443e-05
45,PC16,http_trans_depth_7,-1.213921758667502e-05
45,PC16,http_trans_depth_8,-1.2139218423829e-05
45,PC16,http_trans_depth_9,-1.2139218722812785e-05
45,PC16,http_trans_depth_n/a,0.0023683872654974036
45,PC16,http_method_GET,-0.0013374344530242218
45,PC16,http_method_HEAD,3.627352982199341e-05
45,PC16,http_method_POST,-0.00013440810432527314
45,PC16,http_method_n/a,0.001435569027527507
45,PC16,http_version_1.1,-0.0023592677286614462
45,PC16,http_version_n/a,0.002359267728661447
45,PC16,weird_addl_43,-0.0010885569665007356
45,PC16,weird_addl_46,-0.09012257689725342
45,PC16,weird_addl_48,-0.004183462197263652
45,PC16,weird_addl_n/a,0.09539459606101851
45,PC16,weird_notice_F,-0.10717920157701268
45,PC16,weird_notice_n/a,0.10717920157701269
45,PC17,duration,0.000730689448008828
45,PC17,src_bytes,-7.618405626294567e-05
45,PC17,dst_bytes,-9.532282427573979e-05
45,PC17,missed_bytes,-2.9365819001342386e-05
45,PC17,src_pkts,0.0011109781840381028
45,PC17,src_ip_bytes,0.000506454315872984
45,PC17,dst_pkts,0.0005952835883413915
45,PC17,dst_ip_bytes,0.0009763806878787858
45,PC17,dns_qclass,0.020900416283867962
45,PC17,dns_qtype,0.0046929130168192335
45,PC17,dns_rcode,0.022517005473491947
45,PC17,http_request_body_len,1.1620150211666402e-05
45,PC17,http_response_body_len,0.0001284963116075788
45,PC17,http_status_code,0.0008174136837262608
45,PC17,dns_query,0.02119662796164523
45,PC17,ssl_version,0.025435626355864493
45,PC17,ssl_cipher,0.025435626355864493
45,PC17,ssl_subject,0.0008483000094481885
45,PC17,ssl_issuer,0.0008483000094481399
45,PC17,http_uri,0.00198302680765039
45,PC17,http_user_agent,0.0019830268076504037
45,PC17,http_orig_mime_types,3.072547710936124e-05
45,PC17,http_resp_mime_types,0.0012151190790380476
45,PC17,weird_name,0.46556958078246335
45,PC17,proto_icmp,-0.014333814495330333
45,PC17,proto_tcp,-0.00220486861181457
45,PC17,proto_udp,0.016538683107144767
45,PC17,service_dce_rpc,0.0014024508759584659
45,PC17,service_dhcp,0.0006649326530612488
45,PC17,service_dns,-0.061785276558358304
45,PC17,service_ftp,0.019414953444439973
45,PC17,service_gssapi,0.0040556274388550044
45,PC17,service_http,-0.02315733500959338
45,PC17,service_n/a,-0.06158270406613923
45,PC17,service_smb,0.002922892981455311
45,PC17,service_smb;gssapi,0.0005447956415146817
45,PC17,service_ssl,0.11751966259880724
45,PC17,conn_state_OTH,0.017515334960709922
45,PC17,conn_state_REJ,0.018776150266494363
45,PC17,conn_state_RSTO,0.017289886580608364
45,PC17,conn_state_RSTOS0,0.0015906902478421703
45,PC17,conn_state_RSTR,0.05095969825902576
45,PC17,conn_state_RSTRH,-0.019557644505221294
45,PC17,conn_state_S0,0.003939319729798425
45,PC17,conn_state_S1,0.01942432163016245
45,PC17,conn_state_S2,0.0021928982234351658
45,PC17,conn_state_S3,-0.015637622700732184
45,PC17,conn_state_SF,-0.02528236248707911
45,PC17,conn_state_SH,0.0225866229331323
45,PC17,conn_state_SHR,-0.09379729313817484
45,PC17,dns_AA_F,0.019211700910785393
45,PC17,dns_AA_T,-0.014085282820324545
45,PC17,dns_AA_n/a,-0.005126418090461226
45,PC17,dns_RD_F,0.032617444447753406
45,PC17,dns_RD_T,-0.027491026357292368
45,PC17,dns_RD_n/a,-0.005126418090461249
45,PC17,dns_RA_F,-0.03991339450984446
45,PC17,dns_RA_T,0.045039812600305734
45,PC17,dns_RA_n/a,-0.005126418090461238
45,PC17,dns_rejected_F,-0.036552505271806784
45,PC17,dns_rejected_T,0.04167892336226819
45,PC17,dns_rejected_n/a,-0.005126418090461249
45,PC17,ssl_resumed_F,0.06089698459350107
45,PC17,ssl_resumed_T,0.006936212370262199
45,PC17,ssl_resumed_n/a,-0.06783319696376332
45,PC17,ssl_established_F,0.060048684584052964
45,PC17,ssl_established_T,0.007784512379710332
45,PC17,ssl_established_n/a,-0.06783319696376336
45,PC17,http_trans_depth_1,0.0014385356729690053
45,PC17,http_trans_depth_10,3.377671299374315e-06
45,PC17,http_trans_depth_2,0.00014590780239353144
45,PC17,http_trans_depth_6,3.3776705618560523e-06
45,PC17,http_trans_depth_7,3.3776719549461345e-06
45,PC17,http_trans_depth_8,3.3776708076951713e-06
45,PC17,http_trans_depth_9,3.3776703979627664e-06
45,PC17,http_trans_depth_n/a,-0.0016013318303843655
45,PC17,http_method_GET,0.0019121617846027793
45,PC17,http_method_HEAD,3.7248046442057095e-05
45,PC17,http_method_POST,3.3616976605578956e-05
45,PC17,http_method_n/a,-0.00198302680765042
45,PC17,http_version_1.1,0.0015418570524771177
45,PC17,http_version_n/a,-0.0015418570524771086
45,PC17,weird_addl_43,0.003973007966598208
45,PC17,weird_addl_46,0.3657764636412247
45,PC17,weird_addl_48,0.017165477440348506
45,PC17,weird_addl_n/a,-0.38691494904817425
45,PC17,weird_notice_F,0.4655695807824625
45,PC17,weird_notice_n/a,-0.46556958078246247
45,PC18,duration,-2.3878729123712298e-05
45,PC18,src_bytes,0.00041562794793470427
45,PC18,dst_bytes,0.0004445714863920659
45,PC18,missed_bytes,0.0001264760869959993
45,PC18,src_pkts,5.250657588520271e-05
45,PC18,src_ip_bytes,3.595266811117761e-05
45,PC18,dst_pkts,2.802128043864283e-05
45,PC18,dst_ip_bytes,2.2981307834407314e-05
45,PC18,dns_qclass,-0.20173599909962708
45,PC18,dns_qtype,0.8792194567764361
45,PC18,dns_rcode,-0.22652821608449747
45,PC18,http_request_body_len,-2.8831217722308927e-05
45,PC18,http_response_body_len,-0.00048159689834124594
45,PC18,http_status_code,-0.0017226950827733825
45,PC18,dns_query,0.025078001424817937
45,PC18,ssl_version,-0.0018111284287224017
45,PC18,ssl_cipher,-0.0018111284287223167
45,PC18,ssl_subject,-0.00010676691254718051
45,PC18,ssl_issuer,-0.00010676691254717444
45,PC18,http_uri,-0.003278067551445422
45,PC18,http_user_agent,-0.0032780675514454717
45,PC18,http_orig_mime_types,-7.456340178641288e-05
45,PC18,http_resp_mime_types,-0.001216321301964307
45,PC18,weird_name,0.021363351177755535
45,PC18,proto_icmp,-0.011772866324176907
45,PC18,proto_tcp,-0.004111466260214566
45,PC18,proto_udp,0.015884332584388094
45,PC18,service_dce_rpc,-0.0018656718640429615
45,PC18,service_dhcp,-0.0008920012481570261
45,PC18,service_dns,0.04988574987404809
45,PC18,service_ftp,-0.04988420304438322
45,PC18,service_gssapi,-0.005844789363328377
45,PC18,service_http,-0.04499443488778577
45,PC18,service_n/a,0.06745305133822893
45,PC18,service_smb,-0.01176560625033338
45,PC18,service_smb;gssapi,-0.0021765302896705283
45,PC18,service_ssl,8.443573542842443e-05
45,PC18,conn_state_OTH,0.007692463709976903
45,PC18,conn_state_REJ,0.008054148044611948
45,PC18,conn_state_RSTO,-0.022521230152887865
45,PC18,conn_state_RSTOS0,-6.275294387824019e-05
45,PC18,conn_state_RSTR,-0.21752303155277958
45,PC18,conn_state_RSTRH,-0.018086408851130477
45,PC18,conn_state_S0,-0.018542109477552502
45,PC18,conn_state_S1,0.01724583046604706
45,PC18,conn_state_S2,-0.024967498855175796
45,PC18,conn_state_S3,0.11238389093786881
45,PC18,conn_state_SF,0.12668867511318221
45,PC18,conn_state_SH,0.009807279164742073
45,PC18,conn_state_SHR,0.019830744396974905
45,PC18,dns_AA_F,0.027396564381898674
45,PC18,dns_AA_T,-0.0668882786142173
45,PC18,dns_AA_n/a,0.039491714232320715
45,PC18,dns_RD_F,-0.10358190874028163
45,PC18,dns_RD_T,0.0640901945079604
45,PC18,dns_RD_n/a,0.039491714232320715
45,PC18,dns_RA_F,0.06249013451834153
45,PC18,dns_RA_T,-0.10198184875066019
45,PC18,dns_RA_n/a,0.03949171423232071
45,PC18,dns_rejected_F,-0.012120330562129798
45,PC18,dns_rejected_T,-0.02737138367018612
45,PC18,dns_rejected_n/a,0.03949171423232071
45,PC18,ssl_resumed_F,-0.0011329140711455925
45,PC18,ssl_resumed_T,-0.0019472216437132134
45,PC18,ssl_resumed_n/a,0.0030801357148588855
45,PC18,ssl_established_F,-0.001026147158598459
45,PC18,ssl_established_T,-0.002053988556260399
45,PC18,ssl_established_n/a,0.0030801357148589068
45,PC18,http_trans_depth_1,-0.0027111949383877352
45,PC18,http_trans_depth_10,-7.689445427597332e-06
45,PC18,http_trans_depth_2,-0.0005351165492462233
45,PC18,http_trans_depth_6,-7.689441833814754e-06
45,PC18,http_trans_depth_7,-7.689448622071563e-06
45,PC18,http_trans_depth_8,-7.68944303174207e-06
45,PC18,http_trans_depth_9,-7.689441035196086e-06
45,PC18,http_trans_depth_n/a,0.0032847587075843813
45,PC18,http_method_GET,-0.0030189906908304103
45,PC18,http_method_HEAD,-0.00017726709577445542
45,PC18,http_method_POST,-8.180976484062167e-05
45,PC18,http_method_n/a,0.0032780675514454643
45,PC18,http_version_1.1,-0.0031095749883886616
45,PC18,http_version_n/a,0.0031095749883886725
45,PC18,weird_addl_43,7.072197302426742e-05
45,PC18,weird_addl_46,0.014965275182462478
45,PC18,weird_addl_48,0.0012738924948714808
45,PC18,weird_addl_n/a,-0.016309889650358372
45,PC18,weird_notice_F,0.02136335117775562
45,PC18,weird_notice_n/a,-0.021363351177755584
45,PC19,duration,0.0006347804057880523
45,PC19,src_bytes,-0.00023816956540683581
45,PC19,dst_bytes,-0.0004337687371610416
45,PC19,missed_bytes,-0.0001192366322660815
45,PC19,src_pkts,0.00032255982038033315
45,PC19,src_ip_bytes,0.00017935177459376533
45,PC19,dst_pkts,0.0007941884307623021
45,PC19,dst_ip_bytes,0.0006570440234942229
45,PC19,dns_qclass,-0.09910659409506098
45,PC19,dns_qtype,0.18694693397443202
45,PC19,dns_rcode,0.028969227366189926
45,PC19,http_request_body_len,0.0001296739262801605
45,PC19,http_response_body_len,0.0012599722366619104
45,PC19,http_status_code,0.005538258133010759
45,PC19,dns_query,-0.020958982065769197
45,PC19,ssl_version,-0.021062394633041562
45,PC19,ssl_cipher,-0.021062394633041492
45,PC19,ssl_subject,-0.0011387023031545762
45,PC19,ssl_issuer,-0.0011387023031545485
45,PC19,http_uri,0.009228415868839462
45,PC19,http_user_agent,0.009228415868839324
45,PC19,http_orig_mime_types,0.0003360357672189118
45,PC19,http_resp_mime_types,0.004978230834162656
45,PC19,weird_name,0.011255483126496657
45,PC19,proto_icmp,-0.008863874203906413
45,PC19,proto_tcp,-0.007468555502282148
45,PC19,proto_udp,0.016332429706187826
45,PC19,service_dce_rpc,-0.0023025092489042664
45,PC19,service_dhcp,-0.0007136132845718818
45,PC19,service_dns,-0.1400168621884026
45,PC19,service_ftp,0.14426025552302482
45,PC19,service_gssapi,-0.006660479026622632
45,PC19,service_http,0.03772674556164693
45,PC19,service_n/a,0.06417313652416258
45,PC19,service_smb,0.026381173647290514
45,PC19,service_smb;gssapi,0.004861267149275494
45,PC19,service_ssl,-0.12770911465689735
45,PC19,conn_state_OTH,-0.16312185091676315
45,PC19,conn_state_REJ,-0.16976685035320813
45,PC19,conn_state_RSTO,0.1500221991896356
45,PC19,conn_state_RSTOS0,0.00428505581294878
45,PC19,conn_state_RSTR,0.48808636103038294
45,PC19,conn_state_RSTRH,0.5969893068578022
45,PC19,conn_state_S0,-0.17900551052548674
45,PC19,conn_state_S1,-0.19465081474345888
45,PC19,conn_state_S2,0.05241402483835366
45,PC19,conn_state_S3,-0.2480849450429275
45,PC19,conn_state_SF,-0.13792181729202072
45,PC19,conn_state_SH,-0.19683632239745794
45,PC19,conn_state_SHR,-0.0024088364577997253
45,PC19,dns_AA_F,0.016415964525880143
45,PC19,dns_AA_T,0.005194963351299163
45,PC19,dns_AA_n/a,-0.021610927877179
45,PC19,dns_RD_F,-0.016878020107233726
45,PC19,dns_RD_T,0.0384889479844126
45,PC19,dns_RD_n/a,-0.021610927877179
45,PC19,dns_RA_F,0.03409862375182337
45,PC19,dns_RA_T,-0.012487695874643911
45,PC19,dns_RA_n/a,-0.021610927877178984
45,PC19,dns_rejected_F,0.046445513862860506
45,PC19,dns_rejected_T,-0.02483458598568058
45,PC19,dns_rejected_n/a,-0.02161092787717899
45,PC19,ssl_resumed_F,-0.06076407049427646
45,PC19,ssl_resumed_T,-0.003970956292129053
45,PC19,ssl_resumed_n/a,0.06473502678640554
45,PC19,ssl_established_F,-0.05962536819112186
45,PC19,ssl_established_T,-0.005109658595283702
45,PC19,ssl_established_n/a,0.06473502678640557
45,PC19,http_trans_depth_1,0.008662868002999168
45,PC19,http_trans_depth_10,3.404780410702341e-05
45,PC19,http_trans_depth_2,0.0014762734499979393
45,PC19,http_trans_depth_6,3.404779358805807e-05
45,PC19,http_trans_depth_7,3.404781345721597e-05
45,PC19,http_trans_depth_8,3.404779709437951e-05
45,PC19,http_trans_depth_9,3.404779125050952e-05
45,PC19,http_trans_depth_n/a,-0.010309380452494268
45,PC19,http_method_GET,0.008512869119608201
45,PC19,http_method_HEAD,0.0003469741690815454
45,PC19,http_method_POST,0.00036857258014953617
45,PC19,http_method_n/a,-0.009228415868839282
45,PC19,http_version_1.1,0.010323425387050465
45,PC19,http_version_n/a,-0.010323425387050474
45,PC19,weird_addl_43,0.00021554482521643457
45,PC19,weird_addl_46,0.009399485603354654
45,PC19,weird_addl_48,0.0003355869560606625
45,PC19,weird_addl_n/a,-0.009950617384631804
45,PC19,weird_notice_F,0.011255483126496635
45,PC19,weird_notice_n/a,-0.011255483126496671
45,PC20,duration,-0.0003338427369900136
45,PC20,src_bytes,0.00016495657489731808
45,PC20,dst_bytes,0.00018686651248003838
45,PC20,missed_bytes,6.41203797300191e-05
45,PC20,src_pkts,-8.407056425634857e-05
45,PC20,src_ip_bytes,-3.3069959688363654e-05
45,PC20,dst_pkts,-0.0005314073280325987
45,PC20,dst_ip_bytes,-0.0005492004478162178
45,PC20,dns_qclass,0.03275483721932971
45,PC20,dns_qtype,-0.0350739683600441
45,PC20,dns_rcode,-0.33788472703215183
45,PC20,http_request_body_len,-0.00037255807783515005
45,PC20,http_response_body_len,-0.0018607810156114346
45,PC20,http_status_code,-0.012074017635735373
45,PC20,dns_query,0.09362317156779437
45,PC20,ssl_version,-0.13857442444815196
45,PC20,ssl_cipher,-0.1385744244481507
45,PC20,ssl_subject,-0.0029820350088683445
45,PC20,ssl_issuer,-0.0029820350088682612
45,PC20,http_uri,-0.02038415387213985
45,PC20,http_user_agent,-0.020384153872140015
45,PC20,http_orig_mime_types,-0.0009682369633776493
45,PC20,http_resp_mime_types,-0.013867410713005512
45,PC20,weird_name,0.006006094122158301
45,PC20,proto_icmp,0.006046220696308183
45,PC20,proto_tcp,0.0030870690733838524
45,PC20,proto_udp,-0.009133289769692021
45,PC20,service_dce_rpc,0.008172608711294632
45,PC20,service_dhcp,0.0034378701749598894
45,PC20,service_dns,0.14611431021141655
45,PC20,service_ftp,0.3063569586651004
45,PC20,service_gssapi,0.022982435205846807
45,PC20,service_http,-0.27032629436611966
45,PC20,service_n/a,-0.20733762861866611
45,PC20,service_smb,0.02688047472881043
45,PC20,service_smb;gssapi,0.00493222795193037
45,PC20,service_ssl,-0.04121296266457425
45,PC20,conn_state_OTH,0.027003949781910827
45,PC20,conn_state_REJ,0.02843805138860719
45,PC20,conn_state_RSTO,-0.117196599361229
45,PC20,conn_state_RSTOS0,-0.0007550499059900439
45,PC20,conn_state_RSTR,0.34988074858694446
45,PC20,conn_state_RSTRH,-0.22234379696948028
45,PC20,conn_state_S0,0.034034760221778655
45,PC20,conn_state_S1,0.035913435146975314
45,PC20,conn_state_S2,-0.02874416344177923
45,PC20,conn_state_S3,0.07881185940796662
45,PC20,conn_state_SF,0.07685720006103143
45,PC20,conn_state_SH,0.032571576047126585
45,PC20,conn_state_SHR,-0.2944719709638619
45,PC20,dns_AA_F,-0.008107569914846036
45,PC20,dns_AA_T,-0.05869505649450908
45,PC20,dns_AA_n/a,0.06680262640935503
45,PC20,dns_RD_F,-0.02692351958713073
45,PC20,dns_RD_T,-0.03987910682222453
45,PC20,dns_RD_n/a,0.06680262640935504
45,PC20,dns_RA_F,-0.00613161817527911
45,PC20,dns_RA_T,-0.06067100823407636
45,PC20,dns_RA_n/a,0.06680262640935503
45,PC20,dns_rejected_F,-0.12076656465471362
45,PC20,dns_rejected_T,0.053963938245357376
45,PC20,dns_rejected_n/a,0.06680262640935503
45,PC20,ssl_resumed_F,-0.2481319153606203
45,PC20,ssl_resumed_T,-0.016569138920070076
45,PC20,ssl_resumed_n/a,0.26470105428069085
45,PC20,ssl_established_F,-0.24514988035175259
45,PC20,ssl_established_T,-0.019551173928938424
45,PC20,ssl_established_n/a,0.26470105428069135
45,PC20,http_trans_depth_1,-0.019977320055521223
45,PC20,http_trans_depth_10,-9.820253394914424e-05
45,PC20,http_trans_depth_2,-0.002436258299414867
45,PC20,http_trans_depth_6,-9.8202516625856e-05
45,PC20,http_trans_depth_7,-9.820254934762607e-05
45,PC20,http_trans_depth_8,-9.820252240028444e-05
45,PC20,http_trans_depth_9,-9.82025127762346e-05
45,PC20,http_trans_depth_n/a,0.02290459099003521
45,PC20,http_method_GET,-0.01919669647368056
45,PC20,http_method_HEAD,-0.00012594702132455134
45,PC20,http_method_POST,-0.0010615103771347933
45,PC20,http_method_n/a,0.020384153872139897
45,PC20,http_version_1.1,-0.0224698102961898
45,PC20,http_version_n/a,0.0224698102961898
45,PC20,weird_addl_43,-0.0002444171081322174
45,PC20,weird_addl_46,0.010663527421109981
45,PC20,weird_addl_48,0.0007880161807402785
45,PC20,weird_addl_n/a,-0.011207126493718104
45,PC20,weird_notice_F,0.006006094122158329
45,PC20,weird_notice_n/a,-0.006006094122158362
45,PC21,duration,-0.00019169397307075372
45,PC21,src_bytes,1.6152641801884388e-05
45,PC21,dst_bytes,6.552217326533452e-05
45,PC21,missed_bytes,1.2368976511535276e-05
45,PC21,src_pkts,-9.647452705745588e-05
45,PC21,src_ip_bytes,-6.410908338959354e-05
45,PC21,dst_pkts,-0.0003327981706409515
45,PC21,dst_ip_bytes,-0.00029188593417544054
45,PC21,dns_qclass,-0.25500133448287954
45,PC21,dns_qtype,0.15781496905938136
45,PC21,dns_rcode,0.766614514535068
45,PC21,http_request_body_len,-0.00015951995731185165
45,PC21,http_response_body_len,-0.0008015833293581048
45,PC21,http_status_code,-0.004837449249233419
45,PC21,dns_query,-0.04814932271418789
45,PC21,ssl_version,-0.037095102923540714
45,PC21,ssl_cipher,-0.03709510292354033
45,PC21,ssl_subject,-0.0008196441171753888
45,PC21,ssl_issuer,-0.0008196441171754052
45,PC21,http_uri,-0.00858487429965396
45,PC21,http_user_agent,-0.008584874299653766
45,PC21,http_orig_mime_types,-0.00041446908834866236
45,PC21,http_resp_mime_types,-0.005592160362632714
45,PC21,weird_name,0.0036947488286072083
45,PC21,proto_icmp,0.005353016145594261
45,PC21,proto_tcp,0.0031572425541784577
45,PC21,proto_udp,-0.008510258699773433
45,PC21,service_dce_rpc,0.0027888108447602644
45,PC21,service_dhcp,0.0012726450063647587
45,PC21,service_dns,-0.0060282745371274815
45,PC21,service_ftp,0.12061608543615626
45,PC21,service_gssapi,0.008000751714662191
45,PC21,service_http,-0.0708829777865121
45,PC21,service_n/a,-0.06818067107588902
45,PC21,service_smb,0.012356564498813758
45,PC21,service_smb;gssapi,0.0022628168850686438
45,PC21,service_ssl,-0.002205750986295529
45,PC21,conn_state_OTH,0.02314937410785506
45,PC21,conn_state_REJ,0.02398902234572011
45,PC21,conn_state_RSTO,-0.05960199228963059
45,PC21,conn_state_RSTOS0,-0.0006797423000476247
45,PC21,conn_state_RSTR,0.18674209276527393
45,PC21,conn_state_RSTRH,-0.2816704919960987
45,PC21,conn_state_S0,0.03549228490330828
45,PC21,conn_state_S1,0.027188851687344487
45,PC21,conn_state_S2,-0.011338291111973795
45,PC21,conn_state_S3,0.03429205340809194
45,PC21,conn_state_SF,0.01993994701485139
45,PC21,conn_state_SH,0.027163547789735093
45,PC21,conn_state_SHR,-0.024666656324429447
45,PC21,dns_AA_F,-0.05051286170518054
45,PC21,dns_AA_T,0.005021813270447725
45,PC21,dns_AA_n/a,0.045491048434732735
45,PC21,dns_RD_F,-0.061312227546903145
45,PC21,dns_RD_T,0.01582117911217015
45,PC21,dns_RD_n/a,0.045491048434732714
45,PC21,dns_RA_F,-0.019646736306693207
45,PC21,dns_RA_T,-0.025844312128038813
45,PC21,dns_RA_n/a,0.045491048434732735
45,PC21,dns_rejected_F,0.2333289748095095
45,PC21,dns_rejected_T,-0.2788200232442402
45,PC21,dns_rejected_n/a,0.04549104843473274
45,PC21,ssl_resumed_F,-0.06899738767630621
45,PC21,ssl_resumed_T,-0.0034984645269764514
45,PC21,ssl_resumed_n/a,0.07249585220328275
45,PC21,ssl_established_F,-0.06817774355913109
45,PC21,ssl_established_T,-0.004318108644151841
45,PC21,ssl_established_n/a,0.07249585220328292
45,PC21,http_trans_depth_1,-0.007871479113112484
45,PC21,http_trans_depth_10,-4.231977362761847e-05
45,PC21,http_trans_depth_2,-0.0010504630149801154
45,PC21,http_trans_depth_6,-4.231976581066914e-05
45,PC21,http_trans_depth_7,-4.231978057601874e-05
45,PC21,http_trans_depth_8,-4.2319768416318245e-05
45,PC21,http_trans_depth_9,-4.231976407356874e-05
45,PC21,http_trans_depth_n/a,0.009133540980596794
45,PC21,http_method_GET,-0.008115678252049613
45,PC21,http_method_HEAD,-1.4798075900323152e-05
45,PC21,http_method_POST,-0.00045439797170394294
45,PC21,http_method_n/a,0.00858487429965389
45,PC21,http_version_1.1,-0.008993973447925026
45,PC21,http_version_n/a,0.008993973447925031
45,PC21,weird_addl_43,-1.1823957793977266e-05
45,PC21,weird_addl_46,0.003571144485605946
45,PC21,weird_addl_48,0.00031425944559996394
45,PC21,weird_addl_n/a,-0.003873579973412023
45,PC21,weird_notice_F,0.0036947488286072617
45,PC21,weird_notice_n/a,-0.00369474882860724
45,PC22,duration,-0.00015622255205429127
45,PC22,src_bytes,-0.00018034117347145127
45,PC22,dst_bytes,-0.0002502990897549195
45,PC22,missed_bytes,-0.00017059881087365218
45,PC22,src_pkts,-0.0003576975554275743
45,PC22,src_ip_bytes,8.852548446569575e-05
45,PC22,dst_pkts,0.0001496769401768249
45,PC22,dst_ip_bytes,-0.00074485184854578
45,PC22,dns_qclass,0.17169224543395545
45,PC22,dns_qtype,-0.020337776670989238
45,PC22,dns_rcode,0.20281673268115535
45,PC22,http_request_body_len,-0.0035474817492269495
45,PC22,http_response_body_len,-0.012397021232413583
45,PC22,http_status_code,-0.09943082654299971
45,PC22,dns_query,0.07333983188737632
45,PC22,ssl_version,-0.056439411530897536
45,PC22,ssl_cipher,-0.05643941153089681
45,PC22,ssl_subject,-0.00040699846075900603
45,PC22,ssl_issuer,-0.00040699846075913093
45,PC22,http_uri,-0.17783014713720416
45,PC22,http_user_agent,-0.17783014713720435
45,PC22,http_orig_mime_types,-0.009251855103789619
45,PC22,http_resp_mime_types,-0.1236194348586821
45,PC22,weird_name,0.0020657232787432145
45,PC22,proto_icmp,-0.0019752605221671216
45,PC22,proto_tcp,-0.0010170581390082645
45,PC22,proto_udp,0.0029923186611766073
45,PC22,service_dce_rpc,0.0070705535851405266
45,PC22,service_dhcp,0.0028288748398194175
45,PC22,service_dns,0.1570474340613775
45,PC22,service_ftp,-0.04661678675735668
45,PC22,service_gssapi,0.02079606299484027
45,PC22,service_http,-0.10527903247368856
45,PC22,service_n/a,-0.1483367493040978
45,PC22,service_smb,-0.01629367663101805
45,PC22,service_smb;gssapi,-0.0029609424991471353
45,PC22,service_ssl,0.13174426218413
45,PC22,conn_state_OTH,0.04094165923285969
45,PC22,conn_state_REJ,0.042673832055846656
45,PC22,conn_state_RSTO,-0.13823680588922108
45,PC22,conn_state_RSTOS0,-0.0014795323244362023
45,PC22,conn_state_RSTR,-0.3654413931437024
45,PC22,conn_state_RSTRH,0.533604600354326
45,PC22,conn_state_S0,0.03350108942762425
45,PC22,conn_state_S1,0.04380371223949634
45,PC22,conn_state_S2,-0.011562154381797307
45,PC22,conn_state_S3,0.02091382085909479
45,PC22,conn_state_SF,0.0051314734359378805
45,PC22,conn_state_SH,0.047226520063090055
45,PC22,conn_state_SHR,-0.2510768219291171
45,PC22,dns_AA_F,-0.044344959205798395
45,PC22,dns_AA_T,-0.02222606337970623
45,PC22,dns_AA_n/a,0.0665710225855049
45,PC22,dns_RD_F,-0.031025796702421407
45,PC22,dns_RD_T,-0.035545225883082746
45,PC22,dns_RD_n/a,0.06657102258550485
45,PC22,dns_RA_F,-0.045494247199031404
45,PC22,dns_RA_T,-0.021076775386473304
45,PC22,dns_RA_n/a,0.06657102258550485
45,PC22,dns_rejected_F,0.01575332723771579
45,PC22,dns_rejected_T,-0.08232434982321953
45,PC22,dns_rejected_n/a,0.06657102258550487
45,PC22,ssl_resumed_F,-0.06988015262937716
45,PC22,ssl_resumed_T,-0.005902246856262269
45,PC22,ssl_resumed_n/a,0.07578239948563974
45,PC22,ssl_established_F,-0.06947315416861836
45,PC22,ssl_established_T,-0.006309245317021331
45,PC22,ssl_established_n/a,0.07578239948564003
45,PC22,http_trans_depth_1,-0.1635633596446419
45,PC22,http_trans_depth_10,-0.0009456549454088011
45,PC22,http_trans_depth_2,-0.017790514514100086
45,PC22,http_trans_depth_6,-0.0009456548032259792
45,PC22,http_trans_depth_7,-0.0009456550717935609
45,PC22,http_trans_depth_8,-0.0009456548506202437
45,PC22,http_trans_depth_9,-0.0009456547716297792
45,PC22,http_trans_depth_n/a,0.1860821486014198
45,PC22,http_method_GET,-0.16484923623319653
45,PC22,http_method_HEAD,-0.0028439807535850037
45,PC22,http_method_POST,-0.010136930150423057
45,PC22,http_method_n/a,0.17783014713720452
45,PC22,http_version_1.1,-0.18269623804843219
45,PC22,http_version_n/a,0.18269623804843219
45,PC22,weird_addl_43,-0.00024119003240678782
45,PC22,weird_addl_46,0.006711004325130165
45,PC22,weird_addl_48,0.000597096323409492
45,PC22,weird_addl_n/a,-0.0070669106161327655
45,PC22,weird_notice_F,0.0020657232787433047
45,PC22,weird_notice_n/a,-0.002065723278743329
45,PC23,duration,0.0001608958223303299
45,PC23,src_bytes,1.7270451563836456e-05
45,PC23,dst_bytes,-2.5027552265240866e-05
45,PC23,missed_bytes,-0.0001920679927199971
45,PC23,src_pkts,-0.0009374833173651544
45,PC23,src_ip_bytes,-0.00015294638726520357
45,PC23,dst_pkts,-7.701206238444613e-05
45,PC23,dst_ip_bytes,-0.0012454495944053783
45,PC23,dns_qclass,-0.10643204204252192
45,PC23,dns_qtype,0.00985894472295793
45,PC23,dns_rcode,-0.12556673541352625
45,PC23,http_request_body_len,-0.005680603555723127
45,PC23,http_response_body_len,-0.019323864638451385
45,PC23,http_status_code,-0.15558929099521976
45,PC23,dns_query,-0.06075629998817787
45,PC23,ssl_version,0.06148247236642625
45,PC23,ssl_cipher,0.06148247236642586
45,PC23,ssl_subject,0.0006796309470513962
45,PC23,ssl_issuer,0.000679630947051299
45,PC23,http_uri,-0.2830515899013514
45,PC23,http_user_agent,-0.2830515899013516
45,PC23,http_orig_mime_types,-0.014816692994395614
45,PC23,http_resp_mime_types,-0.19547510851659994
45,PC23,weird_name,-0.00032790527142617654
45,PC23,proto_icmp,0.0007304782626558204
45,PC23,proto_tcp,0.0004551956886078429
45,PC23,proto_udp,-0.0011856739512636216
45,PC23,service_dce_rpc,-0.0055410263090569095
45,PC23,service_dhcp,-0.00223700900206264
45,PC23,service_dns,-0.11512667760538962
45,PC23,service_ftp,0.014187301178724576
45,PC23,service_gssapi,-0.01623958543241283
45,PC23,service_http,0.10470822732555389
45,PC23,service_n/a,0.11400756499606388
45,PC23,service_smb,0.010859007378397609
45,PC23,service_smb;gssapi,0.001971794006247351
45,PC23,service_ssl,-0.10658959653606359
45,PC23,conn_state_OTH,-0.021639789180202436
45,PC23,conn_state_REJ,-0.02264452298041711
45,PC23,conn_state_RSTO,-0.08726989745254338
45,PC23,conn_state_RSTOS0,0.0008043367995980606
45,PC23,conn_state_RSTR,0.2615126956283167
45,PC23,conn_state_RSTRH,-0.24783894120763408
45,PC23,conn_state_S0,-0.017572691613762674
45,PC23,conn_state_S1,-0.022124539089010596
45,PC23,conn_state_S2,-0.00010819258393615638
45,PC23,conn_state_S3,-0.010310070215878125
45,PC23,conn_state_SF,-0.0037461019389330302
45,PC23,conn_state_SH,-0.025053581442724335
45,PC23,conn_state_SHR,0.19599129527712883
45,PC23,dns_AA_F,0.03153779868354871
45,PC23,dns_AA_T,0.019919318759060414
45,PC23,dns_AA_n/a,-0.05145711744260897
45,PC23,dns_RD_F,0.025217893570740287
45,PC23,dns_RD_T,0.026239223871868167
45,PC23,dns_RD_n/a,-0.05145711744260898
45,PC23,dns_RA_F,0.030756892085610582
45,PC23,dns_RA_T,0.020700225356997753
45,PC23,dns_RA_n/a,-0.05145711744260897
45,PC23,dns_rejected_F,-0.006640293493875585
45,PC23,dns_rejected_T,0.05809741093648331
45,PC23,dns_rejected_n/a,-0.05145711744260899
45,PC23,ssl_resumed_F,0.08144805248833917
45,PC23,ssl_resumed_T,0.007857012880078673
45,PC23,ssl_resumed_n/a,-0.08930506536841798
45,PC23,ssl_established_F,0.08076842154128797
45,PC23,ssl_established_T,0.008536643827130035
45,PC23,ssl_established_n/a,-0.08930506536841806
45,PC23,http_trans_depth_1,-0.25557126671018815
45,PC23,http_trans_depth_10,-0.0015179316433442205
45,PC23,http_trans_depth_2,-0.027969779212080964
45,PC23,http_trans_depth_6,-0.0015179314183740057
45,PC23,http_trans_depth_7,-0.0015179318433177899
45,PC23,http_trans_depth_8,-0.0015179314933640616
45,PC23,http_trans_depth_9,-0.0015179313683805966
45,PC23,http_trans_depth_n/a,0.29113070368904903
45,PC23,http_method_GET,-0.26282033119382586
45,PC23,http_method_HEAD,-0.003997560816022674
45,PC23,http_method_POST,-0.016233697891503213
45,PC23,http_method_n/a,0.28305158990135154
45,PC23,http_version_1.1,-0.2854973167407601
45,PC23,http_version_n/a,0.28549731674076007
45,PC23,weird_addl_43,0.00023559609962275126
45,PC23,weird_addl_46,7.412990270565245e-06
45,PC23,weird_addl_48,-0.00027056752993784294
45,PC23,weird_addl_n/a,2.7558440044733734e-05
45,PC23,weird_notice_F,-0.0003279052714260872
45,PC23,weird_notice_n/a,0.00032790527142613924
45,PC24,duration,0.0002583174244462255
45,PC24,src_bytes,0.00041785851105130556
45,PC24,dst_bytes,0.00033662505368262444
45,PC24,missed_bytes,8.665507714401138e-05
45,PC24,src_pkts,4.236143025148492e-05
45,PC24,src_ip_bytes,-8.818917591885134e-06
45,PC24,dst_pkts,2.7550928806248376e-05
45,PC24,dst_ip_bytes,0.00012025039683885574
45,PC24,dns_qclass,0.9025245592548519
45,PC24,dns_qtype,0.2237171232988323
45,PC24,dns_rcode,0.11313096279546772
45,PC24,http_request_body_len,-0.0001874599171709096
45,PC24,http_response_body_len,-0.00023617250005388002
45,PC24,http_status_code,-0.004324911928081668
45,PC24,dns_query,0.0018218563016370592
45,PC24,ssl_version,0.0071110190554793395
45,PC24,ssl_cipher,0.00711101905547927
45,PC24,ssl_subject,-0.0003298922950155242
45,PC24,ssl_issuer,-0.0003298922950154548
45,PC24,http_uri,-0.0088029029113844
45,PC24,http_user_agent,-0.008802902911384164
45,PC24,http_orig_mime_types,-0.0004913231268810769
45,PC24,http_resp_mime_types,-0.006383074510273465
45,PC24,weird_name,0.0017234498227433892
45,PC24,proto_icmp,-0.007085404674902681
45,PC24,proto_tcp,-0.005177313162481184
45,PC24,proto_udp,0.01226271783738411
45,PC24,service_dce_rpc,-0.004240672322737754
45,PC24,service_dhcp,-0.001680837165216706
45,PC24,service_dns,-0.05712696265600667
45,PC24,service_ftp,0.05811409035257023
45,PC24,service_gssapi,-0.013366924863028998
45,PC24,service_http,-0.004262180846215546
45,PC24,service_n/a,0.07718773395665943
45,PC24,service_smb,0.004686338617000241
45,PC24,service_smb;gssapi,0.0008430401458043735
45,PC24,service_ssl,-0.06015362521883108
45,PC24,conn_state_OTH,-0.03609629106030952
45,PC24,conn_state_REJ,-0.03690765727769861
45,PC24,conn_state_RSTO,0.13212191244358995
45,PC24,conn_state_RSTOS0,0.0015862975065970182
45,PC24,conn_state_RSTR,0.10297484890831819
45,PC24,conn_state_RSTRH,-0.1558847155145507
45,PC24,conn_state_S0,-0.0548386260721804
45,PC24,conn_state_S1,-0.03472719631548034
45,PC24,conn_state_S2,-0.013619408436364805
45,PC24,conn_state_S3,0.0059970869900644545
45,PC24,conn_state_SF,0.04846790813897444
45,PC24,conn_state_SH,-0.04000126835782622
45,PC24,conn_state_SHR,0.0809271090468622
45,PC24,dns_AA_F,-0.018494436288027827
45,PC24,dns_AA_T,0.005545964787798813
45,PC24,dns_AA_n/a,0.012948471500230693
45,PC24,dns_RD_F,-0.08123646220700687
45,PC24,dns_RD_T,0.06828799070678025
45,PC24,dns_RD_n/a,0.012948471500230693
45,PC24,dns_RA_F,0.04914226585672024
45,PC24,dns_RA_T,-0.062090737356946514
45,PC24,dns_RA_n/a,0.012948471500230704
45,PC24,dns_rejected_F,0.08457330113979289
45,PC24,dns_rejected_T,-0.09752177264001496
45,PC24,dns_rejected_n/a,0.0129484715002307
45,PC24,ssl_resumed_F,0.0007726997446101669
45,PC24,ssl_resumed_T,-0.0011762206774117365
45,PC24,ssl_resumed_n/a,0.0004035209328015453
45,PC24,ssl_established_F,0.0011025920396255835
45,PC24,ssl_established_T,-0.0015061129724271843
45,PC24,ssl_established_n/a,0.0004035209328014447
45,PC24,http_trans_depth_1,-0.007332108311918224
45,PC24,http_trans_depth_10,-5.104484362748245e-05
45,PC24,http_trans_depth_2,-0.0005131866823358897
45,PC24,http_trans_depth_6,-5.104484039182855e-05
45,PC24,http_trans_depth_7,-5.104484650362091e-05
45,PC24,http_trans_depth_8,-5.1044841470379285e-05
45,PC24,http_trans_depth_9,-5.1044839672793394e-05
45,PC24,http_trans_depth_n/a,0.008100519205920191
45,PC24,http_method_GET,-0.008137624633043294
45,PC24,http_method_HEAD,-0.00012738570505753735
45,PC24,http_method_POST,-0.0005378925732834332
45,PC24,http_method_n/a,0.008802902911384233
45,PC24,http_version_1.1,-0.007678588930809187
45,PC24,http_version_n/a,0.007678588930809228
45,PC24,weird_addl_43,5.272822001225683e-05
45,PC24,weird_addl_46,0.00019902712212971352
45,PC24,weird_addl_48,0.00015607353194860285
45,PC24,weird_addl_n/a,-0.00040782887409078483
45,PC24,weird_notice_F,0.0017234498227432955
45,PC24,weird_notice_n/a,-0.0017234498227433927
45,PC25,duration,-0.0003868449454896465
45,PC25,src_bytes,0.00031548436623574094
45,PC25,dst_bytes,-0.00026747605718739284
45,PC25,missed_bytes,-0.00013202411187073285
45,PC25,src_pkts,0.0001092835188139761
45,PC25,src_ip_bytes,-6.113443994477247e-05
45,PC25,dst_pkts,-0.0001753500394174462
45,PC25,dst_ip_bytes,0.0005650434460020455
45,PC25,dns_qclass,-0.10840860174067297
45,PC25,dns_qtype,-0.03351515100860862
45,PC25,dns_rcode,-0.00476179871524908
45,PC25,http_request_body_len,-0.0014810658442071384
45,PC25,http_response_body_len,-0.00021806684012348754
45,PC25,http_status_code,-0.03318361072099674
45,PC25,dns_query,0.007240509449832511
45,PC25,ssl_version,-0.08383565268738666
45,PC25,ssl_cipher,-0.0838356526873858
45,PC25,ssl_subject,-0.001160548927299651
45,PC25,ssl_issuer,-0.0011605489272994984
45,PC25,http_uri,-0.058449067646803674
45,PC25,http_user_agent,-0.05844906764680355
45,PC25,http_orig_mime_types,-0.003890386412066349
45,PC25,http_resp_mime_types,-0.05150752585924673
45,PC25,weird_name,0.00046094017684494837
45,PC25,proto_icmp,-0.0005357830314648149
45,PC25,proto_tcp,-0.0011469757475956188
45,PC25,proto_udp,0.0016827587790600729
45,PC25,service_dce_rpc,0.0015691220153239704
45,PC25,service_dhcp,0.0007006773418409273
45,PC25,service_dns,0.007538122734771474
45,PC25,service_ftp,-0.09875559355534888
45,PC25,service_gssapi,0.004866917330505385
45,PC25,service_http,-0.004711631425378671
45,PC25,service_n/a,-0.027645635169472545
45,PC25,service_smb,-0.009266750539599286
45,PC25,service_smb;gssapi,-0.0016622694526596937
45,PC25,service_ssl,0.12736704072001714
45,PC25,conn_state_OTH,-0.05305164083285723
45,PC25,conn_state_REJ,-0.05417931149927338
45,PC25,conn_state_RSTO,0.8648315887899483
45,PC25,conn_state_RSTOS0,0.0024210716655500082
45,PC25,conn_state_RSTR,-0.19552534918680434
45,PC25,conn_state_RSTRH,-0.19381476933639674
45,PC25,conn_state_S0,-0.0547885035011068
45,PC25,conn_state_S1,-0.06080147112100161
45,PC25,conn_state_S2,0.05665429613808111
45,PC25,conn_state_S3,-0.08919870760541519
45,PC25,conn_state_SF,-0.07291785126977862
45,PC25,conn_state_SH,-0.058833360030875595
45,PC25,conn_state_SHR,-0.09079599221007
45,PC25,dns_AA_F,-0.00014460824266830652
45,PC25,dns_AA_T,-0.001685449485532363
45,PC25,dns_AA_n/a,0.001830057728200423
45,PC25,dns_RD_F,0.010335422568172525
45,PC25,dns_RD_T,-0.012165480296373458
45,PC25,dns_RD_n/a,0.0018300577282004023
45,PC25,dns_RA_F,-0.010520517435816694
45,PC25,dns_RA_T,0.008690459707615773
45,PC25,dns_RA_n/a,0.0018300577282004266
45,PC25,dns_rejected_F,-0.012286988929895146
45,PC25,dns_rejected_T,0.010456931201693984
45,PC25,dns_rejected_n/a,0.0018300577282004196
45,PC25,ssl_resumed_F,-0.10271703643124053
45,PC25,ssl_resumed_T,-0.016462999473443297
45,PC25,ssl_resumed_n/a,0.11918003590468439
45,PC25,ssl_established_F,-0.10155648750394115
45,PC25,ssl_established_T,-0.01762354840074304
45,PC25,ssl_established_n/a,0.11918003590468464
45,PC25,http_trans_depth_1,-0.05708940698082061
45,PC25,http_trans_depth_10,-0.0003966560724179964
45,PC25,http_trans_depth_2,-0.0023249202564667145
45,PC25,http_trans_depth_6,-0.00039665606929436365
45,PC25,http_trans_depth_7,-0.0003966560751945694
45,PC25,http_trans_depth_8,-0.0003966560703355706
45,PC25,http_trans_depth_9,-0.0003966560686002162
45,PC25,http_trans_depth_n/a,0.06139760759312991
45,PC25,http_method_GET,-0.05299519785164888
45,PC25,http_method_HEAD,-0.0011961552560458804
45,PC25,http_method_POST,-0.004257714539108965
45,PC25,http_method_n/a,0.05844906764680365
45,PC25,http_version_1.1,-0.05997799929881723
45,PC25,http_version_n/a,0.05997799929881725
45,PC25,weird_addl_43,2.509441947267342e-06
45,PC25,weird_addl_46,0.003798010669491342
45,PC25,weird_addl_48,0.0001181350812963014
45,PC25,weird_addl_n/a,-0.003918655192735002
45,PC25,weird_notice_F,0.0004609401768450455
45,PC25,weird_notice_n/a,-0.0004609401768450559
45,PC26,duration,0.0005736917372414868
45,PC26,src_bytes,0.00012650196859325877
45,PC26,dst_bytes,0.0003946789601530082
45,PC26,missed_bytes,-9.23932832685749e-05
45,PC26,src_pkts,2.392653766305347e-05
45,PC26,src_ip_bytes,3.7662735762562793e-05
45,PC26,dst_pkts,0.0006357842087702445
45,PC26,dst_ip_bytes,0.0004874928234554904
45,PC26,dns_qclass,0.03439730742348457
45,PC26,dns_qtype,0.025689381002924797
45,PC26,dns_rcode,-0.03807410508528676
45,PC26,http_request_body_len,6.818474969724764e-05
45,PC26,http_response_body_len,-0.0009368411161399526
45,PC26,http_status_code,0.001765485584436649
45,PC26,dns_query,-0.3006760171975633
45,PC26,ssl_version,-0.12321082046988288
45,PC26,ssl_cipher,-0.123210820469882
45,PC26,ssl_subject,-0.002130105094837992
45,PC26,ssl_issuer,-0.002130105094837853
45,PC26,http_uri,-0.0005350944189770335
45,PC26,http_user_agent,-0.0005350944189768114
45,PC26,http_orig_mime_types,0.00018714202010631755
45,PC26,http_resp_mime_types,0.004412101821327119
45,PC26,weird_name,0.002104370618443027
45,PC26,proto_icmp,-0.006461585930765346
45,PC26,proto_tcp,-0.005198510975463533
45,PC26,proto_udp,0.011660096906228823
45,PC26,service_dce_rpc,0.004200257671383045
45,PC26,service_dhcp,0.003451673102105479
45,PC26,service_dns,-0.44032547221083373
45,PC26,service_ftp,0.009721281190933871
45,PC26,service_gssapi,0.012977828099899197
45,PC26,service_http,-0.043423851479609726
45,PC26,service_n/a,-0.056078970000876756
45,PC26,service_smb,-0.006328529543496816
45,PC26,service_smb;gssapi,-0.0011177230048569618
45,PC26,service_ssl,0.5169235061753527
45,PC26,conn_state_OTH,-3.3978842496352676e-05
45,PC26,conn_state_REJ,0.0004471947563099779
45,PC26,conn_state_RSTO,-0.18835877222372502
45,PC26,conn_state_RSTOS0,2.329443020042876e-06
45,PC26,conn_state_RSTR,-0.11846029206905889
45,PC26,conn_state_RSTRH,0.007598716571592114
45,PC26,conn_state_S0,-0.009395732895748616
45,PC26,conn_state_S1,-0.0038549456815575754
45,PC26,conn_state_S2,0.01918235608311867
45,PC26,conn_state_S3,-0.031104917045431793
45,PC26,conn_state_SF,-0.010633182256448433
45,PC26,conn_state_SH,0.00044335170089110885
45,PC26,conn_state_SHR,0.33416787245953505
45,PC26,dns_AA_F,0.050971158779452914
45,PC26,dns_AA_T,0.06366839730287475
45,PC26,dns_AA_n/a,-0.1146395560823277
45,PC26,dns_RD_F,0.04807665688911169
45,PC26,dns_RD_T,0.06656289919321622
45,PC26,dns_RD_n/a,-0.11463955608232776
45,PC26,dns_RA_F,0.05552412994953318
45,PC26,dns_RA_T,0.05911542613279532
45,PC26,dns_RA_n/a,-0.11463955608232773
45,PC26,dns_rejected_F,0.05060097313923706
45,PC26,dns_rejected_T,0.06403858294309156
45,PC26,dns_rejected_n/a,-0.11463955608232776
45,PC26,ssl_resumed_F,-0.20000132057320777
45,PC26,ssl_resumed_T,-0.009375465787282626
45,PC26,ssl_resumed_n/a,0.20937678636049104
45,PC26,ssl_established_F,-0.19787121547837055
45,PC26,ssl_established_T,-0.011505570882120583
45,PC26,ssl_established_n/a,0.2093767863604916
45,PC26,http_trans_depth_1,0.0042581494293628805
45,PC26,http_trans_depth_10,1.5292402192886365e-05
45,PC26,http_trans_depth_2,-0.0008932931887697869
45,PC26,http_trans_depth_6,1.52924187479373e-05
45,PC26,http_trans_depth_7,1.5292387477285726e-05
45,PC26,http_trans_depth_8,1.529241322958693e-05
45,PC26,http_trans_depth_9,1.5292422426838045e-05
45,PC26,http_trans_depth_n/a,-0.0034413182846676368
45,PC26,http_method_GET,-0.0006543677544540279
45,PC26,http_method_HEAD,-8.433675384277511e-05
45,PC26,http_method_POST,0.00020361008931990627
45,PC26,http_method_n/a,0.0005350944189768795
45,PC26,http_version_1.1,0.003405335369304917
45,PC26,http_version_n/a,-0.0034053353693049354
45,PC26,weird_addl_43,0.0006752905976700739
45,PC26,weird_addl_46,0.007941075770962897
45,PC26,weird_addl_48,-0.0005372812382736011
45,PC26,weird_addl_n/a,-0.0080790851303594
45,PC26,weird_notice_F,0.002104370618443016
45,PC26,weird_notice_n/a,-0.002104370618443023
45,PC27,duration,-0.00046889936778893277
45,PC27,src_bytes,-0.00012823632069962516
45,PC27,dst_bytes,-0.00017973670558535382
45,PC27,missed_bytes,-2.150933167727881e-05
45,PC27,src_pkts,0.0001235829305972283
45,PC27,src_ip_bytes,-2.851193434292784e-05
45,PC27,dst_pkts,0.0001984401577876417
45,PC27,dst_ip_bytes,0.00011804720601306384
45,PC27,dns_qclass,-0.03098385582801402
45,PC27,dns_qtype,-0.01753170300891452
45,PC27,dns_rcode,0.0003506770931673425
45,PC27,http_request_body_len,-0.00014398137652328613
45,PC27,http_response_body_len,0.00045354193486447925
45,PC27,http_status_code,-0.0023122589117693243
45,PC27,dns_query,-0.1345687434670838
45,PC27,ssl_version,0.049792893345999595
45,PC27,ssl_cipher,0.04979289334599904
45,PC27,ssl_subject,0.0006756231903141362
45,PC27,ssl_issuer,0.0006756231903143062
45,PC27,http_uri,-0.004318347673264916
45,PC27,http_user_agent,-0.004318347673264666
45,PC27,http_orig_mime_types,-0.0003829575634859972
45,PC27,http_resp_mime_types,-0.004550803536047601
45,PC27,weird_name,0.0020978709571558007
45,PC27,proto_icmp,-0.004567231392337279
45,PC27,proto_tcp,-0.004059075040014279
45,PC27,proto_udp,0.008626306432351794
45,PC27,service_dce_rpc,0.013044804051209058
45,PC27,service_dhcp,0.00674607285525013
45,PC27,service_dns,-0.22217640512215175
45,PC27,service_ftp,0.7728506463165298
45,PC27,service_gssapi,0.04184488894337074
45,PC27,service_http,-0.10543287346232161
45,PC27,service_n/a,-0.14040231951370963
45,PC27,service_smb,-0.03144854454841327
45,PC27,service_smb;gssapi,-0.005454083121970166
45,PC27,service_ssl,-0.3295721863977927
45,PC27,conn_state_OTH,0.025498566326028357
45,PC27,conn_state_REJ,0.0266172655667729
45,PC27,conn_state_RSTO,0.11566883558500662
45,PC27,conn_state_RSTOS0,-0.0018126797375492406
45,PC27,conn_state_RSTR,-0.36535544957097493
45,PC27,conn_state_RSTRH,0.049457902632295464
45,PC27,conn_state_S0,0.016821150494620744
45,PC27,conn_state_S1,0.027476204757373827
45,PC27,conn_state_S2,-0.01614849987011125
45,PC27,conn_state_S3,0.020718111451932888
45,PC27,conn_state_SF,-0.0065698331802212274
45,PC27,conn_state_SH,0.027975922599704002
45,PC27,conn_state_SHR,0.0796525029451235
45,PC27,dns_AA_F,0.0163261810028772
45,PC27,dns_AA_T,0.02485919935756737
45,PC27,dns_AA_n/a,-0.0411853803604446
45,PC27,dns_RD_F,0.026705421132311696
45,PC27,dns_RD_T,0.014479959228132677
45,PC27,dns_RD_n/a,-0.04118538036044462
45,PC27,dns_RA_F,0.008952815345870902
45,PC27,dns_RA_T,0.03223256501457355
45,PC27,dns_RA_n/a,-0.0411853803604446
45,PC27,dns_rejected_F,0.01140123032621767
45,PC27,dns_rejected_T,0.029784150034226957
45,PC27,dns_rejected_n/a,-0.04118538036044461
45,PC27,ssl_resumed_F,0.06800173524622577
45,PC27,ssl_resumed_T,-0.010425134165936425
45,PC27,ssl_resumed_n/a,-0.05757660108028936
45,PC27,ssl_established_F,0.06732611205591191
45,PC27,ssl_established_T,-0.009749510975622263
45,PC27,ssl_established_n/a,-0.05757660108028964
45,PC27,http_trans_depth_1,-0.003909648876822599
45,PC27,http_trans_depth_10,-3.909353393535687e-05
45,PC27,http_trans_depth_2,0.0002621522313223221
45,PC27,http_trans_depth_6,-3.909354368937959e-05
45,PC27,http_trans_depth_7,-3.909352526511564e-05
45,PC27,http_trans_depth_8,-3.9093540438038125e-05
45,PC27,http_trans_depth_9,-3.909354585693958e-05
45,PC27,http_trans_depth_n/a,0.003842964334685092
45,PC27,http_method_GET,-0.0033805899060230194
45,PC27,http_method_HEAD,-0.0005195283655682157
45,PC27,http_method_POST,-0.0004182294016735704
45,PC27,http_method_n/a,0.004318347673264732
45,PC27,http_version_1.1,-0.003869246500478201
45,PC27,http_version_n/a,0.0038692465004781973
45,PC27,weird_addl_43,0.00020235858745069999
45,PC27,weird_addl_46,0.0011070247352515244
45,PC27,weird_addl_48,-0.00028372968207825144
45,PC27,weird_addl_n/a,-0.001025653640623951
45,PC27,weird_notice_F,0.0020978709571556602
45,PC27,weird_notice_n/a,-0.0020978709571556186
45,PC28,duration,-0.0001784830926626231
45,PC28,src_bytes,-8.422293032034692e-05
45,PC28,dst_bytes,-1.4568155911723162e-05
45,PC28,missed_bytes,-6.930807168667452e-06
45,PC28,src_pkts,-0.00012113658804837994
45,PC28,src_ip_bytes,-4.372471264234377e-05
45,PC28,dst_pkts,-0.00013465554440410601
45,PC28,dst_ip_bytes,-0.00035494918917136804
45,PC28,dns_qclass,0.013451236102193027
45,PC28,dns_qtype,0.009572654994086334
45,PC28,dns_rcode,-0.003219342147369934
45,PC28,http_request_body_len,-7.16491051277364e-05
45,PC28,http_response_body_len,-0.0011710307942766583
45,PC28,http_status_code,0.0002356821168797464
45,PC28,dns_query,0.07806049621796007
45,PC28,ssl_version,0.003357557682893378
45,PC28,ssl_cipher,0.0033575576828934264
45,PC28,ssl_subject,-4.591233723327988e-05
45,PC28,ssl_issuer,-4.59123372333059e-05
45,PC28,http_uri,-0.001061116673989275
45,PC28,http_user_agent,-0.0010611166739893513
45,PC28,http_orig_mime_types,-0.00016352022072602113
45,PC28,http_resp_mime_types,0.0033973595970868964
45,PC28,weird_name,0.0001722843660933865
45,PC28,proto_icmp,0.0008623497049034257
45,PC28,proto_tcp,0.00030310933022657804
45,PC28,proto_udp,-0.00116545903512974
45,PC28,service_dce_rpc,-0.0002880408555772096
45,PC28,service_dhcp,-9.060900736551636e-05
45,PC28,service_dns,0.00032022158797007094
45,PC28,service_ftp,0.03140083874432398
45,PC28,service_gssapi,-0.0013579304656426983
45,PC28,service_http,-0.017309503540904908
45,PC28,service_n/a,0.0026168893011331643
45,PC28,service_smb,-0.006952741297226242
45,PC28,service_smb;gssapi,-0.0011626568071420279
45,PC28,service_ssl,-0.007176467659568066
45,PC28,conn_state_OTH,-0.07412230899049607
45,PC28,conn_state_REJ,-0.07501672412326381
45,PC28,conn_state_RSTO,-0.1497519120769109
45,PC28,conn_state_RSTOS0,0.00720949333755294
45,PC28,conn_state_RSTR,-0.11062685932815057
45,PC28,conn_state_RSTRH,-0.11636538088113225
45,PC28,conn_state_S0,-0.07245690202420647
45,PC28,conn_state_S1,-0.07700643207883032
45,PC28,conn_state_S2,0.9487591230531724
45,PC28,conn_state_S3,-0.07395011371824457
45,PC28,conn_state_SF,-0.05967012582883176
45,PC28,conn_state_SH,-0.07794240757458412
45,PC28,conn_state_SHR,-0.069059449766075
45,PC28,dns_AA_F,-0.005553050038123047
45,PC28,dns_AA_T,-0.00992669842545637
45,PC28,dns_AA_n/a,0.015479748463579674
45,PC28,dns_RD_F,-0.01115113910292849
45,PC28,dns_RD_T,-0.004328609360651121
45,PC28,dns_RD_n/a,0.015479748463579692
45,PC28,dns_RA_F,-0.001790289646788506
45,PC28,dns_RA_T,-0.013689458816791344
45,PC28,dns_RA_n/a,0.015479748463579699
45,PC28,dns_rejected_F,-0.0037735134227276923
45,PC28,dns_rejected_T,-0.011706235040852154
45,PC28,dns_rejected_n/a,0.01547974846357967
45,PC28,ssl_resumed_F,0.002870293817141375
45,PC28,ssl_resumed_T,-9.915633170488186e-05
45,PC28,ssl_resumed_n/a,-0.0027711374854365225
45,PC28,ssl_established_F,0.0029162061543746357
45,PC28,ssl_established_T,-0.00014506866893820858
45,PC28,ssl_established_n/a,-0.0027711374854364436
45,PC28,http_trans_depth_1,0.0004256269073421746
45,PC28,http_trans_depth_10,-1.4849254695350035e-05
45,PC28,http_trans_depth_2,-0.0013292587591636291
45,PC28,http_trans_depth_6,-1.4849220860478092e-05
45,PC28,http_trans_depth_7,-1.4849284770790465e-05
45,PC28,http_trans_depth_8,-1.4849232138768677e-05
45,PC28,http_trans_depth_9,-1.4849213341618453e-05
45,PC28,http_trans_depth_n/a,0.00097787805762846
45,PC28,http_method_GET,-0.0007126305298303234
45,PC28,http_method_HEAD,-0.00016615898469211733
45,PC28,http_method_POST,-0.00018232715946686032
45,PC28,http_method_n/a,0.001061116673989359
45,PC28,http_version_1.1,-0.0007796210877714545
45,PC28,http_version_n/a,0.0007796210877714475
45,PC28,weird_addl_43,-2.7250595758900476e-05
45,PC28,weird_addl_46,-0.0007678045339388623
45,PC28,weird_addl_48,3.634402810794024e-05
45,PC28,weird_addl_n/a,0.0007587111015898429
45,PC28,weird_notice_F,0.00017228436609349924
45,PC28,weird_notice_n/a,-0.0001722843660934316
45,PC29,duration,0.001426291500787378
45,PC29,src_bytes,9.323023249316331e-05
45,PC29,dst_bytes,0.00041484135024021096
45,PC29,missed_bytes,-0.00015137976400203881
45,PC29,src_pkts,-0.00020506791767981036
45,PC29,src_ip_bytes,-0.00011528323706923999
45,PC29,dst_pkts,0.0013763976162572689
45,PC29,dst_ip_bytes,0.0009920119521021065
45,PC29,dns_qclass,-0.03658970255609675
45,PC29,dns_qtype,-0.03393014048862235
45,PC29,dns_rcode,0.023921482674764186
45,PC29,http_request_body_len,-0.00011287963619574515
45,PC29,http_response_body_len,-0.00033616658118050535
45,PC29,http_status_code,0.0008870676594707472
45,PC29,dns_query,0.8039214209094615
45,PC29,ssl_version,0.18175907256046012
45,PC29,ssl_cipher,0.18175907256045865
45,PC29,ssl_subject,0.00594647354099978
45,PC29,ssl_issuer,0.0059464735409996555
45,PC29,http_uri,-0.007021086505130822
45,PC29,http_user_agent,-0.007021086505131224
45,PC29,http_orig_mime_types,-0.0002946745990365929
45,PC29,http_resp_mime_types,-0.0005801390421932839
45,PC29,weird_name,-0.01020878582696269
45,PC29,proto_icmp,-0.0013603018393029132
45,PC29,proto_tcp,-0.0011908079787385506
45,PC29,proto_udp,0.002551109818043018
45,PC29,service_dce_rpc,-0.00791314713159752
45,PC29,service_dhcp,-0.0007411700137950894
45,PC29,service_dns,-0.2560785571032622
45,PC29,service_ftp,0.11314562555698733
45,PC29,service_gssapi,-0.034191730639547994
45,PC29,service_http,0.05874135571583615
45,PC29,service_n/a,0.030198125880348068
45,PC29,service_smb,-0.027076354891106685
45,PC29,service_smb;gssapi,-0.004041117812568094
45,PC29,service_ssl,0.12795697043870913
45,PC29,conn_state_OTH,-0.00988675556574435
45,PC29,conn_state_REJ,-0.010027026648766445
45,PC29,conn_state_RSTO,-0.0132792674179147
45,PC29,conn_state_RSTOS0,0.0013755028841674639
45,PC29,conn_state_RSTR,-0.05800689504100215
45,PC29,conn_state_RSTRH,-0.01267654747710796
45,PC29,conn_state_S0,-0.01280545637206347
45,PC29,conn_state_S1,-0.012476967316548892
45,PC29,conn_state_S2,-0.07407297201151239
45,PC29,conn_state_S3,-0.02759997988425327
45,PC29,conn_state_SF,-0.03820210133977993
45,PC29,conn_state_SH,-0.01030159516518598
45,PC29,conn_state_SHR,0.27796006135571844
45,PC29,dns_AA_F,-0.03621426555476928
45,PC29,dns_AA_T,-0.04442891903482716
45,PC29,dns_AA_n/a,0.08064318458959774
45,PC29,dns_RD_F,-0.023983879991954588
45,PC29,dns_RD_T,-0.0566593045976435
45,PC29,dns_RD_n/a,0.08064318458959778
45,PC29,dns_RA_F,-0.05243691569388541
45,PC29,dns_RA_T,-0.02820626889571621
45,PC29,dns_RA_n/a,0.08064318458959786
45,PC29,dns_rejected_F,-0.052291080071933865
45,PC29,dns_rejected_T,-0.02835210451766665
45,PC29,dns_rejected_n/a,0.08064318458959775
45,PC29,ssl_resumed_F,-0.1273540888672168
45,PC29,ssl_resumed_T,0.08579866368034883
45,PC29,ssl_resumed_n/a,0.04155542518686818
45,PC29,ssl_established_F,-0.13330056240821658
45,PC29,ssl_established_T,0.09174513722134864
45,PC29,ssl_established_n/a,0.0415554251868691
45,PC29,http_trans_depth_1,0.003456703690683299
45,PC29,http_trans_depth_10,-5.789526348003104e-05
45,PC29,http_trans_depth_2,-0.0006909072062161485
45,PC29,http_trans_depth_6,-5.789524676854135e-05
45,PC29,http_trans_depth_7,-5.789527833469045e-05
45,PC29,http_trans_depth_8,-5.7895252339037666e-05
45,PC29,http_trans_depth_9,-5.7895243054874506e-05
45,PC29,http_trans_depth_n/a,-0.002476320200489924
45,PC29,http_method_GET,-0.006591151537830036
45,PC29,http_method_HEAD,-0.00010794576056817143
45,PC29,http_method_POST,-0.00032198920673313176
45,PC29,http_method_n/a,0.0070210865051313995
45,PC29,http_version_1.1,0.002532648430080114
45,PC29,http_version_n/a,-0.0025326484300800915
45,PC29,weird_addl_43,0.0014415462682058145
45,PC29,weird_addl_46,0.009236906221072247
45,PC29,weird_addl_48,-0.0016299099539573286
45,PC29,weird_addl_n/a,-0.009048542535320642
45,PC29,weird_notice_F,-0.010208785826962765
45,PC29,weird_notice_n/a,0.010208785826962821
45,PC30,duration,0.0004158527022580719
45,PC30,src_bytes,7.277791189859266e-06
45,PC30,dst_bytes,-0.00018624402980613446
45,PC30,missed_bytes,3.455420326830064e-05
45,PC30,src_pkts,3.622339106367639e-05
45,PC30,src_ip_bytes,-9.354106839777956e-06
45,PC30,dst_pkts,-0.0006779879641513453
45,PC30,dst_ip_bytes,-0.00035369357294603304
45,PC30,dns_qclass,0.011196694271734187
45,PC30,dns_qtype,0.010462528251464546
45,PC30,dns_rcode,-0.0074795933780817375
45,PC30,http_request_body_len,9.71292686128937e-06
45,PC30,http_response_body_len,0.0006623754991718894
45,PC30,http_status_code,-0.0007298627017425542
45,PC30,dns_query,-0.28653433496041014
45,PC30,ssl_version,0.504803920286
45,PC30,ssl_cipher,0.5048039202859953
45,PC30,ssl_subject,0.021288963991560786
45,PC30,ssl_issuer,0.021288963991560994
45,PC30,http_uri,0.0028762097300642723
45,PC30,http_user_agent,0.0028762097300654155
45,PC30,http_orig_mime_types,1.1361104036489156e-05
45,PC30,http_resp_mime_types,-0.001458352684953354
45,PC30,weird_name,-0.0015061713138325716
45,PC30,proto_icmp,0.0002614993224969754
45,PC30,proto_tcp,7.352349609614228e-05
45,PC30,proto_udp,-0.0003350228185972637
45,PC30,service_dce_rpc,0.009475008045112449
45,PC30,service_dhcp,0.0029756339100564244
45,PC30,service_dns,0.08386658818156945
45,PC30,service_ftp,-0.05757842505411112
45,PC30,service_gssapi,0.0463479773803504
45,PC30,service_http,-0.04185649278814718
45,PC30,service_n/a,-0.03382181286964179
45,PC30,service_smb,0.01035059222970669
45,PC30,service_smb;gssapi,0.0015035478024812109
45,PC30,service_ssl,-0.02126261683737908
45,PC30,conn_state_OTH,0.005517977848137241
45,PC30,conn_state_REJ,0.005738653154557925
45,PC30,conn_state_RSTO,0.033134718635970783
45,PC30,conn_state_RSTOS0,-0.0012066956223006076
45,PC30,conn_state_RSTR,-0.0015505686555258164
45,PC30,conn_state_RSTRH,0.0057351618852562805
45,PC30,conn_state_S0,0.005954440582002615
45,PC30,conn_state_S1,0.005660767700806341
45,PC30,conn_state_S2,0.02654874515730913
45,PC30,conn_state_S3,0.009342035655762224
45,PC30,conn_state_SF,0.013855177409111283
45,PC30,conn_state_SH,0.005877202505465541
45,PC30,conn_state_SHR,-0.11460761625656668
45,PC30,dns_AA_F,0.011779822504579644
45,PC30,dns_AA_T,0.014594201782843971
45,PC30,dns_AA_n/a,-0.02637402428742481
45,PC30,dns_RD_F,0.008046482162612575
45,PC30,dns_RD_T,0.018327542124812343
45,PC30,dns_RD_n/a,-0.026374024287424948
45,PC30,dns_RA_F,0.01692269030554636
45,PC30,dns_RA_T,0.009451333981881554
45,PC30,dns_RA_n/a,-0.026374024287424858
45,PC30,dns_rejected_F,0.01701580514233826
45,PC30,dns_rejected_T,0.009358219145090496
45,PC30,dns_rejected_n/a,-0.02637402428742478
45,PC30,ssl_resumed_F,-0.2879866032060866
45,PC30,ssl_resumed_T,0.2991903886975956
45,PC30,ssl_resumed_n/a,-0.011203785491509473
45,PC30,ssl_established_F,-0.30927556719764693
45,PC30,ssl_established_T,0.32047935268915656
45,PC30,ssl_established_n/a,-0.01120378549150857
45,PC30,http_trans_depth_1,-0.002459107361173718
45,PC30,http_trans_depth_10,1.5997991559546523e-05
45,PC30,http_trans_depth_2,0.0007977372812607193
45,PC30,http_trans_depth_6,1.599795564686709e-05
45,PC30,http_trans_depth_7,1.5998023481929053e-05
45,PC30,http_trans_depth_8,1.5997967617760673e-05
45,PC30,http_trans_depth_9,1.599794766627132e-05
45,PC30,http_trans_depth_n/a,0.0015813801939404057
45,PC30,http_method_GET,0.002914774728524791
45,PC30,http_method_HEAD,-5.299142317680497e-05
45,PC30,http_method_POST,1.4426424717597572e-05
45,PC30,http_method_n/a,-0.002876209730065832
45,PC30,http_version_1.1,-0.0016100370341394638
45,PC30,http_version_n/a,0.0016100370341394707
45,PC30,weird_addl_43,-0.0007528699789163158
45,PC30,weird_addl_46,0.009431200372519377
45,PC30,weird_addl_48,0.00018009250195863413
45,PC30,weird_addl_n/a,-0.00885842289556199
45,PC30,weird_notice_F,-0.0015061713138330886
45,PC30,weird_notice_n/a,0.0015061713138327243
45,PC31,duration,0.00020215657798158227
45,PC31,src_bytes,0.00023786988426140686
45,PC31,dst_bytes,0.00027844168845286496
45,PC31,missed_bytes,6.455278334183915e-05
45,PC31,src_pkts,-0.00011946233790158505
45,PC31,src_ip_bytes,-4.15732424589579e-05
45,PC31,dst_pkts,0.00036979273371410756
45,PC31,dst_ip_bytes,0.0001612310287411071
45,PC31,dns_qclass,0.005707949809240059
45,PC31,dns_qtype,0.005424952615741296
45,PC31,dns_rcode,-0.0028440001230713
45,PC31,http_request_body_len,1.985382639334201e-06
45,PC31,http_response_body_len,-0.0003039384709883357
45,PC31,http_status_code,0.0005300959088784408
45,PC31,dns_query,0.05973130632471965
45,PC31,ssl_version,-0.001543881643034338
45,PC31,ssl_cipher,-0.001543881643033998
45,PC31,ssl_subject,-0.0018433854991576739
45,PC31,ssl_issuer,-0.0018433854991576036
45,PC31,http_uri,-0.0015292193824159718
45,PC31,http_user_agent,-0.001529219382416732
45,PC31,http_orig_mime_types,1.6801151509611596e-05
45,PC31,http_resp_mime_types,0.0009247084853796026
45,PC31,weird_name,0.0030995245730953344
45,PC31,proto_icmp,0.0015448093996885438
45,PC31,proto_tcp,-0.0007142807608897369
45,PC31,proto_udp,-0.0008305286387965943
45,PC31,service_dce_rpc,0.08213613925345786
45,PC31,service_dhcp,0.03541008951352296
45,PC31,service_dns,-0.2341320712341173
45,PC31,service_ftp,-0.26242656546586846
45,PC31,service_gssapi,0.8477510133665984
45,PC31,service_http,-0.19452686251118978
45,PC31,service_n/a,-0.18595884985315037
45,PC31,service_smb,0.12548839980072196
45,PC31,service_smb;gssapi,0.015628043340743168
45,PC31,service_ssl,-0.22936933621071742
45,PC31,conn_state_OTH,-0.00823938960101181
45,PC31,conn_state_REJ,-0.00611507647499053
45,PC31,conn_state_RSTO,-0.001903152794542104
45,PC31,conn_state_RSTOS0,0.0021018259517580906
45,PC31,conn_state_RSTR,-0.0018392180131042463
45,PC31,conn_state_RSTRH,-0.0071295178917212265
45,PC31,conn_state_S0,-0.005258395200373703
45,PC31,conn_state_S1,-0.005467342653837595
45,PC31,conn_state_S2,-0.00039788314706523664
45,PC31,conn_state_S3,-0.0009101437146995794
45,PC31,conn_state_SF,0.001853430506254361
45,PC31,conn_state_SH,-0.006188546482010952
45,PC31,conn_state_SHR,0.0394934095153482
45,PC31,dns_AA_F,-0.0006811015420559452
45,PC31,dns_AA_T,-0.002916459869940685
45,PC31,dns_AA_n/a,0.0035975614119973277
45,PC31,dns_RD_F,-0.0038853390661671913
45,PC31,dns_RD_T,0.00028777765416995726
45,PC31,dns_RD_n/a,0.003597561411997432
45,PC31,dns_RA_F,0.001340545909444657
45,PC31,dns_RA_T,-0.004938107321443168
45,PC31,dns_RA_n/a,0.0035975614119973416
45,PC31,dns_rejected_F,0.0001510136772561732
45,PC31,dns_rejected_T,-0.0037485750892555236
45,PC31,dns_rejected_n/a,0.0035975614119973347
45,PC31,ssl_resumed_F,0.02192110474653165
45,PC31,ssl_resumed_T,-0.028722830059931287
45,PC31,ssl_resumed_n/a,0.006801725313399835
45,PC31,ssl_established_F,0.023764490245689204
45,PC31,ssl_established_T,-0.030566215559088963
45,PC31,ssl_established_n/a,0.006801725313400175
45,PC31,http_trans_depth_1,0.0014200968862172203
45,PC31,http_trans_depth_10,-9.853144198830843e-06
45,PC31,http_trans_depth_2,-0.0003886224088302942
45,PC31,http_trans_depth_6,-9.853120790827307e-06
45,PC31,http_trans_depth_7,-9.85316500594485e-06
45,PC31,http_trans_depth_8,-9.853128593495351e-06
45,PC31,http_trans_depth_9,-9.853115589048602e-06
45,PC31,http_trans_depth_n/a,-0.0009822088032087409
45,PC31,http_method_GET,-0.0015147674342911172
45,PC31,http_method_HEAD,-3.110722299613268e-05
45,PC31,http_method_POST,1.6655274870490486e-05
45,PC31,http_method_n/a,0.0015292193824170061
45,PC31,http_version_1.1,0.0011895553264019004
45,PC31,http_version_n/a,-0.0011895553264018727
45,PC31,weird_addl_43,0.00041653354850424915
45,PC31,weird_addl_46,-0.00618721158434446
45,PC31,weird_addl_48,0.00018937522518031047
45,PC31,weird_addl_n/a,0.0055813028106601326
45,PC31,weird_notice_F,0.003099524573095718
45,PC31,weird_notice_n/a,-0.003099524573095414
45,PC32,duration,-0.008690370096859011
45,PC32,src_bytes,-0.00010075140126437204
45,PC32,dst_bytes,1.5812522861452516e-05
45,PC32,missed_bytes,3.850259517174104e-05
45,PC32,src_pkts,-0.013100622958191324
45,PC32,src_ip_bytes,-0.006225167401668272
45,PC32,dst_pkts,-0.00792646377731962
45,PC32,dst_ip_bytes,-0.011459625388457295
45,PC32,dns_qclass,0.0004926872401636723
45,PC32,dns_qtype,0.002411963158878122
45,PC32,dns_rcode,-0.0005186902453538141
45,PC32,http_request_body_len,0.0003309025433738469
45,PC32,http_response_body_len,0.0010538606120643335
45,PC32,http_status_code,0.0016515180320527262
45,PC32,dns_query,-0.010579235430082379
45,PC32,ssl_version,-0.009667231900914286
45,PC32,ssl_cipher,-0.009667231900914564
45,PC32,ssl_subject,0.0002076216228372174
45,PC32,ssl_issuer,0.0002076216228371619
45,PC32,http_uri,0.0020747911078288217
45,PC32,http_user_agent,0.0020747911078290715
45,PC32,http_orig_mime_types,0.0007856955579953473
45,PC32,http_resp_mime_types,-0.0025367311316420865
45,PC32,weird_name,-0.3153328571080421
45,PC32,proto_icmp,0.0008928792335097524
45,PC32,proto_tcp,0.0009133390148510223
45,PC32,proto_udp,-0.0018062182483608719
45,PC32,service_dce_rpc,0.00014442218004105667
45,PC32,service_dhcp,-8.396709057829563e-05
45,PC32,service_dns,0.0010510165024892465
45,PC32,service_ftp,-0.00433330485915856
45,PC32,service_gssapi,0.008224977148575445
45,PC32,service_http,-0.0030600904332007683
45,PC32,service_n/a,3.367085356303229e-05
45,PC32,service_smb,0.003464554117020376
45,PC32,service_smb;gssapi,0.00037833650898228726
45,PC32,service_ssl,-0.005819614927734339
45,PC32,conn_state_OTH,0.0013216448687720815
45,PC32,conn_state_REJ,0.001284825888305659
45,PC32,conn_state_RSTO,0.002674371334458416
45,PC32,conn_state_RSTOS0,-0.029052616768168168
45,PC32,conn_state_RSTR,0.005013093970761273
45,PC32,conn_state_RSTRH,0.0013475553644204542
45,PC32,conn_state_S0,0.004111054887236855
45,PC32,conn_state_S1,0.00142938635267308
45,PC32,conn_state_S2,0.004592062432030662
45,PC32,conn_state_S3,0.0030659268383821927
45,PC32,conn_state_SF,0.0043824823736308225
45,PC32,conn_state_SH,0.0017843803676283556
45,PC32,conn_state_SHR,-0.0019541679101321248
45,PC32,dns_AA_F,0.002039937321156862
45,PC32,dns_AA_T,-0.0010052827254850658
45,PC32,dns_AA_n/a,-0.001034654595671299
45,PC32,dns_RD_F,-0.0010676840331405452
45,PC32,dns_RD_T,0.002102338628811781
45,PC32,dns_RD_n/a,-0.0010346545956713218
45,PC32,dns_RA_F,0.0019231966720857645
45,PC32,dns_RA_T,-0.0008885420764143254
45,PC32,dns_RA_n/a,-0.0010346545956712962
45,PC32,dns_rejected_F,0.001834426827476269
45,PC32,dns_rejected_T,-0.0007997722318047028
45,PC32,dns_rejected_n/a,-0.001034654595671326
45,PC32,ssl_resumed_F,0.011375661217035631
45,PC32,ssl_resumed_T,-0.0014401531820509776
45,PC32,ssl_resumed_n/a,-0.009935508034984712
45,PC32,ssl_established_F,0.011168039594198518
45,PC32,ssl_established_T,-0.001232531559213808
45,PC32,ssl_established_n/a,-0.009935508034984764
45,PC32,http_trans_depth_1,0.00040211224263554744
45,PC32,http_trans_depth_10,6.438478212944869e-05
45,PC32,http_trans_depth_2,0.0015273270945144297
45,PC32,http_trans_depth_6,6.438468406916428e-05
45,PC32,http_trans_depth_7,6.438486929414651e-05
45,PC32,http_trans_depth_8,6.438471675592607e-05
45,PC32,http_trans_depth_9,6.43846622779887e-05
45,PC32,http_trans_depth_n/a,-0.0022513630516766314
45,PC32,http_method_GET,0.0009816673341542924
45,PC32,http_method_HEAD,0.00022589747703849713
45,PC32,http_method_POST,0.0008672262966362827
45,PC32,http_method_n/a,-0.0020747911078291383
45,PC32,http_version_1.1,0.002038665508016344
45,PC32,http_version_n/a,-0.002038665508016372
45,PC32,weird_addl_43,-0.016206653884282704
45,PC32,weird_addl_46,0.6344197326058251
45,PC32,weird_addl_48,-0.07949791956243704
45,PC32,weird_addl_n/a,-0.5387151591591018
45,PC32,weird_notice_F,-0.3153328571080415
45,PC32,weird_notice_n/a,0.31533285710804154
45,PC33,duration,-0.000560722217552881
45,PC33,src_bytes,-4.50323555694211e-05
45,PC33,dst_bytes,-2.315235996070298e-05
45,PC33,missed_bytes,-2.9856551588968057e-05
45,PC33,src_pkts,-8.882469553802078e-06
45,PC33,src_ip_bytes,5.026077982707737e-05
45,PC33,dst_pkts,0.00010512238862364458
45,PC33,dst_ip_bytes,7.490889015195502e-05
45,PC33,dns_qclass,-0.0008754471225384626
45,PC33,dns_qtype,-0.0008165249464979333
45,PC33,dns_rcode,0.0005349603784676402
45,PC33,http_request_body_len,-2.405029412230861e-05
45,PC33,http_response_body_len,7.924415319219083e-05
45,PC33,http_status_code,-5.503381165851179e-05
45,PC33,dns_query,0.009617276800863831
45,PC33,ssl_version,0.06723927274969772
45,PC33,ssl_cipher,0.06723927274969854
45,PC33,ssl_subject,-0.0009431563726508699
45,PC33,ssl_issuer,-0.0009431563726515647
45,PC33,http_uri,-0.0005582049135956328
45,PC33,http_user_agent,-0.0005582049135990502
45,PC33,http_orig_mime_types,-5.400096955335276e-05
45,PC33,http_resp_mime_types,0.00018812686784708266
45,PC33,weird_name,0.00013551635163390127
45,PC33,proto_icmp,-0.00031574668313685134
45,PC33,proto_tcp,-0.00027446928011441545
45,PC33,proto_udp,0.0005902159632615693
45,PC33,service_dce_rpc,0.34739032523324725
45,PC33,service_dhcp,0.08727476621945253
45,PC33,service_dns,-0.17499158138130483
45,PC33,service_ftp,-0.16253513459874644
45,PC33,service_gssapi,-0.3743464209069623
45,PC33,service_http,-0.16435403275679472
45,PC33,service_n/a,-0.16662847026460115
45,PC33,service_smb,0.7488523892965665
45,PC33,service_smb;gssapi,0.02199298679208886
45,PC33,service_ssl,-0.1626548276329367
45,PC33,conn_state_OTH,0.004955267805759486
45,PC33,conn_state_REJ,0.004936275048932459
45,PC33,conn_state_RSTO,0.005534581293908922
45,PC33,conn_state_RSTOS0,-0.0052817182381160455
45,PC33,conn_state_RSTR,-0.05163606454521434
45,PC33,conn_state_RSTRH,0.005005001185935332
45,PC33,conn_state_S0,0.004197445766683287
45,PC33,conn_state_S1,0.00483436136578147
45,PC33,conn_state_S2,0.004332779628338487
45,PC33,conn_state_S3,0.003886335631991103
45,PC33,conn_state_SF,0.003104577581145955
45,PC33,conn_state_SH,0.004963043750640703
45,PC33,conn_state_SHR,0.01116811372424379
45,PC33,dns_AA_F,-5.4754456847966315e-05
45,PC33,dns_AA_T,4.9227662857004306e-05
45,PC33,dns_AA_n/a,5.526793992793877e-06
45,PC33,dns_RD_F,0.00036825281877617133
45,PC33,dns_RD_T,-0.00037377961276920807
45,PC33,dns_RD_n/a,5.526793993106127e-06
45,PC33,dns_RA_F,-0.0004634594590233708
45,PC33,dns_RA_T,0.000457932665025404
45,PC33,dns_RA_n/a,5.526793992668977e-06
45,PC33,dns_rejected_F,-0.00034473054142034054
45,PC33,dns_rejected_T,0.0003392037474188245
45,PC33,dns_rejected_n/a,5.526793992675916e-06
45,PC33,ssl_resumed_F,0.02967038524195867
45,PC33,ssl_resumed_T,-0.08003982426616173
45,PC33,ssl_resumed_n/a,0.050369439024204085
45,PC33,ssl_established_F,0.030613541614609135
45,PC33,ssl_established_T,-0.08098298063881289
45,PC33,ssl_established_n/a,0.05036943902420622
45,PC33,http_trans_depth_1,0.00016363616232934006
45,PC33,http_trans_depth_10,-4.2439631441532415e-06
45,PC33,http_trans_depth_2,5.900005217386595e-05
45,PC33,http_trans_depth_6,-4.2439766017387835e-06
45,PC33,http_trans_depth_7,-4.243951181855718e-06
45,PC33,http_trans_depth_8,-4.2439721158774365e-06
45,PC33,http_trans_depth_9,-4.24397959231245e-06
45,PC33,http_trans_depth_n/a,-0.00020141637186681105
45,PC33,http_method_GET,6.195064256973165e-05
45,PC33,http_method_HEAD,-0.0005603755784639964
45,PC33,http_method_POST,-5.977997770524981e-05
45,PC33,http_method_n/a,0.0005582049136001188
45,PC33,http_version_1.1,0.00018163480660241677
45,PC33,http_version_n/a,-0.000181634806602278
45,PC33,weird_addl_43,0.00014089360567154027
45,PC33,weird_addl_46,0.00017549642959951983
45,PC33,weird_addl_48,-0.0003302805686835608
45,PC33,weird_addl_n/a,1.389053341445401e-05
45,PC33,weird_notice_F,0.00013551635163579906
45,PC33,weird_notice_n/a,-0.00013551635163469578
45,PC34,duration,3.375333347073013e-05
45,PC34,src_bytes,-4.871736382531064e-05
45,PC34,dst_bytes,1.931066170658146e-05
45,PC34,missed_bytes,6.15988627887667e-05
45,PC34,src_pkts,0.00014649262180405664
45,PC34,src_ip_bytes,8.665046475585676e-05
45,PC34,dst_pkts,0.0007682081350208493
45,PC34,dst_ip_bytes,0.00019742802271024876
45,PC34,dns_qclass,-0.0004138122129649096
45,PC34,dns_qtype,-0.0002632187577684461
45,PC34,dns_rcode,0.00033686250672999407
45,PC34,http_request_body_len,9.920909982577901e-05
45,PC34,http_response_body_len,-0.0012022723351232314
45,PC34,http_status_code,0.001169102451368318
45,PC34,dns_query,0.03753225324787725
45,PC34,ssl_version,-0.37774740345227786
45,PC34,ssl_cipher,-0.37774740345227475
45,PC34,ssl_subject,0.007726403086867492
45,PC34,ssl_issuer,0.007726403086867632
45,PC34,http_uri,-0.003608171320403527
45,PC34,http_user_agent,-0.00360817132040338
45,PC34,http_orig_mime_types,0.0003192650752711964
45,PC34,http_resp_mime_types,0.002131091367416228
45,PC34,weird_name,0.0022845615821305808
45,PC34,proto_icmp,0.00016353442090338865
45,PC34,proto_tcp,0.00015592361595979562
45,PC34,proto_udp,-0.00031945803686333465
45,PC34,service_dce_rpc,0.06234574748206343
45,PC34,service_dhcp,0.013022801299567762
45,PC34,service_dns,-0.04799987109577274
45,PC34,service_ftp,-0.010553724854567974
45,PC34,service_gssapi,-0.03259204451081933
45,PC34,service_http,-0.016824364989947917
45,PC34,service_n/a,-0.017035660304468535
45,PC34,service_smb,0.1344563598555727
45,PC34,service_smb;gssapi,-0.0004179412889021008
45,PC34,service_ssl,-0.08440130159272567
45,PC34,conn_state_OTH,-0.001947024965165134
45,PC34,conn_state_REJ,-0.0019484743850939719
45,PC34,conn_state_RSTO,4.511690414640834e-05
45,PC34,conn_state_RSTOS0,0.00374197090186185
45,PC34,conn_state_RSTR,-0.020720548569874462
45,PC34,conn_state_RSTRH,-0.0008158969279636399
45,PC34,conn_state_S0,-0.001529424598195911
45,PC34,conn_state_S1,-0.001566774405138277
45,PC34,conn_state_S2,-0.0019038921489902827
45,PC34,conn_state_S3,0.0002900043977451614
45,PC34,conn_state_SF,-0.001984893985521277
45,PC34,conn_state_SH,-0.0019632246712751114
45,PC34,conn_state_SHR,0.030303062453463606
45,PC34,dns_AA_F,-0.0003632327659322254
45,PC34,dns_AA_T,-0.0006528043725584631
45,PC34,dns_AA_n/a,0.0010160371384906712
45,PC34,dns_RD_F,-0.0003190875679547345
45,PC34,dns_RD_T,-0.0006969495705359194
45,PC34,dns_RD_n/a,0.0010160371384906539
45,PC34,dns_RA_F,-0.0006517570002484846
45,PC34,dns_RA_T,-0.00036428013824223865
45,PC34,dns_RA_n/a,0.0010160371384907163
45,PC34,dns_rejected_F,-0.0006878348586751848
45,PC34,dns_rejected_T,-0.0003282022798151707
45,PC34,dns_rejected_n/a,0.0010160371384906886
45,PC34,ssl_resumed_F,-0.16059891958490127
45,PC34,ssl_resumed_T,0.4646983532067859
45,PC34,ssl_resumed_n/a,-0.30409943362188596
45,PC34,ssl_established_F,-0.1683253226717695
45,PC34,ssl_established_T,0.47242475629365566
45,PC34,ssl_established_n/a,-0.3040994336218862
45,PC34,http_trans_depth_1,0.004045633048914178
45,PC34,http_trans_depth_10,-5.526718841864361e-05
45,PC34,http_trans_depth_2,-0.001745626489406856
45,PC34,http_trans_depth_6,-5.5266950778120015e-05
45,PC34,http_trans_depth_7,-5.526739965466449e-05
45,PC34,http_trans_depth_8,-5.5267029991627655e-05
45,PC34,http_trans_depth_9,-5.5266897969113146e-05
45,PC34,http_trans_depth_n/a,-0.0020236710926951097
45,PC34,http_method_GET,-0.0037867836991554438
45,PC34,http_method_HEAD,-0.00015824112694961227
45,PC34,http_method_POST,0.0003368535057016379
45,PC34,http_method_n/a,0.003608171320403357
45,PC34,http_version_1.1,0.0024600389668719413
45,PC34,http_version_n/a,-0.002460038966871931
45,PC34,weird_addl_43,0.0011291115962792433
45,PC34,weird_addl_46,-0.006675182362031656
45,PC34,weird_addl_48,0.0021927360541240427
45,PC34,weird_addl_n/a,0.003353334711628103
45,PC34,weird_notice_F,0.0022845615821303067
45,PC34,weird_notice_n/a,-0.0022845615821304455
45,PC35,duration,0.0004748468617975852
45,PC35,src_bytes,0.0002119624846095092
45,PC35,dst_bytes,0.00020422890087763257
45,PC35,missed_bytes,6.642831289386804e-05
45,PC35,src_pkts,-0.00022390492033285683
45,PC35,src_ip_bytes,-0.00012633115622778194
45,PC35,dst_pkts,9.606868059972105e-06
45,PC35,dst_ip_bytes,-0.00011922464811587935
45,PC35,dns_qclass,0.0018390787111776069
45,PC35,dns_qtype,0.00183376795250802
45,PC35,dns_rcode,-0.0010952505814666815
45,PC35,http_request_body_len,8.933763841248091e-05
45,PC35,http_response_body_len,-0.0007320177827031275
45,PC35,http_status_code,0.00044956769001598006
45,PC35,dns_query,-4.836535497319957e-05
45,PC35,ssl_version,-0.0027310047781909422
45,PC35,ssl_cipher,-0.002731004778191159
45,PC35,ssl_subject,-0.0010425936971039868
45,PC35,ssl_issuer,-0.0010425936971038968
45,PC35,http_uri,-0.0006457777043988077
45,PC35,http_user_agent,-0.0006457777043977217
45,PC35,http_orig_mime_types,0.0002698920129786415
45,PC35,http_resp_mime_types,0.001117912825207689
45,PC35,weird_name,-0.0005088630833464669
45,PC35,proto_icmp,0.0005346137591861928
45,PC35,proto_tcp,1.045747595133234e-07
45,PC35,proto_udp,-0.0005347183339483811
45,PC35,service_dce_rpc,0.8405893424674432
45,PC35,service_dhcp,0.05113586739361075
45,PC35,service_dns,-0.058632025659795306
45,PC35,service_ftp,-0.07759154466149314
45,PC35,service_gssapi,-0.0923181937124914
45,PC35,service_http,-0.0593397296230274
45,PC35,service_n/a,-0.055933053798778665
45,PC35,service_smb,-0.5100869004931295
45,PC35,service_smb;gssapi,0.026587220344126677
45,PC35,service_ssl,-0.06441098225647032
45,PC35,conn_state_OTH,-0.005041062524656106
45,PC35,conn_state_REJ,-0.004525950288393171
45,PC35,conn_state_RSTO,-0.003607164053612444
45,PC35,conn_state_RSTOS0,0.011343802930093749
45,PC35,conn_state_RSTR,0.02801498512253093
45,PC35,conn_state_RSTRH,-0.00472865829857011
45,PC35,conn_state_S0,-0.003983211465305586
45,PC35,conn_state_S1,-0.004320215052198123
45,PC35,conn_state_S2,-0.0026633434131076994
45,PC35,conn_state_S3,-0.002793905348901393
45,PC35,conn_state_SF,-0.0015844764245759313
45,PC35,conn_state_SH,-0.004538751335136038
45,PC35,conn_state_SHR,-0.0015720498481791856
45,PC35,dns_AA_F,0.00021795228601555888
45,PC35,dns_AA_T,-0.0002753540246918512
45,PC35,dns_AA_n/a,5.74017386756262e-05
45,PC35,dns_RD_F,-0.0008132825832752183
45,PC35,dns_RD_T,0.0007558808445996337
45,PC35,dns_RD_n/a,5.740173867556375e-05
45,PC35,dns_RA_F,0.0010057040474304585
45,PC35,dns_RA_T,-0.0010631057861045096
45,PC35,dns_RA_n/a,5.740173867570253e-05
45,PC35,dns_rejected_F,0.0006879855297518538
45,PC35,dns_rejected_T,-0.0007453872684248242
45,PC35,dns_rejected_n/a,5.740173867568865e-05
45,PC35,ssl_resumed_F,0.0007326486601186011
45,PC35,ssl_resumed_T,0.0002827178291898515
45,PC35,ssl_resumed_n/a,-0.0010153664893087083
45,PC35,ssl_established_F,0.0017752423572228032
45,PC35,ssl_established_T,-0.0007598758679141573
45,PC35,ssl_established_n/a,-0.0010153664893093467
45,PC35,http_trans_depth_1,0.001347861982241877
45,PC35,http_trans_depth_10,-1.1268314151131285e-05
45,PC35,http_trans_depth_2,-0.0009271558611407375
45,PC35,http_trans_depth_6,-1.1268140982618037e-05
45,PC35,http_trans_depth_7,-1.1268468078702359e-05
45,PC35,http_trans_depth_8,-1.126819870545594e-05
45,PC35,http_trans_depth_9,-1.1268102500728541e-05
45,PC35,http_trans_depth_n/a,-0.0003643648966827548
45,PC35,http_method_GET,-0.0013693166636515111
45,PC35,http_method_HEAD,0.00043749164223902035
45,PC35,http_method_POST,0.00028604731701489024
45,PC35,http_method_n/a,0.0006457777043975266
45,PC35,http_version_1.1,0.0006329891186042103
45,PC35,http_version_n/a,-0.0006329891186042311
45,PC35,weird_addl_43,-0.00012604582504498326
45,PC35,weird_addl_46,0.0014814851913069887
45,PC35,weird_addl_48,-0.0009208345831183615
45,PC35,weird_addl_n/a,-0.0004346047831441796
45,PC35,weird_notice_F,-0.0005088630833469943
45,PC35,weird_notice_n/a,0.000508863083346689
45,PC36,duration,-0.0010751676819322515
45,PC36,src_bytes,-0.00039055475225562237
45,PC36,dst_bytes,-0.00035732041115384616
45,PC36,missed_bytes,-8.557694181015327e-05
45,PC36,src_pkts,-0.001399283915058995
45,PC36,src_ip_bytes,-0.0007776576889663264
45,PC36,dst_pkts,-0.001068176701194569
45,PC36,dst_ip_bytes,-0.0014198985015888392
45,PC36,dns_qclass,-0.0006203395294665385
45,PC36,dns_qtype,-0.0006045008415445328
45,PC36,dns_rcode,0.000355344276436677
45,PC36,http_request_body_len,-6.9802484909608446e-06
45,PC36,http_response_body_len,0.00031838723955958045
45,PC36,http_status_code,-0.00030061560040680485
45,PC36,dns_query,-0.0025503596698417275
45,PC36,ssl_version,0.001999037637668662
45,PC36,ssl_cipher,0.0019990376376688448
45,PC36,ssl_subject,0.0002919182583716864
45,PC36,ssl_issuer,0.00029191825837180264
45,PC36,http_uri,0.000901125503521053
45,PC36,http_user_agent,0.0009011255035208388
45,PC36,http_orig_mime_types,-2.432964708145094e-05
45,PC36,http_resp_mime_types,-0.00020004167839400913
45,PC36,weird_name,-0.00868613958952072
45,PC36,proto_icmp,-0.00010419428944231576
45,PC36,proto_tcp,-0.0001541741108270836
45,PC36,proto_udp,0.00025836840027011537
45,PC36,service_dce_rpc,-0.008654751872241417
45,PC36,service_dhcp,0.0020071213937413943
45,PC36,service_dns,0.001509048607474528
45,PC36,service_ftp,0.0011768890940201115
45,PC36,service_gssapi,-0.002251418466084773
45,PC36,service_http,-0.00024558353423796437
45,PC36,service_n/a,-0.001599479165572834
45,PC36,service_smb,0.009165922784218045
45,PC36,service_smb;gssapi,-0.0013875325964724419
45,PC36,service_ssl,0.00027978375515578646
45,PC36,conn_state_OTH,-0.07752141369055184
45,PC36,conn_state_REJ,-0.07760299318192418
45,PC36,conn_state_RSTO,-0.08189845370262566
45,PC36,conn_state_RSTOS0,0.9594438870750663
45,PC36,conn_state_RSTR,-0.08235107384382223
45,PC36,conn_state_RSTRH,-0.08030638159880106
45,PC36,conn_state_S0,-0.07787415393451293
45,PC36,conn_state_S1,-0.07797609303760099
45,PC36,conn_state_S2,-0.08726259321072295
45,PC36,conn_state_S3,-0.07906025550744827
45,PC36,conn_state_SF,-0.07869694620298977
45,PC36,conn_state_SH,-0.07787347637433864
45,PC36,conn_state_SHR,-0.08102005278972715
45,PC36,dns_AA_F,-4.261177841544811e-05
45,PC36,dns_AA_T,0.00011840417847575231
45,PC36,dns_AA_n/a,-7.579240006012466e-05
45,PC36,dns_RD_F,0.00026712536622329475
45,PC36,dns_RD_T,-0.00019133296616320392
45,PC36,dns_RD_n/a,-7.579240006011598e-05
45,PC36,dns_RA_F,-0.00028407274534913117
45,PC36,dns_RA_T,0.0003598651454089011
45,PC36,dns_RA_n/a,-7.579240006015155e-05
45,PC36,dns_rejected_F,-0.0001736952479896347
45,PC36,dns_rejected_T,0.0002494876480490266
45,PC36,dns_rejected_n/a,-7.579240006015371e-05
45,PC36,ssl_resumed_F,0.001197095883489492
45,PC36,ssl_resumed_T,-0.002046358211396692
45,PC36,ssl_resumed_n/a,0.000849262327907236
45,PC36,ssl_established_F,0.0009051776251177393
45,PC36,ssl_established_T,-0.0017544399530249714
45,PC36,ssl_established_n/a,0.0008492623279074008
45,PC36,http_trans_depth_1,-0.0011487773812369519
45,PC36,http_trans_depth_10,3.554767942222855e-05
45,PC36,http_trans_depth_2,0.0006323813731926378
45,PC36,http_trans_depth_6,3.5547582121499215e-05
45,PC36,http_trans_depth_7,3.554776591176102e-05
45,PC36,http_trans_depth_8,3.554761455507686e-05
45,PC36,http_trans_depth_9,3.554756049911644e-05
45,PC36,http_trans_depth_n/a,0.0003386578055345065
45,PC36,http_method_GET,0.0009994079739331224
45,PC36,http_method_HEAD,-7.300743826138458e-05
45,PC36,http_method_POST,-2.5275032150933775e-05
45,PC36,http_method_n/a,-0.0009011255035206904
45,PC36,http_version_1.1,-0.0005753023979532512
45,PC36,http_version_n/a,0.000575302397953225
45,PC36,weird_addl_43,-0.004236496863271591
45,PC36,weird_addl_46,0.0334192691931856
45,PC36,weird_addl_48,-0.03278660859720359
45,PC36,weird_addl_n/a,0.0036038362672880103
45,PC36,weird_notice_F,-0.008686139589520433
45,PC36,weird_notice_n/a,0.008686139589520478
45,PC37,duration,-0.0016802196443473534
45,PC37,src_bytes,-0.0001886274922769356
45,PC37,dst_bytes,-0.0017182138056320764
45,PC37,missed_bytes,-0.0023922276889677676
45,PC37,src_pkts,-0.01068870772272033
45,PC37,src_ip_bytes,-0.002615086089646633
45,PC37,dst_pkts,-0.0021141770149596248
45,PC37,dst_ip_bytes,-0.014296863779359056
45,PC37,dns_qclass,-0.0005187108971096794
45,PC37,dns_qtype,-0.0005465038878952905
45,PC37,dns_rcode,0.00029889818322787723
45,PC37,http_request_body_len,0.015003467942817034
45,PC37,http_response_body_len,-0.34937272781806517
45,PC37,http_status_code,0.026909379540819775
45,PC37,dns_query,-0.006079437119863932
45,PC37,ssl_version,0.0035896400350283945
45,PC37,ssl_cipher,0.0035896400350274877
45,PC37,ssl_subject,0.0005667237974626301
45,PC37,ssl_issuer,0.0005667237974625186
45,PC37,http_uri,-0.17936358660347587
45,PC37,http_user_agent,-0.1793635866034758
45,PC37,http_orig_mime_types,0.0711502452278637
45,PC37,http_resp_mime_types,0.5374009712765973
45,PC37,weird_name,-0.0007012086671185358
45,PC37,proto_icmp,-0.00010246263308857917
45,PC37,proto_tcp,-0.00012007321929794618
45,PC37,proto_udp,0.0002225358523856892
45,PC37,service_dce_rpc,-0.003125318898122127
45,PC37,service_dhcp,0.0004995022406611704
45,PC37,service_dns,0.005261913869545304
45,PC37,service_ftp,8.50686047453586e-05
45,PC37,service_gssapi,-0.001141969448513136
45,PC37,service_http,0.0003613634430563624
45,PC37,service_n/a,-0.000820821605172762
45,PC37,service_smb,-0.00021031547943377998
45,PC37,service_smb;gssapi,4.0012672658649995e-05
45,PC37,service_ssl,-0.000949435399427434
45,PC37,conn_state_OTH,-0.0001462557929508817
45,PC37,conn_state_REJ,-0.00014333517556686104
45,PC37,conn_state_RSTO,0.011834366007933472
45,PC37,conn_state_RSTOS0,0.0012786753317163974
45,PC37,conn_state_RSTR,-0.0008758849560860094
45,PC37,conn_state_RSTRH,-0.000143178137527733
45,PC37,conn_state_S0,-0.0004615898255869305
45,PC37,conn_state_S1,-9.83392608427669e-05
45,PC37,conn_state_S2,-0.0024128461285394358
45,PC37,conn_state_S3,-0.0007773108505688582
45,PC37,conn_state_SF,-0.0011525491622811912
45,PC37,conn_state_SH,-0.0001448304618882363
45,PC37,conn_state_SHR,-0.006756921587811049
45,PC37,dns_AA_F,-2.3986786598761967e-05
45,PC37,dns_AA_T,0.00017316033788258856
45,PC37,dns_AA_n/a,-0.0001491735512842013
45,PC37,dns_RD_F,0.00029751896913225717
45,PC37,dns_RD_T,-0.00014834541784825017
45,PC37,dns_RD_n/a,-0.0001491735512841319
45,PC37,dns_RA_F,-0.0002316553444013797
45,PC37,dns_RA_T,0.00038082889568541445
45,PC37,dns_RA_n/a,-0.0001491735512841874
45,PC37,dns_rejected_F,-0.00012711893177414467
45,PC37,dns_rejected_T,0.00027629248305827137
45,PC37,dns_rejected_n/a,-0.0001491735512842221
45,PC37,ssl_resumed_F,0.0010260771048573314
45,PC37,ssl_resumed_T,-0.0028423317855602002
45,PC37,ssl_resumed_n/a,0.0018162546807029833
45,PC37,ssl_established_F,0.00045935330739478586
45,PC37,ssl_established_T,-0.0022756079880977276
45,PC37,ssl_established_n/a,0.0018162546807028584
45,PC37,http_trans_depth_1,0.46029730841280014
45,PC37,http_trans_depth_10,-0.004282279005001686
45,PC37,http_trans_depth_2,-0.45401017085013917
45,PC37,http_trans_depth_6,-0.004282161944642274
45,PC37,http_trans_depth_7,-0.004282383058654838
45,PC37,http_trans_depth_8,-0.004282200964762154
45,PC37,http_trans_depth_9,-0.004282135931228968
45,PC37,http_trans_depth_n/a,0.01512402334162771
45,PC37,http_method_GET,-0.248609717674675
45,PC37,http_method_HEAD,-0.002557763475145047
45,PC37,http_method_POST,0.07180389454634656
45,PC37,http_method_n/a,0.17936358660347568
45,PC37,http_version_1.1,0.017484273260554527
45,PC37,http_version_n/a,-0.017484273260554663
45,PC37,weird_addl_43,-0.0008167577496463845
45,PC37,weird_addl_46,0.0044124434187821915
45,PC37,weird_addl_48,-0.005066959150815925
45,PC37,weird_addl_n/a,0.0014712734816804685
45,PC37,weird_notice_F,-0.0007012086671182027
45,PC37,weird_notice_n/a,0.0007012086671181333
45,PC38,duration,-0.007954608220248793
45,PC38,src_bytes,-0.00016516974862368534
45,PC38,dst_bytes,-4.460601573135284e-05
45,PC38,missed_bytes,-1.9538928899085622e-06
45,PC38,src_pkts,-0.01177201458172258
45,PC38,src_ip_bytes,-0.006279757002829876
45,PC38,dst_pkts,-0.006484413531504828
45,PC38,dst_ip_bytes,-0.009252279385384567
45,PC38,dns_qclass,-0.00010486753762594184
45,PC38,dns_qtype,-0.0003292497891466094
45,PC38,dns_rcode,-7.144947431241954e-05
45,PC38,http_request_body_len,0.002018210306991515
45,PC38,http_response_body_len,-0.0021606211144887325
45,PC38,http_status_code,0.0021418876820216673
45,PC38,dns_query,-0.0008213806179409608
45,PC38,ssl_version,0.0007739111559294659
45,PC38,ssl_cipher,0.0007739111559284164
45,PC38,ssl_subject,0.00038268210828230377
45,PC38,ssl_issuer,0.00038268210828304797
45,PC38,http_uri,-0.0007673009336192395
45,PC38,http_user_agent,-0.0007673009336164605
45,PC38,http_orig_mime_types,0.004617787343713112
45,PC38,http_resp_mime_types,-0.0047630674965093295
45,PC38,weird_name,-0.045161523729396094
45,PC38,proto_icmp,0.00013882517788163518
45,PC38,proto_tcp,0.00012386195266581024
45,PC38,proto_udp,-0.0002626871305563133
45,PC38,service_dce_rpc,0.0009708171052632136
45,PC38,service_dhcp,-0.0019761521705922436
45,PC38,service_dns,-0.0005461712368357019
45,PC38,service_ftp,0.00012036475407140035
45,PC38,service_gssapi,0.0004979581803814526
45,PC38,service_http,0.00011509784425164926
45,PC38,service_n/a,0.0003987894598473374
45,PC38,service_smb,0.00025814577812638406
45,PC38,service_smb;gssapi,-9.07308209667666e-05
45,PC38,service_ssl,0.0002518811064464166
45,PC38,conn_state_OTH,-0.0031720953101147392
45,PC38,conn_state_REJ,-0.003185321329858125
45,PC38,conn_state_RSTO,-0.003138115937345261
45,PC38,conn_state_RSTOS0,0.03757012716001726
45,PC38,conn_state_RSTR,-0.0029221456339416215
45,PC38,conn_state_RSTRH,-0.003263604969689589
45,PC38,conn_state_S0,-0.0027813764217326127
45,PC38,conn_state_S1,-0.0031829093298291894
45,PC38,conn_state_S2,-0.003272224490916416
45,PC38,conn_state_S3,-0.003058896631589803
45,PC38,conn_state_SF,-0.002886273647433506
45,PC38,conn_state_SH,-0.003125237420126603
45,PC38,conn_state_SHR,-0.0035819260374646555
45,PC38,dns_AA_F,8.715483587223849e-05
45,PC38,dns_AA_T,0.00021194847289019575
45,PC38,dns_AA_n/a,-0.0002991033087636737
45,PC38,dns_RD_F,-1.1103911598878136e-06
45,PC38,dns_RD_T,0.0003002136999237376
45,PC38,dns_RD_n/a,-0.000299103308763953
45,PC38,dns_RA_F,0.0003055768658416641
45,PC38,dns_RA_T,-6.4735570741367154e-06
45,PC38,dns_RA_n/a,-0.0002991033087635566
45,PC38,dns_rejected_F,0.000282906281797923
45,PC38,dns_rejected_T,1.6197026972433748e-05
45,PC38,dns_rejected_n/a,-0.00029910330876363554
45,PC38,ssl_resumed_F,0.0019019370745823883
45,PC38,ssl_resumed_T,-0.0018057760919790895
45,PC38,ssl_resumed_n/a,-9.616098260382955e-05
45,PC38,ssl_established_F,0.0015192549663004297
45,PC38,ssl_established_T,-0.0014230939836968048
45,PC38,ssl_established_n/a,-9.616098260553652e-05
45,PC38,http_trans_depth_1,0.006680602756390361
45,PC38,http_trans_depth_10,-0.00015528397338071092
45,PC38,http_trans_depth_2,-0.003891009634011608
45,PC38,http_trans_depth_6,-0.00015528309170257905
45,PC38,http_trans_depth_7,-0.00015528475709460917
45,PC38,http_trans_depth_8,-0.00015528338559529526
45,PC38,http_trans_depth_9,-0.00015528289577410492
45,PC38,http_trans_depth_n/a,-0.0020131750188320217
45,PC38,http_method_GET,-0.006660182877547344
45,PC38,http_method_HEAD,0.0008766156813343109
45,PC38,http_method_POST,0.005016266262596878
45,PC38,http_method_n/a,0.0007673009336156902
45,PC38,http_version_1.1,0.0020668409545638207
45,PC38,http_version_n/a,-0.0020668409545639334
45,PC38,weird_addl_43,0.06655347660525175
45,PC38,weird_addl_46,-0.3732180173742249
45,PC38,weird_addl_48,0.7861901507490932
45,PC38,weird_addl_n/a,-0.47952560998012805
45,PC38,weird_notice_F,-0.04516152372939753
45,PC38,weird_notice_n/a,0.04516152372939667
45,PC39,duration,0.000226778237440107
45,PC39,src_bytes,0.00011953560689717904
45,PC39,dst_bytes,0.00013062381860784624
45,PC39,missed_bytes,8.881515327201082e-05
45,PC39,src_pkts,0.0002669519890360737
45,PC39,src_ip_bytes,0.00014648947086053998
45,PC39,dst_pkts,7.591637268685553e-05
45,PC39,dst_ip_bytes,0.0002276928453655364
45,PC39,dns_qclass,0.0005244577225809865
45,PC39,dns_qtype,0.0005272221469182374
45,PC39,dns_rcode,-0.00031976732504076545
45,PC39,http_request_body_len,0.006800889808281024
45,PC39,http_response_body_len,0.0003234612169027937
45,PC39,http_status_code,0.005115207187914745
45,PC39,dns_query,-0.0005190873945272712
45,PC39,ssl_version,-0.0018147788429894133
45,PC39,ssl_cipher,-0.001814778842989307
45,PC39,ssl_subject,-0.0006373088966039923
45,PC39,ssl_issuer,-0.0006373088966036781
45,PC39,http_uri,0.0009166135023520926
45,PC39,http_user_agent,0.0009166135023519875
45,PC39,http_orig_mime_types,0.014239562962719436
45,PC39,http_resp_mime_types,-0.029605821171775716
45,PC39,weird_name,-9.282378653777384e-05
45,PC39,proto_icmp,0.0002038353856205848
45,PC39,proto_tcp,0.0003526798114041308
45,PC39,proto_udp,-0.0005565151970246328
45,PC39,service_dce_rpc,-0.21618685044231753
45,PC39,service_dhcp,0.9227392958022177
45,PC39,service_dns,-0.09495884197378744
45,PC39,service_ftp,-0.10240583112909524
45,PC39,service_gssapi,-0.12052559033354332
45,PC39,service_http,-0.09614960704236407
45,PC39,service_n/a,-0.09510147225372245
45,PC39,service_smb,-0.17683171315901244
45,PC39,service_smb;gssapi,0.07889462173895859
45,PC39,service_ssl,-0.09947401120733326
45,PC39,conn_state_OTH,-0.0003973613194143827
45,PC39,conn_state_REJ,-0.000548075160002659
45,PC39,conn_state_RSTO,-0.0002987769014813624
45,PC39,conn_state_RSTOS0,-0.0019364807658459673
45,PC39,conn_state_RSTR,0.0045204948752878005
45,PC39,conn_state_RSTRH,-0.0005617382222757872
45,PC39,conn_state_S0,-0.000323304935671509
45,PC39,conn_state_S1,-0.0004713278338961402
45,PC39,conn_state_S2,0.00022225662505753752
45,PC39,conn_state_S3,5.546263134216696e-05
45,PC39,conn_state_SF,0.00037922841707646593
45,PC39,conn_state_SH,-0.0005469856823817065
45,PC39,conn_state_SHR,-9.339172779224136e-05
45,PC39,dns_AA_F,8.398884665174883e-05
45,PC39,dns_AA_T,-5.709683565697371e-05
45,PC39,dns_AA_n/a,-2.6892010994519788e-05
45,PC39,dns_RD_F,-0.00021378616146038032
45,PC39,dns_RD_T,0.000240678172454864
45,PC39,dns_RD_n/a,-2.689201099450721e-05
45,PC39,dns_RA_F,0.00031301584840751247
45,PC39,dns_RA_T,-0.00028612383741282376
45,PC39,dns_RA_n/a,-2.6892010994498646e-05
45,PC39,dns_rejected_F,0.00022162218514225384
45,PC39,dns_rejected_T,-0.00019473017414806115
45,PC39,dns_rejected_n/a,-2.6892010994526835e-05
45,PC39,ssl_resumed_F,-0.0002580747337609657
45,PC39,ssl_resumed_T,0.002065203157117345
45,PC39,ssl_resumed_n/a,-0.001807128423356407
45,PC39,ssl_established_F,0.00037923416284296046
45,PC39,ssl_established_T,0.0014278942605134397
45,PC39,ssl_established_n/a,-0.0018071284233563654
45,PC39,http_trans_depth_1,0.01420091503721313
45,PC39,http_trans_depth_10,-0.0006699188502442855
45,PC39,http_trans_depth_2,-0.004735524950450067
45,PC39,http_trans_depth_6,-0.0006699189979809624
45,PC39,http_trans_depth_7,-0.0006699187189228126
45,PC39,http_trans_depth_8,-0.000669918948735412
45,PC39,http_trans_depth_9,-0.0006699190308113331
45,PC39,http_trans_depth_n/a,-0.006115795540067991
45,PC39,http_method_GET,-0.017934730493688468
45,PC39,http_method_HEAD,0.0032258138153709085
45,PC39,http_method_POST,0.015625530180669735
45,PC39,http_method_n/a,-0.0009166135023520594
45,PC39,http_version_1.1,0.005541023090472927
45,PC39,http_version_n/a,-0.00554102309047317
45,PC39,weird_addl_43,8.21169605464472e-05
45,PC39,weird_addl_46,-0.0004723159138323302
45,PC39,weird_addl_48,0.001334657214775603
45,PC39,weird_addl_n/a,-0.0009444582614897556
45,PC39,weird_notice_F,-9.282378653770185e-05
45,PC39,weird_notice_n/a,9.282378653769491e-05
45,PC40,duration,-0.0013340005298865794
45,PC40,src_bytes,2.8716072474253406e-05
45,PC40,dst_bytes,-0.0004658696954989547
45,PC40,missed_bytes,-0.0008145438904103115
45,PC40,src_pkts,-0.005258282835758616
45,PC40,src_ip_bytes,-0.001629715843338014
45,PC40,dst_pkts,-0.00105044627796499
45,PC40,dst_ip_bytes,-0.005415260534728222
45,PC40,dns_qclass,-0.0002087950739694546
45,PC40,dns_qtype,-0.0001938078204377909
45,PC40,dns_rcode,0.00013105614940526122
45,PC40,http_request_body_len,-0.1501431790303352
45,PC40,http_response_body_len,0.00427630584999623
45,PC40,http_status_code,-0.108764920975856
45,PC40,dns_query,0.0035370584312565396
45,PC40,ssl_version,-0.0011550739045853384
45,PC40,ssl_cipher,-0.0011550739045862644
45,PC40,ssl_subject,-7.8169347780963e-05
45,PC40,ssl_issuer,-7.8169347781285e-05
45,PC40,http_uri,-0.02106376382028558
45,PC40,http_user_agent,-0.021063763820284916
45,PC40,http_orig_mime_types,-0.3148594622932527
45,PC40,http_resp_mime_types,0.6470207967806301
45,PC40,weird_name,-0.0015975625934273353
45,PC40,proto_icmp,1.368383232069198e-05
45,PC40,proto_tcp,1.2562043057679634e-05
45,PC40,proto_udp,-2.6245875380119348e-05
45,PC40,service_dce_rpc,-0.009010619548358339
45,PC40,service_dhcp,0.041903329659792814
45,PC40,service_dns,-0.006934963116445307
45,PC40,service_ftp,-0.004295973561600906
45,PC40,service_gssapi,-0.005057818517939974
45,PC40,service_http,-0.003719543832652005
45,PC40,service_n/a,-0.003991694466408208
45,PC40,service_smb,-0.008238358048787255
45,PC40,service_smb;gssapi,0.003694322972818129
45,PC40,service_ssl,-0.004348681540418897
45,PC40,conn_state_OTH,-0.0005012178116413667
45,PC40,conn_state_REJ,-0.0005092775358334911
45,PC40,conn_state_RSTO,0.004164920774394343
45,PC40,conn_state_RSTOS0,-0.0005324906987323394
45,PC40,conn_state_RSTR,0.00017443191760951882
45,PC40,conn_state_RSTRH,-0.0005075514442663964
45,PC40,conn_state_S0,-0.0005077302823060792
45,PC40,conn_state_S1,-0.00046401784549583713
45,PC40,conn_state_S2,-0.001981471108592193
45,PC40,conn_state_S3,-0.0005817759850392304
45,PC40,conn_state_SF,-0.0007885035726368228
45,PC40,conn_state_SH,-0.0005084492466347068
45,PC40,conn_state_SHR,0.0025431328391700425
45,PC40,dns_AA_F,-3.0132129656357254e-05
45,PC40,dns_AA_T,-7.466739847750148e-06
45,PC40,dns_AA_n/a,3.759886950472496e-05
45,PC40,dns_RD_F,6.256026080030813e-05
45,PC40,dns_RD_T,-0.00010015913030409808
45,PC40,dns_RD_n/a,3.759886950462782e-05
45,PC40,dns_RA_F,-0.00012397928842514117
45,PC40,dns_RA_T,8.638041892142234e-05
45,PC40,dns_RA_n/a,3.75988695047666e-05
45,PC40,dns_rejected_F,-9.549901758659773e-05
45,PC40,dns_rejected_T,5.79001480830732e-05
45,PC40,dns_rejected_n/a,3.759886950456537e-05
45,PC40,ssl_resumed_F,-0.0005934853611073432
45,PC40,ssl_resumed_T,0.00116969002033172
45,PC40,ssl_resumed_n/a,-0.0005762046592243664
45,PC40,ssl_established_F,-0.0005153160133262169
45,PC40,ssl_established_T,0.001091520672550624
45,PC40,ssl_established_n/a,-0.0005762046592248382
45,PC40,http_trans_depth_1,-0.32691110460100237
45,PC40,http_trans_depth_10,0.015040182046915174
45,PC40,http_trans_depth_2,0.12102151881899582
45,PC40,http_trans_depth_6,0.015040180089426149
45,PC40,http_trans_depth_7,0.0150401837869058
45,PC40,http_trans_depth_8,0.015040180741922633
45,PC40,http_trans_depth_9,0.015040179654428448
45,PC40,http_trans_depth_n/a,0.1306886794624083
45,PC40,http_method_GET,0.39292010846468406
45,PC40,http_method_HEAD,-0.06858684183353231
45,PC40,http_method_POST,-0.34539703045143993
45,PC40,http_method_n/a,0.021063763820284416
45,PC40,http_version_1.1,-0.11411212040824209
45,PC40,http_version_n/a,0.11411212040824205
45,PC40,weird_addl_43,0.0008243189190416597
45,PC40,weird_addl_46,-0.0031712839319852637
45,PC40,weird_addl_48,0.009878844794529829
45,PC40,weird_addl_n/a,-0.007531879781586592
45,PC40,weird_notice_F,-0.0015975625934275227
45,PC40,weird_notice_n/a,0.0015975625934274516
45,PC41,duration,-0.000389770963076523
45,PC41,src_bytes,-8.874319161553004e-05
45,PC41,dst_bytes,-0.00018480269911652105
45,PC41,missed_bytes,-2.7291756619603484e-05
45,PC41,src_pkts,-0.0017282837570736218
45,PC41,src_ip_bytes,-0.0005395754331219335
45,PC41,dst_pkts,-0.0006059573306733789
45,PC41,dst_ip_bytes,-0.0008563663332993967
45,PC41,dns_qclass,-0.0002761591662785392
45,PC41,dns_qtype,-0.00029988556318974414
45,PC41,dns_rcode,0.00016137517867437936
45,PC41,http_request_body_len,0.08700128661885631
45,PC41,http_response_body_len,0.21783662890006983
45,PC41,http_status_code,0.1545015079806286
45,PC41,dns_query,-0.0038649134593476044
45,PC41,ssl_version,0.0014740946445783469
45,PC41,ssl_cipher,0.0014740946445786327
45,PC41,ssl_subject,0.0009149921339203892
45,PC41,ssl_issuer,0.0009149921339206714
45,PC41,http_uri,-0.12520063170547288
45,PC41,http_user_agent,-0.12520063170547313
45,PC41,http_orig_mime_types,0.25687300706186594
45,PC41,http_resp_mime_types,0.3862149885457975
45,PC41,weird_name,0.0003169018508474299
45,PC41,proto_icmp,-6.642870869701762e-05
45,PC41,proto_tcp,-7.278154296896412e-05
45,PC41,proto_udp,0.00013921025166570527
45,PC41,service_dce_rpc,-0.0008642144851127251
45,PC41,service_dhcp,-0.0009477859587791494
45,PC41,service_dns,0.003384494047436153
45,PC41,service_ftp,-4.22272507000802e-05
45,PC41,service_gssapi,-0.0006410237570180456
45,PC41,service_http,5.427810274748375e-05
45,PC41,service_n/a,-0.0005466711941571334
45,PC41,service_smb,-0.00018711846080241012
45,PC41,service_smb;gssapi,0.00019136805846241148
45,PC41,service_ssl,-0.0004010991020795846
45,PC41,conn_state_OTH,0.000245821933869933
45,PC41,conn_state_REJ,0.00025011062912924653
45,PC41,conn_state_RSTO,0.0023128333816178626
45,PC41,conn_state_RSTOS0,0.00038331578897299323
45,PC41,conn_state_RSTR,-0.00016879571017348188
45,PC41,conn_state_RSTRH,0.0002501182092693732
45,PC41,conn_state_S0,5.5155063331036036e-05
45,PC41,conn_state_S1,0.0005586571015840924
45,PC41,conn_state_S2,-1.4191791885827948e-05
45,PC41,conn_state_S3,0.0002227013367686395
45,PC41,conn_state_SF,-0.00031486428222139706
45,PC41,conn_state_SH,0.00024885820784392894
45,PC41,conn_state_SHR,-0.00402971986810622
45,PC41,dns_AA_F,-2.091496515442548e-05
45,PC41,dns_AA_T,9.094925260592218e-05
45,PC41,dns_AA_n/a,-7.003428745251585e-05
45,PC41,dns_RD_F,0.00015978508092549804
45,PC41,dns_RD_T,-8.975079347375847e-05
45,PC41,dns_RD_n/a,-7.003428745238922e-05
45,PC41,dns_RA_F,-0.00013360597346299963
45,PC41,dns_RA_T,0.0002036402609153637
45,PC41,dns_RA_n/a,-7.003428745250718e-05
45,PC41,dns_rejected_F,-7.712036793768029e-05
45,PC41,dns_rejected_T,0.00014715465539056477
45,PC41,dns_rejected_n/a,-7.003428745237968e-05
45,PC41,ssl_resumed_F,0.0009146945951924793
45,PC41,ssl_resumed_T,-0.0015229846867595709
45,PC41,ssl_resumed_n/a,0.0006082900915671124
45,PC41,ssl_established_F,-2.9753872819726634e-07
45,PC41,ssl_established_T,-0.0006079925528390366
45,PC41,ssl_established_n/a,0.0006082900915674178
45,PC41,http_trans_depth_1,-0.36632006645829807
45,PC41,http_trans_depth_10,0.011771634908950118
45,PC41,http_trans_depth_2,0.39065673333955725
45,PC41,http_trans_depth_6,0.01177149784501305
45,PC41,http_trans_depth_7,0.011771756743561543
45,PC41,http_trans_depth_8,0.011771543532991983
45,PC41,http_trans_depth_9,0.01177146738636003
45,PC41,http_trans_depth_n/a,-0.08319456729813574
45,PC41,http_method_GET,-0.3873140158193747
45,PC41,http_method_HEAD,-0.003911584247709574
45,PC41,http_method_POST,0.26602496836161194
45,PC41,http_method_n/a,0.12520063170547313
45,PC41,http_version_1.1,0.26800545488610955
45,PC41,http_version_n/a,-0.26800545488610955
45,PC41,weird_addl_43,-0.0003189572706713377
45,PC41,weird_addl_46,0.0001165381997846604
45,PC41,weird_addl_48,-0.0005857231630115312
45,PC41,weird_addl_n/a,0.0007881422338979621
45,PC41,weird_notice_F,0.00031690185084738785
45,PC41,weird_notice_n/a,-0.00031690185084751795
45,PC42,duration,-0.007512831388778865
45,PC42,src_bytes,-1.3301152055555064e-05
45,PC42,dst_bytes,-0.0006560645391573208
45,PC42,missed_bytes,-0.001446756089918318
45,PC42,src_pkts,-0.016982254867364006
45,PC42,src_ip_bytes,-0.00862692189300546
45,PC42,dst_pkts,-0.00446603805418261
45,PC42,dst_ip_bytes,-0.013354758352611818
45,PC42,dns_qclass,-6.806229950346264e-05
45,PC42,dns_qtype,-2.8426307906012985e-05
45,PC42,dns_rcode,5.845311350853111e-05
45,PC42,http_request_body_len,0.13861926431176322
45,PC42,http_response_body_len,-0.11398084048352093
45,PC42,http_status_code,-0.1404469067947762
45,PC42,dns_query,0.007590360359637049
45,PC42,ssl_version,-0.0021637820792549944
45,PC42,ssl_cipher,-0.002163782079255119
45,PC42,ssl_subject,-0.003385758898457056
45,PC42,ssl_issuer,-0.0033857588984563826
45,PC42,http_uri,0.3189254681969219
45,PC42,http_user_agent,0.31892546819692175
45,PC42,http_orig_mime_types,0.380951426342046
45,PC42,http_resp_mime_types,0.22865047887142942
45,PC42,weird_name,-3.6038214038431465e-05
45,PC42,proto_icmp,7.016421260197525e-05
45,PC42,proto_tcp,4.237878504096196e-05
45,PC42,proto_udp,-0.00011254299764438917
45,PC42,service_dce_rpc,0.001707956105831858
45,PC42,service_dhcp,0.001501056443036203
45,PC42,service_dns,-0.005785915937772026
45,PC42,service_ftp,0.0011067522376310597
45,PC42,service_gssapi,0.0013507144675586249
45,PC42,service_http,0.001041638591400388
45,PC42,service_n/a,0.0012074675494669201
45,PC42,service_smb,0.001195476853451588
45,PC42,service_smb;gssapi,-0.004406411430159401
45,PC42,service_ssl,0.0010812651195585277
45,PC42,conn_state_OTH,-0.0008041682534732641
45,PC42,conn_state_REJ,-0.0008121743929583106
45,PC42,conn_state_RSTO,0.002498407373900533
45,PC42,conn_state_RSTOS0,-0.0013033040992114914
45,PC42,conn_state_RSTR,-0.0005211194452050347
45,PC42,conn_state_RSTRH,-0.0007827940683472479
45,PC42,conn_state_S0,-0.0006817696437426135
45,PC42,conn_state_S1,-0.0009287099301027307
45,PC42,conn_state_S2,-0.0008401728773271278
45,PC42,conn_state_S3,-0.0008164992830026474
45,PC42,conn_state_SF,-0.0007852761231836869
45,PC42,conn_state_SH,-0.0008117294186173463
45,PC42,conn_state_SHR,0.006589310161268028
45,PC42,dns_AA_F,-1.666670073394161e-05
45,PC42,dns_AA_T,-6.601678663722965e-05
45,PC42,dns_AA_n/a,8.268348736989797e-05
45,PC42,dns_RD_F,-1.8040169029343023e-05
45,PC42,dns_RD_T,-6.464331834118986e-05
45,PC42,dns_RD_n/a,8.268348736983899e-05
45,PC42,dns_RA_F,-6.644559928788152e-05
45,PC42,dns_RA_T,-1.6237888082424115e-05
45,PC42,dns_RA_n/a,8.268348736975226e-05
45,PC42,dns_rejected_F,-6.729206273865806e-05
45,PC42,dns_rejected_T,-1.5391424630362138e-05
45,PC42,dns_rejected_n/a,8.268348736992573e-05
45,PC42,ssl_resumed_F,-0.002730468703435185
45,PC42,ssl_resumed_T,0.003628458947790819
45,PC42,ssl_resumed_n/a,-0.0008979902443561338
45,PC42,ssl_established_F,0.0006552901950220569
45,PC42,ssl_established_T,0.00024270004933410472
45,PC42,ssl_established_n/a,-0.0008979902443561061
45,PC42,http_trans_depth_1,-0.17753170802140406
45,PC42,http_trans_depth_10,0.01123458559878072
45,PC42,http_trans_depth_2,-0.07431068736040156
45,PC42,http_trans_depth_6,0.011234685543741994
45,PC42,http_trans_depth_7,0.011234496758815162
45,PC42,http_trans_depth_8,0.011234652228755292
45,PC42,http_trans_depth_9,0.011234707753733465
45,PC42,http_trans_depth_n/a,0.19566926749797972
45,PC42,http_method_GET,-0.04705258362761825
45,PC42,http_method_HEAD,-0.025569164375617792
45,PC42,http_method_POST,0.3915472162001621
45,PC42,http_method_n/a,-0.31892546819692247
45,PC42,http_version_1.1,-0.32598303381296534
45,PC42,http_version_n/a,0.3259830338129654
45,PC42,weird_addl_43,0.0011168154761430626
45,PC42,weird_addl_46,-0.00048764284492279833
45,PC42,weird_addl_48,-0.0005714166018854772
45,PC42,weird_addl_n/a,-5.775602933452695e-05
45,PC42,weird_notice_F,-3.603821403884433e-05
45,PC42,weird_notice_n/a,3.603821403851126e-05
45,PC43,duration,-6.295200080007027e-05
45,PC43,src_bytes,-0.00017480099491359557
45,PC43,dst_bytes,-0.00017087379591159923
45,PC43,missed_bytes,-6.497880970332919e-05
45,PC43,src_pkts,0.0014710758021198483
45,PC43,src_ip_bytes,0.0013602194265949416
45,PC43,dst_pkts,0.000497320965373652
45,PC43,dst_ip_bytes,0.0005353195086318888
45,PC43,dns_qclass,-0.0003042254207451033
45,PC43,dns_qtype,-0.000297601465247698
45,PC43,dns_rcode,0.0001908967951875984
45,PC43,http_request_body_len,0.000755948558121704
45,PC43,http_response_body_len,-0.0004640967179494613
45,PC43,http_status_code,-0.0009493487090488911
45,PC43,dns_query,0.001840839362510379
45,PC43,ssl_version,-0.0015253937952532301
45,PC43,ssl_cipher,-0.0015253937952532778
45,PC43,ssl_subject,0.010152761923809622
45,PC43,ssl_issuer,0.010152761923809593
45,PC43,http_uri,0.001409353809762496
45,PC43,http_user_agent,0.001409353809762484
45,PC43,http_orig_mime_types,0.0020348876280070994
45,PC43,http_resp_mime_types,0.000864209165643259
45,PC43,weird_name,6.073069898397287e-05
45,PC43,proto_icmp,-0.00010971822082541334
45,PC43,proto_tcp,-7.32223403600994e-05
45,PC43,proto_udp,0.00018294056118565888
45,PC43,service_dce_rpc,-0.1208190952207397
45,PC43,service_dhcp,-0.18707934173516189
45,PC43,service_dns,-0.09018864748263694
45,PC43,service_ftp,-0.08544727599393721
45,PC43,service_gssapi,-0.0985047260383188
45,PC43,service_http,-0.08793222915189781
45,PC43,service_n/a,-0.08862802236884312
45,PC43,service_smb,-0.09696103008291602
45,PC43,service_smb;gssapi,0.9444027524098281
45,PC43,service_ssl,-0.08884238433537536
45,PC43,conn_state_OTH,0.0009209794605970854
45,PC43,conn_state_REJ,0.0008869965189906709
45,PC43,conn_state_RSTO,0.0008178789594920147
45,PC43,conn_state_RSTOS0,0.0013359704335020872
45,PC43,conn_state_RSTR,-0.010809996820734184
45,PC43,conn_state_RSTRH,0.0008982125878001668
45,PC43,conn_state_S0,0.0007304772467480671
45,PC43,conn_state_S1,0.0008453767439267259
45,PC43,conn_state_S2,0.00047468542272849357
45,PC43,conn_state_S3,0.0005957374425022907
45,PC43,conn_state_SF,0.0003143043809989872
45,PC43,conn_state_SH,0.000886291260703595
45,PC43,conn_state_SHR,0.002103086362743735
45,PC43,dns_AA_F,-2.153758792285132e-05
45,PC43,dns_AA_T,4.46180886792269e-05
45,PC43,dns_AA_n/a,-2.3080500756263687e-05
45,PC43,dns_RD_F,0.00014320495902703928
45,PC43,dns_RD_T,-0.00012012445827050411
45,PC43,dns_RD_n/a,-2.30805007563218e-05
45,PC43,dns_RA_F,-0.0001615141831990182
45,PC43,dns_RA_T,0.00018459468395493062
45,PC43,dns_RA_n/a,-2.3080500756322668e-05
45,PC43,dns_rejected_F,-0.00011034435748089738
45,PC43,dns_rejected_T,0.00013342485823719663
45,PC43,dns_rejected_n/a,-2.3080500756310525e-05
45,PC43,ssl_resumed_F,0.004585144168882756
45,PC43,ssl_resumed_T,-0.0032052418840085046
45,PC43,ssl_resumed_n/a,-0.0013799022848741405
45,PC43,ssl_established_F,-0.005567617754926979
45,PC43,ssl_established_T,0.006947520039801137
45,PC43,ssl_established_n/a,-0.0013799022848742593
45,PC43,http_trans_depth_1,-0.0005883472149034556
45,PC43,http_trans_depth_10,4.079418795638151e-05
45,PC43,http_trans_depth_2,-0.00038561022325330277
45,PC43,http_trans_depth_6,4.07946462145411e-05
45,PC43,http_trans_depth_7,4.079378061580297e-05
45,PC43,http_trans_depth_8,4.079449346181411e-05
45,PC43,http_trans_depth_9,4.079474804969303e-05
45,PC43,http_trans_depth_n/a,0.0007699855818584294
45,PC43,http_method_GET,0.0002386464594029057
45,PC43,http_method_HEAD,-0.0009111589529445056
45,PC43,http_method_POST,0.0020818663033042965
45,PC43,http_method_n/a,-0.0014093538097624677
45,PC43,http_version_1.1,-0.0017509151203031629
45,PC43,http_version_n/a,0.00175091512030296
45,PC43,weird_addl_43,0.00037393227056468654
45,PC43,weird_addl_46,-0.0001864703632756294
45,PC43,weird_addl_48,-0.00020325783861806224
45,PC43,weird_addl_n/a,1.5795931329054547e-05
45,PC43,weird_notice_F,6.073069898416064e-05
45,PC43,weird_notice_n/a,-6.073069898402013e-05
45,PC44,duration,0.04752007417467107
45,PC44,src_bytes,0.0010901071857971206
45,PC44,dst_bytes,0.0006101779196198004
45,PC44,missed_bytes,0.00013619782681281375
45,PC44,src_pkts,0.034781644598865
45,PC44,src_ip_bytes,0.02353274301126302
45,PC44,dst_pkts,0.016137977778019945
45,PC44,dst_ip_bytes,0.01963472425715078
45,PC44,dns_qclass,0.0002195270168891747
45,PC44,dns_qtype,0.00023691728275056917
45,PC44,dns_rcode,-0.00013730020056340435
45,PC44,http_request_body_len,0.0007904711009762283
45,PC44,http_response_body_len,-0.0009872688212476388
45,PC44,http_status_code,-0.0014858015857225366
45,PC44,dns_query,0.0014292918547547124
45,PC44,ssl_version,-0.01761970232948109
45,PC44,ssl_cipher,-0.017619702329479674
45,PC44,ssl_subject,0.5753864194439376
45,PC44,ssl_issuer,0.575386419443939
45,PC44,http_uri,0.0024810495125490734
45,PC44,http_user_agent,0.002481049512547953
45,PC44,http_orig_mime_types,0.002251564239782497
45,PC44,http_resp_mime_types,0.0013871822860633959
45,PC44,weird_name,-0.00024743764268321533
45,PC44,proto_icmp,-4.1367045948634273e-05
45,PC44,proto_tcp,8.934267874886187e-05
45,PC44,proto_udp,-4.7975632799675955e-05
45,PC44,service_dce_rpc,0.003165308987044868
45,PC44,service_dhcp,0.004405391875104714
45,PC44,service_dns,0.0007498938158934871
45,PC44,service_ftp,0.0013231694814061657
45,PC44,service_gssapi,0.002644950032256477
45,PC44,service_http,0.001937443648333849
45,PC44,service_n/a,0.0023862837427180497
45,PC44,service_smb,0.0004286698977825701
45,PC44,service_smb;gssapi,-0.01648479777281555
45,PC44,service_ssl,-0.0005563137077224389
45,PC44,conn_state_OTH,-0.00028459571027067074
45,PC44,conn_state_REJ,-0.00027577439853401775
45,PC44,conn_state_RSTO,-0.0011297997012424954
45,PC44,conn_state_RSTOS0,-0.00036203261999804247
45,PC44,conn_state_RSTR,0.0017602995812236938
45,PC44,conn_state_RSTRH,-0.00028658073025125685
45,PC44,conn_state_S0,-0.00015077362258319668
45,PC44,conn_state_S1,-0.0007312001537423951
45,PC44,conn_state_S2,3.084997677474041e-05
45,PC44,conn_state_S3,-8.79464203280833e-06
45,PC44,conn_state_SF,0.00015635150710172074
45,PC44,conn_state_SH,-0.00027739085728265
45,PC44,conn_state_SHR,0.0015594413708401311
45,PC44,dns_AA_F,2.2496587320938732e-05
45,PC44,dns_AA_T,-5.3556330152859655e-05
45,PC44,dns_AA_n/a,3.105974283254542e-05
45,PC44,dns_RD_F,-0.00011718045895919849
45,PC44,dns_RD_T,8.612071612651429e-05
45,PC44,dns_RD_n/a,3.105974283273277e-05
45,PC44,dns_RA_F,0.00012013457948029105
45,PC44,dns_RA_T,-0.00015119432231386343
45,PC44,dns_RA_n/a,3.1059742832656445e-05
45,PC44,dns_rejected_F,7.702223398306507e-05
45,PC44,dns_rejected_T,-0.0001080819768161656
45,PC44,dns_rejected_n/a,3.10597428325593e-05
45,PC44,ssl_resumed_F,0.29810910611094915
45,PC44,ssl_resumed_T,-0.30695018157809606
45,PC44,ssl_resumed_n/a,0.008841075467144938
45,PC44,ssl_established_F,-0.2772773133329879
45,PC44,ssl_established_T,0.26843623786584003
45,PC44,ssl_established_n/a,0.008841075467144594
45,PC44,http_trans_depth_1,-0.0009135171999437308
45,PC44,http_trans_depth_10,7.988781737552022e-05
45,PC44,http_trans_depth_2,-0.0009470177633579754
45,PC44,http_trans_depth_6,7.988885486065535e-05
45,PC44,http_trans_depth_7,7.988689516650945e-05
45,PC44,http_trans_depth_8,7.988850903227528e-05
45,PC44,http_trans_depth_9,7.988908541290728e-05
45,PC44,http_trans_depth_n/a,0.00146109380145433
45,PC44,http_method_GET,0.00041985725683652
45,PC44,http_method_HEAD,-0.00021738991747884804
45,PC44,http_method_POST,0.002278582173190474
45,PC44,http_method_n/a,-0.002481049512548103
45,PC44,http_version_1.1,-0.0028770792989190608
45,PC44,http_version_n/a,0.0028770792989192533
45,PC44,weird_addl_43,0.00016803472587504357
45,PC44,weird_addl_46,7.949732319198488e-05
45,PC44,weird_addl_48,0.0003057312614210307
45,PC44,weird_addl_n/a,-0.0005532633104874951
45,PC44,weird_notice_F,-0.0002474376426826186
45,PC44,weird_notice_n/a,0.00024743764268309043
45,PC45,duration,0.4302314051848597
45,PC45,src_bytes,0.015433211219160733
45,PC45,dst_bytes,0.006325071124859444
45,PC45,missed_bytes,0.0013689331586556885
45,PC45,src_pkts,0.6586101216720344
45,PC45,src_ip_bytes,0.45876723180703277
45,PC45,dst_pkts,0.2489567537233151
45,PC45,dst_ip_bytes,0.3201696754905635
45,PC45,dns_qclass,-0.0001722171590299859
45,PC45,dns_qtype,-0.00011835889644529196
45,PC45,dns_rcode,3.142981927156674e-05
45,PC45,http_request_body_len,0.0022089337251327695
45,PC45,http_response_body_len,-0.004501947410713164
45,PC45,http_status_code,-0.005302414974245245
45,PC45,dns_query,-0.0009371051995084589
45,PC45,ssl_version,0.0009799993465319928
45,PC45,ssl_cipher,0.0009799993465316875
45,PC45,ssl_subject,-0.03741590515116193
45,PC45,ssl_issuer,-0.0374159051511615
45,PC45,http_uri,0.0038242049936609446
45,PC45,http_user_agent,0.0038242049936628685
45,PC45,http_orig_mime_types,0.00944607265383704
45,PC45,http_resp_mime_types,0.01790085145970763
45,PC45,weird_name,-0.00831125331422189
45,PC45,proto_icmp,-0.0009818686435016377
45,PC45,proto_tcp,0.0004828428088718417
45,PC45,proto_udp,0.0004990258346321275
45,PC45,service_dce_rpc,0.00011389999290575825
45,PC45,service_dhcp,-3.876776402417931e-05
45,PC45,service_dns,0.0008965359275536905
45,PC45,service_ftp,-1.6252743821179583e-05
45,PC45,service_gssapi,0.00010174242966689423
45,PC45,service_http,-0.0001104635104057991
45,PC45,service_n/a,-0.00010544868335922788
45,PC45,service_smb,0.000367790720112237
45,PC45,service_smb;gssapi,-0.0007975495546586808
45,PC45,service_ssl,-0.00041148681397605927
45,PC45,conn_state_OTH,-4.155825735946417e-05
45,PC45,conn_state_REJ,0.00014680776405599782
45,PC45,conn_state_RSTO,-0.0002485191015190978
45,PC45,conn_state_RSTOS0,0.0024637479781067888
45,PC45,conn_state_RSTR,-0.0003597555033847677
45,PC45,conn_state_RSTRH,-0.0010443764308218243
45,PC45,conn_state_S0,0.0001166246053382735
45,PC45,conn_state_S1,-0.0001828656813965407
45,PC45,conn_state_S2,5.7556762921427695e-05
45,PC45,conn_state_S3,-0.00012686625360020833
45,PC45,conn_state_SF,2.1135046133109736e-06
45,PC45,conn_state_SH,0.0001111201434633724
45,PC45,conn_state_SHR,-0.0008940295304229046
45,PC45,dns_AA_F,-7.0339049429175154e-06
45,PC45,dns_AA_T,1.7650461049536353e-05
45,PC45,dns_AA_n/a,-1.0616556105983062e-05
45,PC45,dns_RD_F,1.2406939535365702e-05
45,PC45,dns_RD_T,-1.7903834302820942e-06
45,PC45,dns_RD_n/a,-1.0616556106272544e-05
45,PC45,dns_RA_F,-8.608180323201042e-06
45,PC45,dns_RA_T,1.9224736431594502e-05
45,PC45,dns_RA_n/a,-1.0616556106187976e-05
45,PC45,dns_rejected_F,1.781923522462675e-06
45,PC45,dns_rejected_T,8.834632584626273e-06
45,PC45,dns_rejected_n/a,-1.0616556106143524e-05
45,PC45,ssl_resumed_F,-0.018938039266535818
45,PC45,ssl_resumed_T,0.019633424693389905
45,PC45,ssl_resumed_n/a,-0.000695385426854541
45,PC45,ssl_established_F,0.018477865884626382
45,PC45,ssl_established_T,-0.017782480457771768
45,PC45,ssl_established_n/a,-0.0006953854268551638
45,PC45,http_trans_depth_1,-0.00014797520002711798
45,PC45,http_trans_depth_10,0.0002317720316546056
45,PC45,http_trans_depth_2,-0.007722520232953925
45,PC45,http_trans_depth_6,0.0002317772935348112
45,PC45,http_trans_depth_7,0.0002317673544277397
45,PC45,http_trans_depth_8,0.00023177553957475414
45,PC45,http_trans_depth_9,0.00023177846284152978
45,PC45,http_trans_depth_n/a,0.00671162475094745
45,PC45,http_method_GET,-0.002184553516433003
45,PC45,http_method_HEAD,-0.00310915579624317
45,PC45,http_method_POST,0.009117914306339151
45,PC45,http_method_n/a,-0.0038242049936631963
45,PC45,http_version_1.1,-0.007408218672153756
45,PC45,http_version_n/a,0.007408218672153666
45,PC45,weird_addl_43,-0.006302588272869248
45,PC45,weird_addl_46,0.00783475594087521
45,PC45,weird_addl_48,0.015854991167511098
45,PC45,weird_addl_n/a,-0.01738715883551631
45,PC45,weird_notice_F,-0.008311253314221546
45,PC45,weird_notice_n/a,0.008311253314222106
69,PC1,duration,-3.383402868329472e-05
69,PC1,src_bytes,-1.3156741360043078e-05
69,PC1,dst_bytes,-1.3509780265041904e-05
69,PC1,missed_bytes,-3.9194132448808205e-06
69,PC1,src_pkts,-2.7535701781365848e-05
69,PC1,src_ip_bytes,-1.67164975094151e-05
69,PC1,dst_pkts,-1.0579060893145383e-05
69,PC1,dst_ip_bytes,-1.899732146799449e-05
69,PC1,dns_qclass,0.006541155859231469
69,PC1,dns_qtype,0.028383358615869044
69,PC1,dns_rcode,0.026156907782616274
69,PC1,http_request_body_len,-2.2766848982236724e-06
69,PC1,http_response_body_len,-9.228417912972334e-06
69,PC1,http_status_code,-6.531106067362926e-05
69,PC1,dns_query,0.2812492374150176
69,PC1,ssl_version,-0.0001939420276569071
69,PC1,ssl_cipher,-0.0001939420276569075
69,PC1,ssl_subject,-4.351655580625092e-06
69,PC1,ssl_issuer,-4.351655580625092e-06
69,PC1,http_uri,-0.00011129518958761717
69,PC1,http_user_agent,-0.00011129518958761717
69,PC1,http_orig_mime_types,-5.798667264595216e-06
69,PC1,http_resp_mime_types,-7.552984411031417e-05
69,PC1,weird_name,0.0009051340672469665
69,PC1,proto_icmp,-0.0036667033501436865
69,PC1,proto_tcp,-0.27450590502330063
69,PC1,proto_udp,0.2781726083734441
69,PC1,service_dce_rpc,-6.888038200664701e-05
69,PC1,service_dhcp,6.217476513376599e-06
69,PC1,service_dns,0.2906307953647016
69,PC1,service_ftp,-0.000539168190958113
69,PC1,service_gssapi,-0.00018897783397887563
69,PC1,service_http,-0.02793597006991057
69,PC1,service_n/a,-0.260836853180844
69,PC1,service_smb,-7.133703059085737e-05
69,PC1,service_smb;gssapi,-1.3624597359959011e-05
69,PC1,service_ssl,-0.0009822015555661172
69,PC1,conn_state_OTH,-0.14157631971078474
69,PC1,conn_state_REJ,-0.04379163576043283
69,PC1,conn_state_RSTO,-0.0013152313387436304
69,PC1,conn_state_RSTOS0,-6.456838901129206e-05
69,PC1,conn_state_RSTR,-0.0014319567234230132
69,PC1,conn_state_RSTRH,-0.00198525631701537
69,PC1,conn_state_S0,0.04819014156472194
69,PC1,conn_state_S1,-0.012869237172268368
69,PC1,conn_state_S2,-0.0005494847377889522
69,PC1,conn_state_S3,-0.005033716103795372
69,PC1,conn_state_SF,0.1652058754796662
69,PC1,conn_state_SH,-0.013420623265220762
69,PC1,conn_state_SHR,0.00864201247409615
69,PC1,dns_AA_F,0.23707215711772975
69,PC1,dns_AA_T,0.04667559896191422
69,PC1,dns_AA_n/a,-0.2837477560796436
69,PC1,dns_RD_F,0.19494465972830272
69,PC1,dns_RD_T,0.08880309635134066
69,PC1,dns_RD_n/a,-0.2837477560796436
69,PC1,dns_RA_F,0.253964295133491
69,PC1,dns_RA_T,0.0297834609461523
69,PC1,dns_RA_n/a,-0.2837477560796436
69,PC1,dns_rejected_F,0.26298632251114495
69,PC1,dns_rejected_T,0.02076143356849811
69,PC1,dns_rejected_n/a,-0.2837477560796436
69,PC1,ssl_resumed_F,-0.0003308890233371043
69,PC1,ssl_resumed_T,-3.5986342677645324e-05
69,PC1,ssl_resumed_n/a,0.00036687536601474825
69,PC1,ssl_established_F,-0.0003265373677564761
69,PC1,ssl_established_T,-4.033799825826999e-05
69,PC1,ssl_established_n/a,0.00036687536601475004
69,PC1,http_trans_depth_1,-0.00010903290138682415
69,PC1,http_trans_depth_10,-5.798837938237392e-07
69,PC1,http_trans_depth_2,-1.2623192215358895e-05
69,PC1,http_trans_depth_6,-5.798837935690418e-07
69,PC1,http_trans_depth_7,-5.798837940501504e-07
69,PC1,http_trans_depth_8,-5.79883793653937e-07
69,PC1,http_trans_depth_9,-5.79883793512441e-07
69,PC1,http_trans_depth_n/a,0.00012455551257079187
69,PC1,http_method_GET,-0.00010263572900357804
69,PC1,http_method_HEAD,-2.2809850294992608e-06
69,PC1,http_method_POST,-6.378475554539825e-06
69,PC1,http_method_n/a,0.00011129518958761713
69,PC1,http_version_1.1,-0.00012052538620413257
69,PC1,http_version_n/a,0.00012052538620413255
69,PC1,weird_addl_43,1.478498355863599e-05
69,PC1,weird_addl_46,0.0008749188834158808
69,PC1,weird_addl_48,2.4809687764893843e-05
69,PC1,weird_addl_n/a,-0.0009145135547394205
69,PC1,weird_notice_F,0.0009051340672469585
69,PC1,weird_notice_n/a,-0.0009051340672469585
69,PC2,duration,5.298091436059139e-06
69,PC2,src_bytes,-7.20692665592132e-06
69,PC2,dst_bytes,-5.736756329904197e-06
69,PC2,missed_bytes,-1.9882127281767303e-06
69,PC2,src_pkts,-2.012017213542938e-05
69,PC2,src_ip_bytes,-2.825923900995342e-06
69,PC2,dst_pkts,-1.1930005931581888e-05
69,PC2,dst_ip_bytes,-0.00010771755903321578
69,PC2,dns_qclass,0.005763417119688034
69,PC2,dns_qtype,0.009222611837002884
69,PC2,dns_rcode,-0.01335692499019698
69,PC2,http_request_body_len,-3.247250736504966e-05
69,PC2,http_response_body_len,-9.081981831798362e-05
69,PC2,http_status_code,-0.000719377110651453
69,PC2,dns_query,-0.02581235846989491
69,PC2,ssl_version,-0.000601136330393459
69,PC2,ssl_cipher,-0.0006011363303934554
69,PC2,ssl_subject,-2.2909650918961334e-05
69,PC2,ssl_issuer,-2.2909650918961334e-05
69,PC2,http_uri,-0.0013513069475379197
69,PC2,http_user_agent,-0.0013513069475379195
69,PC2,http_orig_mime_types,-8.2718138685356e-05
69,PC2,http_resp_mime_types,-0.0009195634121712088
69,PC2,weird_name,0.0007907355107195409
69,PC2,proto_icmp,0.008065661881376083
69,PC2,proto_tcp,-0.35645714087791885
69,PC2,proto_udp,0.34839147899654244
69,PC2,service_dce_rpc,-0.000195347096383696
69,PC2,service_dhcp,0.0001510678854115164
69,PC2,service_dns,0.0013091450789360125
69,PC2,service_ftp,-0.0038291585416026595
69,PC2,service_gssapi,-0.00048779132807176957
69,PC2,service_http,-0.3697968508944853
69,PC2,service_n/a,0.38067100791096836
69,PC2,service_smb,-0.0002402390892117399
69,PC2,service_smb;gssapi,-4.58667673365539e-05
69,PC2,service_ssl,-0.007535967158224013
69,PC2,conn_state_OTH,0.0021865803064505095
69,PC2,conn_state_REJ,-0.007618783692344404
69,PC2,conn_state_RSTO,-0.0008687253486947735
69,PC2,conn_state_RSTOS0,-9.15552420316138e-06
69,PC2,conn_state_RSTR,-0.005446445521366151
69,PC2,conn_state_RSTRH,-0.0002857821985210604
69,PC2,conn_state_S0,0.4843264255999661
69,PC2,conn_state_S1,-0.0048997693428451386
69,PC2,conn_state_S2,-0.0018118792884269795
69,PC2,conn_state_S3,-0.011772978322149312
69,PC2,conn_state_SF,-0.47808140910507174
69,PC2,conn_state_SH,-0.0021581871547626777
69,PC2,conn_state_SHR,0.026440109591967242
69,PC2,dns_AA_F,-0.007342383080708246
69,PC2,dns_AA_T,-0.017803293835856136
69,PC2,dns_AA_n/a,0.025145676916564306
69,PC2,dns_RD_F,-0.03246888902080656
69,PC2,dns_RD_T,0.00732321210424224
69,PC2,dns_RD_n/a,0.02514567691656429
69,PC2,dns_RA_F,-0.009197944091269486
69,PC2,dns_RA_T,-0.01594773282529482
69,PC2,dns_RA_n/a,0.02514567691656429
69,PC2,dns_rejected_F,-0.014476257732542887
69,PC2,dns_rejected_T,-0.010669419184021332
69,PC2,dns_rejected_n/a,0.02514567691656429
69,PC2,ssl_resumed_F,-0.0017632098261615564
69,PC2,ssl_resumed_T,-0.0002730614996563952
69,PC2,ssl_resumed_n/a,0.0020362713258179556
69,PC2,ssl_established_F,-0.0017403001752425967
69,PC2,ssl_established_T,-0.00029597115057535575
69,PC2,ssl_established_n/a,0.002036271325817955
69,PC2,http_trans_depth_1,-0.0011719573104147208
69,PC2,http_trans_depth_10,-8.273514570674892e-06
69,PC2,http_trans_depth_2,-0.00013842673292345853
69,PC2,http_trans_depth_6,-8.27351456048419e-06
69,PC2,http_trans_depth_7,-8.273514579733542e-06
69,PC2,http_trans_depth_8,-8.273514563881046e-06
69,PC2,http_trans_depth_9,-8.273514558219444e-06
69,PC2,http_trans_depth_n/a,0.0013517516161711681
69,PC2,http_method_GET,-0.0012416550049848764
69,PC2,http_method_HEAD,-1.8665034182878047e-05
69,PC2,http_method_POST,-9.098690837016656e-05
69,PC2,http_method_n/a,0.0013513069475379195
69,PC2,http_version_1.1,-0.0013228012404881255
69,PC2,http_version_n/a,0.001322801240488126
69,PC2,weird_addl_43,7.803256427576272e-06
69,PC2,weird_addl_46,0.0004807596586554716
69,PC2,weird_addl_48,5.518683818367776e-05
69,PC2,weird_addl_n/a,-0.0005437497532667359
69,PC2,weird_notice_F,0.0007907355107195435
69,PC2,weird_notice_n/a,-0.0007907355107195364
69,PC3,duration,5.25260621939523e-05
69,PC3,src_bytes,2.208252178809156e-06
69,PC3,dst_bytes,1.919256966631533e-06
69,PC3,missed_bytes,4.1476226930736715e-07
69,PC3,src_pkts,5.4652541629035545e-05
69,PC3,src_ip_bytes,5.3878058736245293e-05
69,PC3,dst_pkts,1.4701065829986204e-05
69,PC3,dst_ip_bytes,-5.172547610354447e-05
69,PC3,dns_qclass,0.0032674540355263192
69,PC3,dns_qtype,0.014442314084793321
69,PC3,dns_rcode,0.012633796102096626
69,PC3,http_request_body_len,-2.935829103580449e-05
69,PC3,http_response_body_len,-8.582096048206858e-05
69,PC3,http_status_code,-0.0006624468459218046
69,PC3,dns_query,0.1370872893441509
69,PC3,ssl_version,-0.0004412838217760641
69,PC3,ssl_cipher,-0.0004412838217760612
69,PC3,ssl_subject,-1.738621009922625e-05
69,PC3,ssl_issuer,-1.7386210099226248e-05
69,PC3,http_uri,-0.0012438060528461668
69,PC3,http_user_agent,-0.0012438060528461668
69,PC3,http_orig_mime_types,-7.479137705220476e-05
69,PC3,http_resp_mime_types,-0.0008380214559145257
69,PC3,weird_name,-0.0026017043225079832
69,PC3,proto_icmp,0.015539496591230908
69,PC3,proto_tcp,0.2249588114524568
69,PC3,proto_udp,-0.24049830804368724
69,PC3,service_dce_rpc,0.00021584208160034505
69,PC3,service_dhcp,-0.0003194499315012691
69,PC3,service_dns,0.058988792017602654
69,PC3,service_ftp,-0.002877175867573432
69,PC3,service_gssapi,0.000660066227980106
69,PC3,service_http,-0.33568045415710257
69,PC3,service_n/a,0.2848879454672137
69,PC3,service_smb,-0.00018932990035510294
69,PC3,service_smb;gssapi,-3.613990732510215e-05
69,PC3,service_ssl,-0.005650096030540014
69,PC3,conn_state_OTH,0.6084536324016306
69,PC3,conn_state_REJ,0.02834536356798297
69,PC3,conn_state_RSTO,-8.173545590726302e-05
69,PC3,conn_state_RSTOS0,3.000100760018137e-05
69,PC3,conn_state_RSTR,-0.005017295933727926
69,PC3,conn_state_RSTRH,0.0009422947850195412
69,PC3,conn_state_S0,-0.32017874209616487
69,PC3,conn_state_S1,0.0031609552549369023
69,PC3,conn_state_S2,-0.0016972944976857817
69,PC3,conn_state_S3,-0.010106081674504469
69,PC3,conn_state_SF,-0.23535586012670015
69,PC3,conn_state_SH,0.006718846517902581
69,PC3,conn_state_SHR,-0.0752140837503817
69,PC3,dns_AA_F,0.11692128878412288
69,PC3,dns_AA_T,0.022101743281881622
69,PC3,dns_AA_n/a,-0.13902303206600433
69,PC3,dns_RD_F,0.11255138755249806
69,PC3,dns_RD_T,0.026471644513506143
69,PC3,dns_RD_n/a,-0.13902303206600433
69,PC3,dns_RA_F,0.13136407481074028
69,PC3,dns_RA_T,0.007658957255263881
69,PC3,dns_RA_n/a,-0.13902303206600433
69,PC3,dns_rejected_F,0.13331072273318156
69,PC3,dns_rejected_T,0.005712309332822534
69,PC3,dns_rejected_n/a,-0.13902303206600433
69,PC3,ssl_resumed_F,-0.0013129301022323547
69,PC3,ssl_resumed_T,-0.00020566076832992503
69,PC3,ssl_resumed_n/a,0.0015185908705622785
69,PC3,ssl_established_F,-0.0012955438921331262
69,PC3,ssl_established_T,-0.00022304697842915453
69,PC3,ssl_established_n/a,0.0015185908705622805
69,PC3,http_trans_depth_1,-0.0010794346120892204
69,PC3,http_trans_depth_10,-7.481350376233675e-06
69,PC3,http_trans_depth_2,-0.0001289445691678055
69,PC3,http_trans_depth_6,-7.4813503625292255e-06
69,PC3,http_trans_depth_7,-7.481350388415583e-06
69,PC3,http_trans_depth_8,-7.481350367097341e-06
69,PC3,http_trans_depth_9,-7.4813503594836805e-06
69,PC3,http_trans_depth_n/a,0.0012457859331107817
69,PC3,http_method_GET,-0.0011433568013929547
69,PC3,http_method_HEAD,-1.818267063522491e-05
69,PC3,http_method_POST,-8.226658081798846e-05
69,PC3,http_method_n/a,0.001243806052846167
69,PC3,http_version_1.1,-0.0012172484733071589
69,PC3,http_version_n/a,0.0012172484733071582
69,PC3,weird_addl_43,-1.75564167052376e-05
69,PC3,weird_addl_46,-0.0021209981527453123
69,PC3,weird_addl_48,-0.00018226908123470764
69,PC3,weird_addl_n/a,0.002320823650685276
69,PC3,weird_notice_F,-0.0026017043225079832
69,PC3,weird_notice_n/a,0.0026017043225079815
69,PC4,duration,5.329945687324655e-05
69,PC4,src_bytes,-5.6223649128661624e-05
69,PC4,dst_bytes,-5.87173608863345e-05
69,PC4,missed_bytes,-1.8162310277847205e-05
69,PC4,src_pkts,8.596703136010131e-05
69,PC4,src_ip_bytes,5.131334069982674e-05
69,PC4,dst_pkts,1.225426232986937e-05
69,PC4,dst_ip_bytes,5.2882977943702336e-05
69,PC4,dns_qclass,-0.009110733855392683
69,PC4,dns_qtype,-0.02324460822509835
69,PC4,dns_rcode,0.0055845025338962
69,PC4,http_request_body_len,9.68632385865741e-06
69,PC4,http_response_body_len,1.8832139113815613e-05
69,PC4,http_status_code,0.00017755145920556343
69,PC4,dns_query,-0.08618153707231507
69,PC4,ssl_version,-0.0002796441351066692
69,PC4,ssl_cipher,-0.0002796441351066685
69,PC4,ssl_subject,-1.0299018398045919e-05
69,PC4,ssl_issuer,-1.0299018398045922e-05
69,PC4,http_uri,0.0003495759458428894
69,PC4,http_user_agent,0.00034957594584288906
69,PC4,http_orig_mime_types,2.4682188896837007e-05
69,PC4,http_resp_mime_types,0.00024974597617558205
69,PC4,weird_name,0.005950195998655151
69,PC4,proto_icmp,0.04421587393757351
69,PC4,proto_tcp,-0.3330762147531142
69,PC4,proto_udp,0.2888603408155406
69,PC4,service_dce_rpc,0.0005779491318333562
69,PC4,service_dhcp,0.0002820091812784112
69,PC4,service_dns,0.09670587517976449
69,PC4,service_ftp,-0.0003744066303673521
69,PC4,service_gssapi,0.0016341410822352269
69,PC4,service_http,0.10259614491539101
69,PC4,service_n/a,-0.20063310030832282
69,PC4,service_smb,-0.00016008909987728906
69,PC4,service_smb;gssapi,-3.0537200230735634e-05
69,PC4,service_ssl,-0.0005979862517043432
69,PC4,conn_state_OTH,0.561108924748673
69,PC4,conn_state_REJ,-0.525350167072629
69,PC4,conn_state_RSTO,-0.005578657599802189
69,PC4,conn_state_RSTOS0,-0.00029250307876188493
69,PC4,conn_state_RSTR,-0.0024778766251665847
69,PC4,conn_state_RSTRH,-0.009285801347674668
69,PC4,conn_state_S0,-0.1552405206632427
69,PC4,conn_state_S1,-0.06907001085965087
69,PC4,conn_state_S2,-0.001107117185579081
69,PC4,conn_state_S3,-0.015462851217913897
69,PC4,conn_state_SF,0.11805144218113214
69,PC4,conn_state_SH,-0.07523106329753532
69,PC4,conn_state_SHR,0.17993620201814992
69,PC4,dns_AA_F,-0.08555403135827289
69,PC4,dns_AA_T,0.000923602604246575
69,PC4,dns_AA_n/a,0.08463042875402614
69,PC4,dns_RD_F,-0.07722223725476582
69,PC4,dns_RD_T,-0.007408191499260323
69,PC4,dns_RD_n/a,0.08463042875402614
69,PC4,dns_RA_F,-0.10515025960760038
69,PC4,dns_RA_T,0.020519830853574225
69,PC4,dns_RA_n/a,0.08463042875402614
69,PC4,dns_rejected_F,-0.09785804651068425
69,PC4,dns_rejected_T,0.013227617756658107
69,PC4,dns_rejected_n/a,0.08463042875402614
69,PC4,ssl_resumed_F,-0.0003061526713458755
69,PC4,ssl_resumed_T,-2.138211661411847e-05
69,PC4,ssl_resumed_n/a,0.00032753478795999216
69,PC4,ssl_established_F,-0.0002958536529478298
69,PC4,ssl_established_T,-3.1681135012166225e-05
69,PC4,ssl_established_n/a,0.0003275347879599896
69,PC4,http_trans_depth_1,0.00028112605462792244
69,PC4,http_trans_depth_10,2.469880862941867e-06
69,PC4,http_trans_depth_2,3.28705410706282e-05
69,PC4,http_trans_depth_6,2.469880856835142e-06
69,PC4,http_trans_depth_7,2.469880868370135e-06
69,PC4,http_trans_depth_8,2.469880858870718e-06
69,PC4,http_trans_depth_9,2.4698808554780683e-06
69,PC4,http_trans_depth_n/a,-0.00032634600000104656
69,PC4,http_method_GET,0.0003198327209560987
69,PC4,http_method_HEAD,2.5952958140073237e-06
69,PC4,http_method_POST,2.714792907278427e-05
69,PC4,http_method_n/a,-0.0003495759458428897
69,PC4,http_version_1.1,0.0003271901414432099
69,PC4,http_version_n/a,-0.0003271901414432095
69,PC4,weird_addl_43,6.867690739839964e-05
69,PC4,weird_addl_46,0.0060755208300916595
69,PC4,weird_addl_48,0.00044175025164624635
69,PC4,weird_addl_n/a,-0.006585947989136358
69,PC4,weird_notice_F,0.00595019599865515
69,PC4,weird_notice_n/a,-0.005950195998655154
69,PC5,duration,-4.8562401637468516e-05
69,PC5,src_bytes,-2.653194401376624e-05
69,PC5,dst_bytes,-3.1461326162759984e-05
69,PC5,missed_bytes,-6.175925843621144e-06
69,PC5,src_pkts,5.5881853109840396e-05
69,PC5,src_ip_bytes,2.2533033231700306e-05
69,PC5,dst_pkts,-1.589982671001966e-05
69,PC5,dst_ip_bytes,4.8437056518357835e-05
69,PC5,dns_qclass,0.016053899461708543
69,PC5,dns_qtype,0.03283391448692377
69,PC5,dns_rcode,-0.01865231675830084
69,PC5,http_request_body_len,2.2410296537905827e-05
69,PC5,http_response_body_len,6.278089880503226e-05
69,PC5,http_status_code,0.00043791194700285724
69,PC5,dns_query,0.07467075348399027
69,PC5,ssl_version,-0.0011371115827012552
69,PC5,ssl_cipher,-0.0011371115827012444
69,PC5,ssl_subject,-1.5179341530651236e-05
69,PC5,ssl_issuer,-1.517934153065122e-05
69,PC5,http_uri,0.0009309932012469264
69,PC5,http_user_agent,0.0009309932012469269
69,PC5,http_orig_mime_types,5.711224894639534e-05
69,PC5,http_resp_mime_types,0.0005699605656604419
69,PC5,weird_name,-0.01282096667406715
69,PC5,proto_icmp,-0.012073204371820922
69,PC5,proto_tcp,0.21515467596202031
69,PC5,proto_udp,-0.20308147159019924
69,PC5,service_dce_rpc,0.00011390028028980159
69,PC5,service_dhcp,-4.8126420948103285e-05
69,PC5,service_dns,-0.2653903532545581
69,PC5,service_ftp,-0.0012086728483334229
69,PC5,service_gssapi,0.000329896557096564
69,PC5,service_http,0.2503476418101437
69,PC5,service_n/a,0.018332295799388422
69,PC5,service_smb,-0.00023562106676806253
69,PC5,service_smb;gssapi,-4.4926921031112885e-05
69,PC5,service_ssl,-0.0021960339352788717
69,PC5,conn_state_OTH,0.18133534023817435
69,PC5,conn_state_REJ,-0.4446071505253971
69,PC5,conn_state_RSTO,-0.0023764335879398633
69,PC5,conn_state_RSTOS0,-0.00012076509224794958
69,PC5,conn_state_RSTR,0.0004738899081911586
69,PC5,conn_state_RSTRH,-0.003731664663992297
69,PC5,conn_state_S0,0.5956659520492038
69,PC5,conn_state_S1,-0.02750037144744741
69,PC5,conn_state_S2,0.0007273766892236173
69,PC5,conn_state_S3,0.0012473712155560463
69,PC5,conn_state_SF,0.08484566846671898
69,PC5,conn_state_SH,-0.032301029086733546
69,PC5,conn_state_SHR,-0.3536581841633105
69,PC5,dns_AA_F,0.11055544527891421
69,PC5,dns_AA_T,-0.04568845155160317
69,PC5,dns_AA_n/a,-0.064866993727311
69,PC5,dns_RD_F,0.00725500645462865
69,PC5,dns_RD_T,0.05761198727268242
69,PC5,dns_RD_n/a,-0.06486699372731099
69,PC5,dns_RA_F,0.09209570849014961
69,PC5,dns_RA_T,-0.02722871476283848
69,PC5,dns_RA_n/a,-0.06486699372731099
69,PC5,dns_rejected_F,0.08466742380566022
69,PC5,dns_rejected_T,-0.019800430078349144
69,PC5,dns_rejected_n/a,-0.06486699372731099
69,PC5,ssl_resumed_F,-0.001440384580933217
69,PC5,ssl_resumed_T,-8.560977520089157e-05
69,PC5,ssl_resumed_n/a,0.00152599435613411
69,PC5,ssl_established_F,-0.0014252052394025708
69,PC5,ssl_established_T,-0.00010078911673154256
69,PC5,ssl_established_n/a,0.001525994356134111
69,PC5,http_trans_depth_1,0.000688202188140259
69,PC5,http_trans_depth_10,5.717917690742729e-06
69,PC5,http_trans_depth_2,9.571292330610772e-05
69,PC5,http_trans_depth_6,5.717917664365767e-06
69,PC5,http_trans_depth_7,5.71791771418903e-06
69,PC5,http_trans_depth_8,5.717917673158034e-06
69,PC5,http_trans_depth_9,5.71791765850417e-06
69,PC5,http_trans_depth_n/a,-0.0008125046998473236
69,PC5,http_method_GET,0.0008551851443896459
69,PC5,http_method_HEAD,1.299183952824397e-05
69,PC5,http_method_POST,6.281621732903677e-05
69,PC5,http_method_n/a,-0.0009309932012469271
69,PC5,http_version_1.1,0.0007944172711180188
69,PC5,http_version_n/a,-0.0007944172711180188
69,PC5,weird_addl_43,-0.00015964047224614208
69,PC5,weird_addl_46,-0.012426171137574965
69,PC5,weird_addl_48,-0.0008350243653053089
69,PC5,weird_addl_n/a,0.013420835975126513
69,PC5,weird_notice_F,-0.012820966674067137
69,PC5,weird_notice_n/a,0.01282096667406714
69,PC6,duration,-8.309109464709439e-06
69,PC6,src_bytes,1.6673957762801395e-06
69,PC6,dst_bytes,3.7639143487672166e-06
69,PC6,missed_bytes,6.300000118426852e-07
69,PC6,src_pkts,-1.1515782171803157e-06
69,PC6,src_ip_bytes,-1.6055544907189745e-06
69,PC6,dst_pkts,1.473622454551543e-06
69,PC6,dst_ip_bytes,-5.524886049060318e-06
69,PC6,dns_qclass,-0.013242221151217412
69,PC6,dns_qtype,-0.06599618664224426
69,PC6,dns_rcode,0.06713706661952279
69,PC6,http_request_body_len,-1.683535955088189e-06
69,PC6,http_response_body_len,4.169050039137812e-06
69,PC6,http_status_code,-7.835533340924683e-06
69,PC6,dns_query,0.04466542944272295
69,PC6,ssl_version,0.00010648630946229242
69,PC6,ssl_cipher,0.00010648630946228765
69,PC6,ssl_subject,6.742662491734835e-06
69,PC6,ssl_issuer,6.742662491734692e-06
69,PC6,http_uri,-1.82689984926704e-05
69,PC6,http_user_agent,-1.82689984926699e-05
69,PC6,http_orig_mime_types,-4.290312583139427e-06
69,PC6,http_resp_mime_types,-3.194369622521756e-05
69,PC6,weird_name,-0.0026668651136078176
69,PC6,proto_icmp,-0.0035104708956367834
69,PC6,proto_tcp,0.03390180410111314
69,PC6,proto_udp,-0.030391333205476077
69,PC6,service_dce_rpc,9.83627097904274e-05
69,PC6,service_dhcp,-2.0094098078380488e-05
69,PC6,service_dns,0.06578039586252082
69,PC6,service_ftp,0.0005350628709916323
69,PC6,service_gssapi,0.0002800942745887702
69,PC6,service_http,-0.013196135276495765
69,PC6,service_n/a,-0.054489903383350184
69,PC6,service_smb,0.0001466628221569303
69,PC6,service_smb;gssapi,2.7959741130718707e-05
69,PC6,service_ssl,0.0008375944767446372
69,PC6,conn_state_OTH,-0.00282756308394581
69,PC6,conn_state_REJ,0.04930661082400439
69,PC6,conn_state_RSTO,0.0004432314950381651
69,PC6,conn_state_RSTOS0,5.465224536860967e-06
69,PC6,conn_state_RSTR,0.0019576546662214414
69,PC6,conn_state_RSTRH,0.00020284421696742483
69,PC6,conn_state_S0,-0.01467250015076363
69,PC6,conn_state_S1,0.0027228907235560297
69,PC6,conn_state_S2,0.0004694095030697819
69,PC6,conn_state_S3,0.0035919906029095363
69,PC6,conn_state_SF,-0.06145323557082618
69,PC6,conn_state_SH,0.0018634870082475702
69,PC6,conn_state_SHR,0.018389714540984918
69,PC6,dns_AA_F,0.3104575396981752
69,PC6,dns_AA_T,-0.26997394645803
69,PC6,dns_AA_n/a,-0.04048359324014553
69,PC6,dns_RD_F,-0.5580540515004281
69,PC6,dns_RD_T,0.5985376447405734
69,PC6,dns_RD_n/a,-0.04048359324014552
69,PC6,dns_RA_F,-0.19860696747645643
69,PC6,dns_RA_T,0.23909056071660167
69,PC6,dns_RA_n/a,-0.04048359324014551
69,PC6,dns_rejected_F,-0.1015051615245829
69,PC6,dns_rejected_T,0.1419887547647279
69,PC6,dns_rejected_n/a,-0.04048359324014552
69,PC6,ssl_resumed_F,0.00019330928124070001
69,PC6,ssl_resumed_T,3.27786084931641e-05
69,PC6,ssl_resumed_n/a,-0.00022608788973386924
69,PC6,ssl_established_F,0.00018656661874896124
69,PC6,ssl_established_T,3.952127098490406e-05
69,PC6,ssl_established_n/a,-0.00022608788973387745
69,PC6,http_trans_depth_1,-1.1257147180713503e-05
69,PC6,http_trans_depth_10,-4.2930784665582033e-07
69,PC6,http_trans_depth_2,1.887750041507733e-06
69,PC6,http_trans_depth_6,-4.2930784858889267e-07
69,PC6,http_trans_depth_7,-4.2930784493754057e-07
69,PC6,http_trans_depth_8,-4.2930784794452966e-07
69,PC6,http_trans_depth_9,-4.2930784901846183e-07
69,PC6,http_trans_depth_n/a,1.151593637635131e-05
69,PC6,http_method_GET,-1.5734991608983895e-05
69,PC6,http_method_HEAD,2.1848000724322126e-06
69,PC6,http_method_POST,-4.7188069561195475e-06
69,PC6,http_method_n/a,1.8268998492670346e-05
69,PC6,http_version_1.1,-1.6334278456011568e-05
69,PC6,http_version_n/a,1.6334278456010697e-05
69,PC6,weird_addl_43,-6.437848047547149e-05
69,PC6,weird_addl_46,-0.003210697900969457
69,PC6,weird_addl_48,-6.477321878071141e-08
69,PC6,weird_addl_n/a,0.0032751411546637224
69,PC6,weird_notice_F,-0.002666865113607793
69,PC6,weird_notice_n/a,0.0026668651136077925
69,PC7,duration,5.300641496906177e-06
69,PC7,src_bytes,-2.8131852992950394e-05
69,PC7,dst_bytes,-6.226231241325975e-05
69,PC7,missed_bytes,-1.1033329824832079e-05
69,PC7,src_pkts,1.331547804157493e-05
69,PC7,src_ip_bytes,4.91531717126438e-06
69,PC7,dst_pkts,-3.0079735952409387e-05
69,PC7,dst_ip_bytes,-5.654298055927237e-05
69,PC7,dns_qclass,-0.03475952487198054
69,PC7,dns_qtype,-0.06762948712636661
69,PC7,dns_rcode,0.06392524380831724
69,PC7,http_request_body_len,-3.893985633016649e-06
69,PC7,http_response_body_len,-0.0001483657773160285
69,PC7,http_status_code,-0.0005863405573588443
69,PC7,dns_query,0.04848045077876856
69,PC7,ssl_version,-0.0016933273846658908
69,PC7,ssl_cipher,-0.0016933273846658882
69,PC7,ssl_subject,-7.474738759026761e-05
69,PC7,ssl_issuer,-7.474738759026721e-05
69,PC7,http_uri,-0.0009869397440541098
69,PC7,http_user_agent,-0.0009869397440541061
69,PC7,http_orig_mime_types,-9.951574772263884e-06
69,PC7,http_resp_mime_types,-0.0004082093490103663
69,PC7,weird_name,-0.013702480299553323
69,PC7,proto_icmp,0.035521836059172925
69,PC7,proto_tcp,-0.23281705523416305
69,PC7,proto_udp,0.19729521917499027
69,PC7,service_dce_rpc,-0.0011769033609408247
69,PC7,service_dhcp,-0.00021477833792845133
69,PC7,service_dns,-0.31113856166584636
69,PC7,service_ftp,-0.004758960622647048
69,PC7,service_gssapi,-0.00339445413189773
69,PC7,service_http,-0.1260524295483816
69,PC7,service_n/a,0.45553569460913124
69,PC7,service_smb,-0.001766105918860973
69,PC7,service_smb;gssapi,-0.0003364023350004805
69,PC7,service_ssl,-0.006697098687626643
69,PC7,conn_state_OTH,0.007117385886159603
69,PC7,conn_state_REJ,0.09656194276533969
69,PC7,conn_state_RSTO,-0.0053115154153409
69,PC7,conn_state_RSTOS0,-5.444437363408753e-05
69,PC7,conn_state_RSTR,-0.03045743992204044
69,PC7,conn_state_RSTRH,-0.0015711930352484884
69,PC7,conn_state_S0,-0.1543523778484662
69,PC7,conn_state_S1,-0.03824295529609325
69,PC7,conn_state_S2,-0.008605868948370694
69,PC7,conn_state_S3,-0.06639532618379562
69,PC7,conn_state_SF,0.5870680941114599
69,PC7,conn_state_SH,-0.01789832547020694
69,PC7,conn_state_SHR,-0.36785797626976335
69,PC7,dns_AA_F,-0.04641423924086273
69,PC7,dns_AA_T,0.0749595726707114
69,PC7,dns_AA_n/a,-0.028545333429848694
69,PC7,dns_RD_F,-0.022795004204220034
69,PC7,dns_RD_T,0.05134033763406856
69,PC7,dns_RD_n/a,-0.02854533342984869
69,PC7,dns_RA_F,-0.10885039755590023
69,PC7,dns_RA_T,0.1373957309857487
69,PC7,dns_RA_n/a,-0.0285453334298487
69,PC7,dns_rejected_F,-0.04277645798771554
69,PC7,dns_rejected_T,0.07132179141756353
69,PC7,dns_rejected_n/a,-0.02854533342984869
69,PC7,ssl_resumed_F,-0.0021851107152146758
69,PC7,ssl_resumed_T,-0.0002749017478528977
69,PC7,ssl_resumed_n/a,0.00246001246306759
69,PC7,ssl_established_F,-0.002110363327624415
69,PC7,ssl_established_T,-0.0003496491354431698
69,PC7,ssl_established_n/a,0.002460012463067587
69,PC7,http_trans_depth_1,-0.000994139342512032
69,PC7,http_trans_depth_10,-9.966187293708098e-07
69,PC7,http_trans_depth_2,-0.00015692509650069755
69,PC7,http_trans_depth_6,-9.966186304746817e-07
69,PC7,http_trans_depth_7,-9.966188172787525e-07
69,PC7,http_trans_depth_8,-9.966186634400666e-07
69,PC7,http_trans_depth_9,-9.966186084975944e-07
69,PC7,http_trans_depth_n/a,0.0011560475324617855
69,PC7,http_method_GET,-0.0009236852695441101
69,PC7,http_method_HEAD,-5.231331936501913e-05
69,PC7,http_method_POST,-1.0941155144981876e-05
69,PC7,http_method_n/a,0.0009869397440541083
69,PC7,http_version_1.1,-0.0010532024788781629
69,PC7,http_version_n/a,0.0010532024788781629
69,PC7,weird_addl_43,-0.00016833767663259133
69,PC7,weird_addl_46,-0.011215267223026256
69,PC7,weird_addl_48,-0.0008327066266925533
69,PC7,weird_addl_n/a,0.012216311526351468
69,PC7,weird_notice_F,-0.013702480299553298
69,PC7,weird_notice_n/a,0.013702480299553291
69,PC8,duration,-0.00028161177760477774
69,PC8,src_bytes,-0.00019683346603130425
69,PC8,dst_bytes,-0.00020040672827370543
69,PC8,missed_bytes,-6.161389354059077e-05
69,PC8,src_pkts,2.6215621901526376e-05
69,PC8,src_ip_bytes,-1.0553486116116062e-06
69,PC8,dst_pkts,-5.551825669503074e-05
69,PC8,dst_ip_bytes,-1.8526358863679704e-06
69,PC8,dns_qclass,0.015944633262645058
69,PC8,dns_qtype,0.02765418459369373
69,PC8,dns_rcode,-0.020966477191524974
69,PC8,http_request_body_len,2.521999012887466e-05
69,PC8,http_response_body_len,9.526426320985784e-05
69,PC8,http_status_code,0.0004898696615819598
69,PC8,dns_query,-0.014459592428914605
69,PC8,ssl_version,-0.003751208323231607
69,PC8,ssl_cipher,-0.0037512083232315685
69,PC8,ssl_subject,-0.000129262019665179
69,PC8,ssl_issuer,-0.00012926201966517956
69,PC8,http_uri,0.0010896649140303926
69,PC8,http_user_agent,0.001089664914030393
69,PC8,http_orig_mime_types,6.431975728676032e-05
69,PC8,http_resp_mime_types,0.0006015143645410082
69,PC8,weird_name,-0.006338164536693077
69,PC8,proto_icmp,0.04330396132000964
69,PC8,proto_tcp,-0.11986821596918826
69,PC8,proto_udp,0.07656425464917871
69,PC8,service_dce_rpc,0.0007423476177960252
69,PC8,service_dhcp,0.0003646413910293888
69,PC8,service_dns,-0.08832213531152669
69,PC8,service_ftp,-0.007473828725026754
69,PC8,service_gssapi,0.0022243172977205092
69,PC8,service_http,0.2745867529324994
69,PC8,service_n/a,-0.16364267518073253
69,PC8,service_smb,-0.00062028538094952
69,PC8,service_smb;gssapi,-0.00011799793126443482
69,PC8,service_ssl,-0.017741136709545035
69,PC8,conn_state_OTH,0.3313548463657487
69,PC8,conn_state_REJ,0.5907044144370085
69,PC8,conn_state_RSTO,-0.017014514589579467
69,PC8,conn_state_RSTOS0,-0.0008585301685807003
69,PC8,conn_state_RSTR,-0.002341512438252037
69,PC8,conn_state_RSTRH,-0.02876678900143356
69,PC8,conn_state_S0,0.14461648158637583
69,PC8,conn_state_S1,-0.3892495802442171
69,PC8,conn_state_S2,-0.00039187090282585493
69,PC8,conn_state_S3,-0.03332596884652004
69,PC8,conn_state_SF,-0.04821987951487372
69,PC8,conn_state_SH,-0.4484365581424837
69,PC8,conn_state_SHR,-0.09807053854036593
69,PC8,dns_AA_F,0.057649690079346894
69,PC8,dns_AA_T,-0.0744363365581164
69,PC8,dns_AA_n/a,0.01678664647876927
69,PC8,dns_RD_F,0.006373632953000362
69,PC8,dns_RD_T,-0.02316027943176944
69,PC8,dns_RD_n/a,0.016786646478769287
69,PC8,dns_RA_F,0.053142505772884686
69,PC8,dns_RA_T,-0.06992915225165365
69,PC8,dns_RA_n/a,0.016786646478769287
69,PC8,dns_rejected_F,0.009445635999894172
69,PC8,dns_rejected_T,-0.026232282478663212
69,PC8,dns_rejected_n/a,0.016786646478769287
69,PC8,ssl_resumed_F,-0.006404914079574409
69,PC8,ssl_resumed_T,-0.0006448752140067701
69,PC8,ssl_resumed_n/a,0.007049789293581177
69,PC8,ssl_established_F,-0.006275652059909227
69,PC8,ssl_established_T,-0.0007741372336719482
69,PC8,ssl_established_n/a,0.007049789293581176
69,PC8,http_trans_depth_1,0.0006889458729880118
69,PC8,http_trans_depth_10,6.455043468989059e-06
69,PC8,http_trans_depth_2,0.00013300882684688623
69,PC8,http_trans_depth_6,6.455043376376333e-06
69,PC8,http_trans_depth_7,6.45504355131157e-06
69,PC8,http_trans_depth_8,6.4550434072472045e-06
69,PC8,http_trans_depth_9,6.455043355795657e-06
69,PC8,http_trans_depth_n/a,-0.0008542299169946167
69,PC8,http_method_GET,0.0009962691909392238
69,PC8,http_method_HEAD,2.266179786030836e-05
69,PC8,http_method_POST,7.073392523086042e-05
69,PC8,http_method_n/a,-0.0010896649140303928
69,PC8,http_version_1.1,0.0008795925015390465
69,PC8,http_version_n/a,-0.0008795925015390462
69,PC8,weird_addl_43,-6.485014349564557e-05
69,PC8,weird_addl_46,-0.004616297369994279
69,PC8,weird_addl_48,-0.00023166712728605853
69,PC8,weird_addl_n/a,0.004912814640775997
69,PC8,weird_notice_F,-0.006338164536693079
69,PC8,weird_notice_n/a,0.006338164536693073
69,PC9,duration,-8.802789333120056e-05
69,PC9,src_bytes,-1.8416217108720156e-05
69,PC9,dst_bytes,-1.4829520648948491e-05
69,PC9,missed_bytes,-6.353503873079286e-06
69,PC9,src_pkts,2.6316681394494834e-06
69,PC9,src_ip_bytes,7.803773433984196e-07
69,PC9,dst_pkts,-5.337026932478173e-06
69,PC9,dst_ip_bytes,-7.563213836932897e-06
69,PC9,dns_qclass,-0.018667399307603777
69,PC9,dns_qtype,0.03567437702134186
69,PC9,dns_rcode,-0.19412970910008465
69,PC9,http_request_body_len,-1.8489111981989659e-06
69,PC9,http_response_body_len,1.310046266594922e-05
69,PC9,http_status_code,-1.7942511060242694e-07
69,PC9,dns_query,0.08631004965733591
69,PC9,ssl_version,-3.78930232277086e-05
69,PC9,ssl_cipher,-3.789302322772248e-05
69,PC9,ssl_subject,3.755063305604933e-06
69,PC9,ssl_issuer,3.75506330562575e-06
69,PC9,http_uri,1.5500326370326053e-05
69,PC9,http_user_agent,1.550032637032196e-05
69,PC9,http_orig_mime_types,-4.7172950504676284e-06
69,PC9,http_resp_mime_types,-3.7610311578762344e-05
69,PC9,weird_name,0.01206631138065688
69,PC9,proto_icmp,-0.018400159046103273
69,PC9,proto_tcp,0.065120126780045
69,PC9,proto_udp,-0.04671996773394192
69,PC9,service_dce_rpc,0.0004005466300901159
69,PC9,service_dhcp,5.608062183545613e-05
69,PC9,service_dns,0.08242183822153847
69,PC9,service_ftp,0.0015450251598237766
69,PC9,service_gssapi,0.001139997673577135
69,PC9,service_http,-0.010578105711306818
69,PC9,service_n/a,-0.07764027677682996
69,PC9,service_smb,0.000349541016226914
69,PC9,service_smb;gssapi,6.64321371787599e-05
69,PC9,service_ssl,0.002238921027865933
69,PC9,conn_state_OTH,0.03613112407275858
69,PC9,conn_state_REJ,0.04453801005731348
69,PC9,conn_state_RSTO,-0.0009988383178922624
69,PC9,conn_state_RSTOS0,-8.469581015963105e-05
69,PC9,conn_state_RSTR,0.004249069788173809
69,PC9,conn_state_RSTRH,-0.0032632426384981475
69,PC9,conn_state_S0,0.10546060021320625
69,PC9,conn_state_S1,-0.060099202029574104
69,PC9,conn_state_S2,0.00067619797615069
69,PC9,conn_state_S3,0.003022539531523825
69,PC9,conn_state_SF,-0.048172793585398097
69,PC9,conn_state_SH,-0.07723303624093095
69,PC9,conn_state_SHR,-0.004225733016673107
69,PC9,dns_AA_F,-0.5099343423231961
69,PC9,dns_AA_T,0.5720772190693038
69,PC9,dns_AA_n/a,-0.06214287674610747
69,PC9,dns_RD_F,-0.16968653899685954
69,PC9,dns_RD_T,0.23182941574296695
69,PC9,dns_RD_n/a,-0.062142876746107474
69,PC9,dns_RA_F,-0.22503025173518984
69,PC9,dns_RA_T,0.28717312848129695
69,PC9,dns_RA_n/a,-0.06214287674610749
69,PC9,dns_rejected_F,0.2386484867687955
69,PC9,dns_rejected_T,-0.17650561002268858
69,PC9,dns_rejected_n/a,-0.06214287674610749
69,PC9,ssl_resumed_F,0.00028506418895206354
69,PC9,ssl_resumed_T,9.570516709507243e-05
69,PC9,ssl_resumed_n/a,-0.0003807693560471397
69,PC9,ssl_established_F,0.0002813091256464618
69,PC9,ssl_established_T,9.946023040069028e-05
69,PC9,ssl_established_n/a,-0.0003807693560471387
69,PC9,http_trans_depth_1,-1.5793227720369172e-05
69,PC9,http_trans_depth_10,-4.702011884178185e-07
69,PC9,http_trans_depth_2,1.0774800662502414e-05
69,PC9,http_trans_depth_6,-4.702012040309733e-07
69,PC9,http_trans_depth_7,-4.702011745395498e-07
69,PC9,http_trans_depth_8,-4.702011988265962e-07
69,PC9,http_trans_depth_9,-4.7020120750057455e-07
69,PC9,http_trans_depth_n/a,7.369433031177404e-06
69,PC9,http_method_GET,1.4902205790707943e-05
69,PC9,http_method_HEAD,5.785475865340497e-06
69,PC9,http_method_POST,-5.18735528572496e-06
69,PC9,http_method_n/a,-1.5500326370322367e-05
69,PC9,http_version_1.1,-6.100613054126206e-06
69,PC9,http_version_n/a,6.100613054127969e-06
69,PC9,weird_addl_43,0.0001856638439441438
69,PC9,weird_addl_46,0.010529267860108289
69,PC9,weird_addl_48,0.0002359531772872746
69,PC9,weird_addl_n/a,-0.010950884881339773
69,PC9,weird_notice_F,0.012066311380656872
69,PC9,weird_notice_n/a,-0.012066311380656865
69,PC10,duration,-3.985509443558971e-05
69,PC10,src_bytes,-5.615545240957032e-06
69,PC10,dst_bytes,-6.871182037342105e-06
69,PC10,missed_bytes,-2.6714135134518757e-06
69,PC10,src_pkts,1.5099175260692432e-06
69,PC10,src_ip_bytes,1.3928836183271787e-06
69,PC10,dst_pkts,-7.925156314120274e-07
69,PC10,dst_ip_bytes,-1.0441009094109069e-05
69,PC10,dns_qclass,-0.02190804314496204
69,PC10,dns_qtype,-0.0010434668132778893
69,PC10,dns_rcode,0.24871367449339882
69,PC10,http_request_body_len,-2.026402835864083e-06
69,PC10,http_response_body_len,-9.460746357561889e-06
69,PC10,http_status_code,-6.32765862760426e-05
69,PC10,dns_query,0.0417146153933205
69,PC10,ssl_version,0.00014031255785404428
69,PC10,ssl_cipher,0.00014031255785396102
69,PC10,ssl_subject,3.484118496155375e-06
69,PC10,ssl_issuer,3.4841184962386418e-06
69,PC10,http_uri,-0.00011542359481747644
69,PC10,http_user_agent,-0.0001154235948174708
69,PC10,http_orig_mime_types,-5.174763210542984e-06
69,PC10,http_resp_mime_types,-6.880395717038128e-05
69,PC10,weird_name,0.006837845462885423
69,PC10,proto_icmp,-0.010845417452830837
69,PC10,proto_tcp,0.03033171467169811
69,PC10,proto_udp,-0.019486297218867195
69,PC10,service_dce_rpc,0.0001137079007825903
69,PC10,service_dhcp,-6.7335677813887205e-06
69,PC10,service_dns,0.0373761153351585
69,PC10,service_ftp,0.0011515492012575488
69,PC10,service_gssapi,0.0003080584401271856
69,PC10,service_http,-0.024038767305408073
69,PC10,service_n/a,-0.01724830054028773
69,PC10,service_smb,9.09323414696291e-05
69,PC10,service_smb;gssapi,1.7269664498360247e-05
69,PC10,service_ssl,0.002236168530183383
69,PC10,conn_state_OTH,0.007872529986786123
69,PC10,conn_state_REJ,0.006901133906507061
69,PC10,conn_state_RSTO,-0.00018587766380857816
69,PC10,conn_state_RSTOS0,-1.1813534886763991e-05
69,PC10,conn_state_RSTR,-0.00012820226985896317
69,PC10,conn_state_RSTRH,-0.000642512413106481
69,PC10,conn_state_S0,0.04170883052489416
69,PC10,conn_state_S1,-0.023666444677204596
69,PC10,conn_state_S2,-0.0003829490760008486
69,PC10,conn_state_S3,-0.004052234808507581
69,PC10,conn_state_SF,0.005513628335262413
69,PC10,conn_state_SH,-0.02669263453658783
69,PC10,conn_state_SHR,-0.006233453773488108
69,PC10,dns_AA_F,-0.2765912514705305
69,PC10,dns_AA_T,0.31675820209327643
69,PC10,dns_AA_n/a,-0.040166950622746105
69,PC10,dns_RD_F,-0.15921462998861957
69,PC10,dns_RD_T,0.19938158061136577
69,PC10,dns_RD_n/a,-0.040166950622746105
69,PC10,dns_RA_F,0.41453786381778945
69,PC10,dns_RA_T,-0.3743709131950431
69,PC10,dns_RA_n/a,-0.040166950622746105
69,PC10,dns_rejected_F,-0.40864093107427635
69,PC10,dns_rejected_T,0.4488078816970226
69,PC10,dns_rejected_n/a,-0.040166950622746105
69,PC10,ssl_resumed_F,0.000545646440829416
69,PC10,ssl_resumed_T,9.051633065279097e-05
69,PC10,ssl_resumed_n/a,-0.0006361627714822089
69,PC10,ssl_established_F,0.0005421623223331989
69,PC10,ssl_established_T,9.400044914899134e-05
69,PC10,ssl_established_n/a,-0.0006361627714822021
69,PC10,http_trans_depth_1,-0.00011001313290028277
69,PC10,http_trans_depth_10,-5.184459700293362e-07
69,PC10,http_trans_depth_2,-1.252277647627712e-05
69,PC10,http_trans_depth_6,-5.18445957132986e-07
69,PC10,http_trans_depth_7,-5.18445981492762e-07
69,PC10,http_trans_depth_8,-5.184459614317967e-07
69,PC10,http_trans_depth_9,-5.184459542671611e-07
69,PC10,http_trans_depth_n/a,0.00012512813920091906
69,PC10,http_method_GET,-0.00010698495367415377
69,PC10,http_method_HEAD,-2.748983554652194e-06
69,PC10,http_method_POST,-5.68965758867522e-06
69,PC10,http_method_n/a,0.00011542359481747099
69,PC10,http_version_1.1,-0.00011491300292205743
69,PC10,http_version_n/a,0.00011491300292205628
69,PC10,weird_addl_43,9.962695571614653e-05
69,PC10,weird_addl_46,0.005757978934363206
69,PC10,weird_addl_48,0.0001095226283548162
69,PC10,weird_addl_n/a,-0.005967128518434186
69,PC10,weird_notice_F,0.006837845462885442
69,PC10,weird_notice_n/a,-0.006837845462885452
69,PC11,duration,0.000536019451818969
69,PC11,src_bytes,2.2838767900906776e-05
69,PC11,dst_bytes,2.7698997922043223e-05
69,PC11,missed_bytes,2.780599518809046e-05
69,PC11,src_pkts,-3.2206937516932044e-07
69,PC11,src_ip_bytes,-2.4220992727697066e-05
69,PC11,dst_pkts,1.0562708185835046e-05
69,PC11,dst_ip_bytes,5.371582074223391e-05
69,PC11,dns_qclass,-0.0008655434942706347
69,PC11,dns_qtype,-0.0016324100780495954
69,PC11,dns_rcode,0.003245307359684285
69,PC11,http_request_body_len,-1.8887956010349427e-06
69,PC11,http_response_body_len,6.099539491972658e-06
69,PC11,http_status_code,7.380853942717813e-05
69,PC11,dns_query,0.003532021718072431
69,PC11,ssl_version,0.00016449619077385513
69,PC11,ssl_cipher,0.00016449619077384646
69,PC11,ssl_subject,0.00020921886745306484
69,PC11,ssl_issuer,0.0002092188674530579
69,PC11,http_uri,0.00034389952078741053
69,PC11,http_user_agent,0.00034389952078741026
69,PC11,http_orig_mime_types,-4.8073973312877274e-06
69,PC11,http_resp_mime_types,2.6949679695338162e-05
69,PC11,weird_name,-0.0019645089665533515
69,PC11,proto_icmp,0.007390712109314082
69,PC11,proto_tcp,-0.0170246023214351
69,PC11,proto_udp,0.00963389021212086
69,PC11,service_dce_rpc,-6.966208219138826e-05
69,PC11,service_dhcp,-1.1133202394949394e-06
69,PC11,service_dns,-0.023416721145059553
69,PC11,service_ftp,-0.0009446514290990149
69,PC11,service_gssapi,-0.0001774116151685542
69,PC11,service_http,0.013273360805778544
69,PC11,service_n/a,0.007490542843922557
69,PC11,service_smb,2.1476910029436653e-05
69,PC11,service_smb;gssapi,4.074676783283034e-06
69,PC11,service_ssl,0.003820104355244357
69,PC11,conn_state_OTH,-0.011165118012033143
69,PC11,conn_state_REJ,-0.01244008996844456
69,PC11,conn_state_RSTO,0.0009974296999314442
69,PC11,conn_state_RSTOS0,4.026495390300849e-05
69,PC11,conn_state_RSTR,0.0015229585164416993
69,PC11,conn_state_RSTRH,0.0015283279326845736
69,PC11,conn_state_S0,-0.028792395744124743
69,PC11,conn_state_S1,0.7481801738616454
69,PC11,conn_state_S2,0.0006645200806772217
69,PC11,conn_state_S3,0.008852916759006514
69,PC11,conn_state_SF,-0.02139606590573926
69,PC11,conn_state_SH,-0.6606676649632892
69,PC11,conn_state_SHR,-0.027325257210659686
69,PC11,dns_AA_F,0.0007163293575181103
69,PC11,dns_AA_T,0.002469234519593803
69,PC11,dns_AA_n/a,-0.0031855638771120932
69,PC11,dns_RD_F,0.0015962963148614515
69,PC11,dns_RD_T,0.0015892675622505886
69,PC11,dns_RD_n/a,-0.0031855638771120976
69,PC11,dns_RA_F,0.0010396143729072848
69,PC11,dns_RA_T,0.0021459495042051844
69,PC11,dns_RA_n/a,-0.0031855638771120937
69,PC11,dns_rejected_F,-0.0004622471064144169
69,PC11,dns_rejected_T,0.0036478109835264864
69,PC11,dns_rejected_n/a,-0.0031855638771121006
69,PC11,ssl_resumed_F,-8.983367696507101e-05
69,PC11,ssl_resumed_T,2.70208926768924e-05
69,PC11,ssl_resumed_n/a,6.28127842881694e-05
69,PC11,ssl_established_F,-0.0002990525444181094
69,PC11,ssl_established_T,0.0002362397601299419
69,PC11,ssl_established_n/a,6.281278428817319e-05
69,PC11,http_trans_depth_1,0.00032440604760280734
69,PC11,http_trans_depth_10,-4.773927527435143e-07
69,PC11,http_trans_depth_2,3.482545160432977e-06
69,PC11,http_trans_depth_6,-4.773927625391054e-07
69,PC11,http_trans_depth_7,-4.773927440363714e-07
69,PC11,http_trans_depth_8,-4.773927592739252e-07
69,PC11,http_trans_depth_9,-4.773927647159812e-07
69,PC11,http_trans_depth_n/a,-0.00032550162897994025
69,PC11,http_method_GET,0.000345656687371828
69,PC11,http_method_HEAD,3.5308488225564287e-06
69,PC11,http_method_POST,-5.2880154069803765e-06
69,PC11,http_method_n/a,-0.0003438995207874085
69,PC11,http_version_1.1,0.00010906942077396307
69,PC11,http_version_n/a,-0.00010906942077396261
69,PC11,weird_addl_43,-1.3405368775419279e-05
69,PC11,weird_addl_46,-0.001195569151909555
69,PC11,weird_addl_48,-8.009769550216774e-05
69,PC11,weird_addl_n/a,0.0012890722161871622
69,PC11,weird_notice_F,-0.001964508966553358
69,PC11,weird_notice_n/a,0.0019645089665533745
69,PC12,duration,0.000442530149595447
69,PC12,src_bytes,2.0340344282276934e-05
69,PC12,dst_bytes,8.03247079636249e-05
69,PC12,missed_bytes,4.0134927421373034e-05
69,PC12,src_pkts,9.803435220807899e-05
69,PC12,src_ip_bytes,4.6102941678033416e-06
69,PC12,dst_pkts,-7.714479498649451e-05
69,PC12,dst_ip_bytes,1.1862354211633619e-05
69,PC12,dns_qclass,0.010876257200446347
69,PC12,dns_qtype,0.04528404507270184
69,PC12,dns_rcode,-0.05913442159034654
69,PC12,http_request_body_len,2.4190795048589786e-05
69,PC12,http_response_body_len,0.0003256592473167008
69,PC12,http_status_code,0.0011792586150122797
69,PC12,dns_query,0.03202319409660104
69,PC12,ssl_version,-0.010178978989820175
69,PC12,ssl_cipher,-0.010178978989820134
69,PC12,ssl_subject,-8.235874031367607e-05
69,PC12,ssl_issuer,-8.235874031365872e-05
69,PC12,http_uri,0.002798951300479314
69,PC12,http_user_agent,0.002798951300479304
69,PC12,http_orig_mime_types,6.18355104775541e-05
69,PC12,http_resp_mime_types,0.0009095659777884167
69,PC12,weird_name,-0.019549612849328636
69,PC12,proto_icmp,0.17239168730208967
69,PC12,proto_tcp,-0.2781105021562657
69,PC12,proto_udp,0.10571881485417625
69,PC12,service_dce_rpc,0.00018028015488403025
69,PC12,service_dhcp,0.0004373970466910989
69,PC12,service_dns,-0.27430689921937346
69,PC12,service_ftp,-0.021000798159475878
69,PC12,service_gssapi,0.0009953838379582062
69,PC12,service_http,0.4118890130804669
69,PC12,service_n/a,-0.06901443890775819
69,PC12,service_smb,0.0004324532646071968
69,PC12,service_smb;gssapi,8.194408997641322e-05
69,PC12,service_ssl,-0.04969433518797482
69,PC12,conn_state_OTH,0.04228135950900668
69,PC12,conn_state_REJ,0.08630849515093006
69,PC12,conn_state_RSTO,-0.0062786647359603055
69,PC12,conn_state_RSTOS0,-0.00040020944591518184
69,PC12,conn_state_RSTR,0.03786827969219794
69,PC12,conn_state_RSTRH,-0.013961011907630218
69,PC12,conn_state_S0,-0.26023329551808433
69,PC12,conn_state_S1,0.27457271910505004
69,PC12,conn_state_S2,0.015348768003092941
69,PC12,conn_state_S3,0.16361694376258407
69,PC12,conn_state_SF,-0.3796332118600813
69,PC12,conn_state_SH,0.37633173745465065
69,PC12,conn_state_SHR,-0.33582190920983895
69,PC12,dns_AA_F,-0.04004119583192835
69,PC12,dns_AA_T,0.06491630045464597
69,PC12,dns_AA_n/a,-0.02487510462271712
69,PC12,dns_RD_F,-0.06048929599707604
69,PC12,dns_RD_T,0.0853644006197929
69,PC12,dns_RD_n/a,-0.024875104622717126
69,PC12,dns_RA_F,0.09013107930159062
69,PC12,dns_RA_T,-0.06525597467887397
69,PC12,dns_RA_n/a,-0.024875104622717154
69,PC12,dns_rejected_F,0.07273008357477193
69,PC12,dns_rejected_T,-0.047854978952054573
69,PC12,dns_rejected_n/a,-0.024875104622717133
69,PC12,ssl_resumed_F,-0.020847399433528917
69,PC12,ssl_resumed_T,-0.0021692112037644106
69,PC12,ssl_resumed_n/a,0.02301661063729334
69,PC12,ssl_established_F,-0.020765040693215258
69,PC12,ssl_established_T,-0.0022515699440780724
69,PC12,ssl_established_n/a,0.023016610637293364
69,PC12,http_trans_depth_1,0.001925900642134065
69,PC12,http_trans_depth_10,6.277834670098565e-06
69,PC12,http_trans_depth_2,0.0003670747515625678
69,PC12,http_trans_depth_6,6.27783405137831e-06
69,PC12,http_trans_depth_7,6.277835220072625e-06
69,PC12,http_trans_depth_8,6.277834257618345e-06
69,PC12,http_trans_depth_9,6.277833913884557e-06
69,PC12,http_trans_depth_n/a,-0.002324364565809669
69,PC12,http_method_GET,0.0026062759136698975
69,PC12,http_method_HEAD,0.0001246985739038671
69,PC12,http_method_POST,6.797681290555076e-05
69,PC12,http_method_n/a,-0.002798951300479308
69,PC12,http_version_1.1,0.00201766221553592
69,PC12,http_version_n/a,-0.002017662215535921
69,PC12,weird_addl_43,-0.0001327808275748866
69,PC12,weird_addl_46,-0.013772239813214147
69,PC12,weird_addl_48,-0.0009213559646487417
69,PC12,weird_addl_n/a,0.014826376605437865
69,PC12,weird_notice_F,-0.0195496128493286
69,PC12,weird_notice_n/a,0.01954961284932861
69,PC13,duration,7.538301417497572e-05
69,PC13,src_bytes,0.001617236589886075
69,PC13,dst_bytes,0.001893149411436236
69,PC13,missed_bytes,0.0005131480668809345
69,PC13,src_pkts,-9.108482524377952e-05
69,PC13,src_ip_bytes,-1.6691041025002074e-08
69,PC13,dst_pkts,5.021585418375405e-05
69,PC13,dst_ip_bytes,-1.971786515882895e-05
69,PC13,dns_qclass,-0.0048234810518613565
69,PC13,dns_qtype,-0.02685525605826556
69,PC13,dns_rcode,0.07793544970126076
69,PC13,http_request_body_len,-3.575113217126058e-05
69,PC13,http_response_body_len,2.4415283527465248e-05
69,PC13,http_status_code,0.00010013458183720948
69,PC13,dns_query,0.018073123872193647
69,PC13,ssl_version,0.00402500023579651
69,PC13,ssl_cipher,0.00402500023579648
69,PC13,ssl_subject,2.0145599307516e-05
69,PC13,ssl_issuer,2.014559930751947e-05
69,PC13,http_uri,-0.00010244439176054776
69,PC13,http_user_agent,-0.00010244439176043674
69,PC13,http_orig_mime_types,-9.119387078845853e-05
69,PC13,http_resp_mime_types,-0.00022059338628854092
69,PC13,weird_name,-0.006235034669233286
69,PC13,proto_icmp,-0.12311033757684928
69,PC13,proto_tcp,0.05618877465319743
69,PC13,proto_udp,0.06692156292365166
69,PC13,service_dce_rpc,-0.000528812274411482
69,PC13,service_dhcp,-0.0001396990179898333
69,PC13,service_dns,-0.06452799102098111
69,PC13,service_ftp,0.006686712764330867
69,PC13,service_gssapi,-0.001491495751947988
69,PC13,service_http,-0.0299717910677785
69,PC13,service_n/a,0.04140499808722432
69,PC13,service_smb,0.0019061558146286634
69,PC13,service_smb;gssapi,0.0003591173894131014
69,PC13,service_ssl,0.046302805077512395
69,PC13,conn_state_OTH,-0.1191252761567221
69,PC13,conn_state_REJ,-0.14114084800780205
69,PC13,conn_state_RSTO,0.0328798233413055
69,PC13,conn_state_RSTOS0,0.0011941545301337988
69,PC13,conn_state_RSTR,0.03339932304929891
69,PC13,conn_state_RSTRH,0.05302899865754085
69,PC13,conn_state_S0,-0.11591627874883861
69,PC13,conn_state_S1,-0.2314656723072511
69,PC13,conn_state_S2,0.008927366481927233
69,PC13,conn_state_S3,0.8672938079652078
69,PC13,conn_state_SF,-0.0954634221469772
69,PC13,conn_state_SH,-0.2323368665196654
69,PC13,conn_state_SHR,-0.06127511013815706
69,PC13,dns_AA_F,0.012756292090276527
69,PC13,dns_AA_T,0.014589035589163978
69,PC13,dns_AA_n/a,-0.02734532767944049
69,PC13,dns_RD_F,0.06978502826489585
69,PC13,dns_RD_T,-0.042439700585455285
69,PC13,dns_RD_n/a,-0.0273453276794405
69,PC13,dns_RA_F,-0.07220198846098243
69,PC13,dns_RA_T,0.09954731614042316
69,PC13,dns_RA_n/a,-0.027345327679440496
69,PC13,dns_rejected_F,-0.056260731446628964
69,PC13,dns_rejected_T,0.0836060591260695
69,PC13,dns_rejected_n/a,-0.027345327679440493
69,PC13,ssl_resumed_F,0.008139530933335262
69,PC13,ssl_resumed_T,0.0010553747684510263
69,PC13,ssl_resumed_n/a,-0.009194905701786322
69,PC13,ssl_established_F,0.008119385334027751
69,PC13,ssl_established_T,0.0010755203677585245
69,PC13,ssl_established_n/a,-0.009194905701786335
69,PC13,http_trans_depth_1,9.155396171984694e-05
69,PC13,http_trans_depth_10,-9.157255409841504e-06
69,PC13,http_trans_depth_2,-2.7631906932987173e-05
69,PC13,http_trans_depth_6,-9.157255489215044e-06
69,PC13,http_trans_depth_7,-9.157255339287268e-06
69,PC13,http_trans_depth_8,-9.157255462757192e-06
69,PC13,http_trans_depth_9,-9.15725550685362e-06
69,PC13,http_trans_depth_n/a,-1.8135777578903892e-05
69,PC13,http_method_GET,-0.00018179013623352197
69,PC13,http_method_HEAD,0.00017961586348303369
69,PC13,http_method_POST,-0.00010027011900973552
69,PC13,http_method_n/a,0.00010244439176021271
69,PC13,http_version_1.1,-4.145386654219151e-05
69,PC13,http_version_n/a,4.145386654219551e-05
69,PC13,weird_addl_43,-4.143075813715009e-05
69,PC13,weird_addl_46,-0.005069972100797525
69,PC13,weird_addl_48,-0.00033404632493585324
69,PC13,weird_addl_n/a,0.005445449183870545
69,PC13,weird_notice_F,-0.006235034669233263
69,PC13,weird_notice_n/a,0.006235034669233258
69,PC14,duration,0.0016946268825491582
69,PC14,src_bytes,0.00032029807517036657
69,PC14,dst_bytes,0.0003486350248322334
69,PC14,missed_bytes,8.574247683645897e-05
69,PC14,src_pkts,0.0006470395405223928
69,PC14,src_ip_bytes,7.400661017485655e-05
69,PC14,dst_pkts,0.00017598974763995134
69,PC14,dst_ip_bytes,0.00011841576600424286
69,PC14,dns_qclass,8.251801579362006e-05
69,PC14,dns_qtype,-0.0019081286383378915
69,PC14,dns_rcode,0.006074854528855297
69,PC14,http_request_body_len,-1.3468395131666089e-05
69,PC14,http_response_body_len,-8.749999727869495e-05
69,PC14,http_status_code,-0.0002952767386959626
69,PC14,dns_query,-0.0012388414665723824
69,PC14,ssl_version,0.010128082236565888
69,PC14,ssl_cipher,0.01012808223656575
69,PC14,ssl_subject,0.00021973797971001213
69,PC14,ssl_issuer,0.0002197379797100234
69,PC14,http_uri,-0.0008652696170793478
69,PC14,http_user_agent,-0.0008652696170793617
69,PC14,http_orig_mime_types,-3.4435724149132346e-05
69,PC14,http_resp_mime_types,-0.00027619675162139385
69,PC14,weird_name,0.009994354418215768
69,PC14,proto_icmp,0.7824177769067512
69,PC14,proto_tcp,-0.31707001309726646
69,PC14,proto_udp,-0.4653477638094822
69,PC14,service_dce_rpc,-0.0004328381755943042
69,PC14,service_dhcp,-0.0003055813263271351
69,PC14,service_dns,0.04571219464318114
69,PC14,service_ftp,0.01743594398243241
69,PC14,service_gssapi,-0.0015044890157526285
69,PC14,service_http,-0.1158391168740416
69,PC14,service_n/a,-0.002240098344379005
69,PC14,service_smb,0.001025351280425306
69,PC14,service_smb;gssapi,0.00019297174514692464
69,PC14,service_ssl,0.055955662084907695
69,PC14,conn_state_OTH,-0.09049526904816882
69,PC14,conn_state_REJ,-0.057989375192152116
69,PC14,conn_state_RSTO,0.017538626128921323
69,PC14,conn_state_RSTOS0,0.0005663411833200731
69,PC14,conn_state_RSTR,0.003663777017573253
69,PC14,conn_state_RSTRH,0.024693356235219423
69,PC14,conn_state_S0,0.0526800662032103
69,PC14,conn_state_S1,-0.08313518750760254
69,PC14,conn_state_S2,-0.0024829229972561195
69,PC14,conn_state_S3,0.10611722698967098
69,PC14,conn_state_SF,0.05220303836369653
69,PC14,conn_state_SH,-0.09031144678847194
69,PC14,conn_state_SHR,0.06695176941203883
69,PC14,dns_AA_F,0.0008932365164846442
69,PC14,dns_AA_T,0.0005129740614664841
69,PC14,dns_AA_n/a,-0.0014062105779512049
69,PC14,dns_RD_F,0.005674434479779778
69,PC14,dns_RD_T,-0.004268223901828477
69,PC14,dns_RD_n/a,-0.0014062105779511828
69,PC14,dns_RA_F,-0.00704111122835787
69,PC14,dns_RA_T,0.008447321806309265
69,PC14,dns_RA_n/a,-0.0014062105779511745
69,PC14,dns_rejected_F,-0.0055295203699573595
69,PC14,dns_rejected_T,0.006935730947908603
69,PC14,dns_rejected_n/a,-0.0014062105779511802
69,PC14,ssl_resumed_F,0.021582138858655293
69,PC14,ssl_resumed_T,0.00249775396519447
69,PC14,ssl_resumed_n/a,-0.02407989282384981
69,PC14,ssl_established_F,0.02136240087894529
69,PC14,ssl_established_T,0.0027174919449044926
69,PC14,ssl_established_n/a,-0.024079892823849813
69,PC14,http_trans_depth_1,-0.00048284229510646084
69,PC14,http_trans_depth_10,-3.5172346346018076e-06
69,PC14,http_trans_depth_2,-0.00010905153426096313
69,PC14,http_trans_depth_6,-3.517234328546137e-06
69,PC14,http_trans_depth_7,-3.5172349066514257e-06
69,PC14,http_trans_depth_8,-3.517234430564684e-06
69,PC14,http_trans_depth_9,-3.5172342605336737e-06
69,PC14,http_trans_depth_n/a,0.0006094800019283184
69,PC14,http_method_GET,-0.0008183188952843763
69,PC14,http_method_HEAD,-9.100294233765171e-06
69,PC14,http_method_POST,-3.785042756121659e-05
69,PC14,http_method_n/a,0.0008652696170793578
69,PC14,http_version_1.1,-0.000521168561235816
69,PC14,http_version_n/a,0.0005211685612358147
69,PC14,weird_addl_43,7.093452643167609e-05
69,PC14,weird_addl_46,0.0060601406217501725
69,PC14,weird_addl_48,0.0003169282353743715
69,PC14,weird_addl_n/a,-0.006448003383556281
69,PC14,weird_notice_F,0.009994354418215745
69,PC14,weird_notice_n/a,-0.009994354418215778
69,PC15,duration,-0.00016851622753384063
69,PC15,src_bytes,-0.0004929295488944989
69,PC15,dst_bytes,-0.0005116522458681258
69,PC15,missed_bytes,-0.00013190228080185717
69,PC15,src_pkts,-6.236718128947369e-05
69,PC15,src_ip_bytes,-5.4215138142656855e-05
69,PC15,dst_pkts,-0.0001285903566618108
69,PC15,dst_ip_bytes,-0.00013491001225532026
69,PC15,dns_qclass,0.09345015544589239
69,PC15,dns_qtype,0.28662034225093347
69,PC15,dns_rcode,0.2314993084207594
69,PC15,http_request_body_len,1.4171672823998227e-05
69,PC15,http_response_body_len,0.00022692909704823822
69,PC15,http_status_code,0.0007026114018530843
69,PC15,dns_query,0.05438855758970899
69,PC15,ssl_version,-0.020765184901399836
69,PC15,ssl_cipher,-0.02076518490139989
69,PC15,ssl_subject,-0.0004920722042714015
69,PC15,ssl_issuer,-0.0004920722042712766
69,PC15,http_uri,0.0016545435570405331
69,PC15,http_user_agent,0.0016545435570406442
69,PC15,http_orig_mime_types,3.634277253183882e-05
69,PC15,http_resp_mime_types,0.00044805919664539506
69,PC15,weird_name,-0.03883189527261764
69,PC15,proto_icmp,0.03735114982897762
69,PC15,proto_tcp,0.0013510981570024373
69,PC15,proto_udp,-0.0387022479859804
69,PC15,service_dce_rpc,0.0010870938829238533
69,PC15,service_dhcp,0.0003471433289405853
69,PC15,service_dns,0.05463213148605232
69,PC15,service_ftp,-0.014177637837666708
69,PC15,service_gssapi,0.0035637920126440634
69,PC15,service_http,0.11820165028900663
69,PC15,service_n/a,-0.06516472451399469
69,PC15,service_smb,0.0014048634625985629
69,PC15,service_smb;gssapi,0.00026296293282066776
69,PC15,service_ssl,-0.1001572750433247
69,PC15,conn_state_OTH,0.04792911444131975
69,PC15,conn_state_REJ,0.05233282442768376
69,PC15,conn_state_RSTO,-0.025319200639780496
69,PC15,conn_state_RSTOS0,-0.0008288586920356668
69,PC15,conn_state_RSTR,0.03716178274377863
69,PC15,conn_state_RSTRH,-0.03882928153446481
69,PC15,conn_state_S0,0.086792514294049
69,PC15,conn_state_S1,0.05795216220249092
69,PC15,conn_state_S2,0.01197021205449963
69,PC15,conn_state_S3,-0.12608159370114957
69,PC15,conn_state_SF,-0.1341927202615896
69,PC15,conn_state_SH,0.06962237165847689
69,PC15,conn_state_SHR,-0.03850932699327901
69,PC15,dns_AA_F,0.01495374841566976
69,PC15,dns_AA_T,0.06521185300597987
69,PC15,dns_AA_n/a,-0.08016560142164869
69,PC15,dns_RD_F,0.28377634642399147
69,PC15,dns_RD_T,-0.20361074500234208
69,PC15,dns_RD_n/a,-0.08016560142164869
69,PC15,dns_RA_F,-0.3601600453326523
69,PC15,dns_RA_T,0.4403256467543023
69,PC15,dns_RA_n/a,-0.08016560142164868
69,PC15,dns_rejected_F,-0.3226550049601984
69,PC15,dns_rejected_T,0.40282060638185013
69,PC15,dns_rejected_n/a,-0.08016560142164869
69,PC15,ssl_resumed_F,-0.045488907274508335
69,PC15,ssl_resumed_T,-0.0048661720316682255
69,PC15,ssl_resumed_n/a,0.0503550793061766
69,PC15,ssl_established_F,-0.044996835070237017
69,PC15,ssl_established_T,-0.005358244235939631
69,PC15,ssl_established_n/a,0.05035507930617665
69,PC15,http_trans_depth_1,0.0011396498533266602
69,PC15,http_trans_depth_10,3.764781928134474e-06
69,PC15,http_trans_depth_2,0.00025305809732927345
69,PC15,http_trans_depth_6,3.7647808479163436e-06
69,PC15,http_trans_depth_7,3.764782888328485e-06
69,PC15,http_trans_depth_8,3.7647812079890076e-06
69,PC15,http_trans_depth_9,3.7647806078676836e-06
69,PC15,http_trans_depth_n/a,-0.0014115318581361678
69,PC15,http_method_GET,0.0015541932176204045
69,PC15,http_method_HEAD,6.042328903926376e-05
69,PC15,http_method_POST,3.992705038076037e-05
69,PC15,http_method_n/a,-0.0016545435570404269
69,PC15,http_version_1.1,0.001233610216063687
69,PC15,http_version_n/a,-0.0012336102160636852
69,PC15,weird_addl_43,-0.0002729029642069011
69,PC15,weird_addl_46,-0.027666981227576576
69,PC15,weird_addl_48,-0.0012688266334146764
69,PC15,weird_addl_n/a,0.029208710825198353
69,PC15,weird_notice_F,-0.03883189527261754
69,PC15,weird_notice_n/a,0.03883189527261753
69,PC16,duration,9.955052805049693e-05
69,PC16,src_bytes,-0.00014712458201692272
69,PC16,dst_bytes,-0.00019387487375364248
69,PC16,missed_bytes,-8.859415426685016e-05
69,PC16,src_pkts,-0.00017484117846781194
69,PC16,src_ip_bytes,-8.916587683955625e-05
69,PC16,dst_pkts,-0.0002941927385886039
69,PC16,dst_ip_bytes,-0.00021069916524663548
69,PC16,dns_qclass,0.015504668025698467
69,PC16,dns_qtype,0.11492418717547728
69,PC16,dns_rcode,-0.02152806736615329
69,PC16,http_request_body_len,-4.7332395298888e-05
69,PC16,http_response_body_len,9.813303467777479e-05
69,PC16,http_status_code,-0.0012443219819800932
69,PC16,dns_query,0.017802903226400726
69,PC16,ssl_version,0.10205140942523055
69,PC16,ssl_cipher,0.10205140942522958
69,PC16,ssl_subject,0.003608180949741052
69,PC16,ssl_issuer,0.003608180949741052
69,PC16,http_uri,-0.0014355690275274944
69,PC16,http_user_agent,-0.0014355690275274224
69,PC16,http_orig_mime_types,-0.0001224979339934048
69,PC16,http_resp_mime_types,-0.0021614561554758605
69,PC16,weird_name,-0.10717920157701288
69,PC16,proto_icmp,-0.039040326653272395
69,PC16,proto_tcp,-0.005505280869814555
69,PC16,proto_udp,0.04454560752308648
69,PC16,service_dce_rpc,0.007094636685106764
69,PC16,service_dhcp,0.0034944900250682264
69,PC16,service_dns,-0.13135445716421212
69,PC16,service_ftp,0.1325685588824806
69,PC16,service_gssapi,0.01988045829421283
69,PC16,service_http,-0.2792509962959114
69,PC16,service_n/a,-0.31858862939249266
69,PC16,service_smb,0.015170398228510894
69,PC16,service_smb;gssapi,0.002830720454928747
69,PC16,service_ssl,0.5481548202823091
69,PC16,conn_state_OTH,0.018846965022982023
69,PC16,conn_state_REJ,0.02095092296980478
69,PC16,conn_state_RSTO,0.09181433042366319
69,PC16,conn_state_RSTOS0,-0.0007450736524633713
69,PC16,conn_state_RSTR,0.2189668617343753
69,PC16,conn_state_RSTRH,-0.01726350046562551
69,PC16,conn_state_S0,-0.020113540347472477
69,PC16,conn_state_S1,0.014895906100220733
69,PC16,conn_state_S2,0.004200498945290344
69,PC16,conn_state_S3,-0.08029411518880625
69,PC16,conn_state_SF,-0.04282173107275303
69,PC16,conn_state_SH,0.026858570873387968
69,PC16,conn_state_SHR,-0.23529609534260337
69,PC16,dns_AA_F,-0.012185732725038891
69,PC16,dns_AA_T,-0.013902826922287025
69,PC16,dns_AA_n/a,0.026088559647326304
69,PC16,dns_RD_F,0.005673330214594128
69,PC16,dns_RD_T,-0.03176188986192031
69,PC16,dns_RD_n/a,0.026088559647326294
69,PC16,dns_RA_F,-0.04187696107729501
69,PC16,dns_RA_T,0.015788401429968908
69,PC16,dns_RA_n/a,0.026088559647326284
69,PC16,dns_rejected_F,-0.05502424884677638
69,PC16,dns_rejected_T,0.028935689199450932
69,PC16,dns_rejected_n/a,0.026088559647326287
69,PC16,ssl_resumed_F,0.23958625974592843
69,PC16,ssl_resumed_T,0.03102274536684189
69,PC16,ssl_resumed_n/a,-0.2706090051127708
69,PC16,ssl_established_F,0.23597807879618776
69,PC16,ssl_established_T,0.03463092631658296
69,PC16,ssl_established_n/a,-0.27060900511277103
69,PC16,http_trans_depth_1,-0.0023445538365500906
69,PC16,http_trans_depth_10,-1.213921806504863e-05
69,PC16,http_trans_depth_2,3.6862662454256104e-05
69,PC16,http_trans_depth_6,-1.2139218603219443e-05
69,PC16,http_trans_depth_7,-1.213921758667502e-05
69,PC16,http_trans_depth_8,-1.2139218423829e-05
69,PC16,http_trans_depth_9,-1.2139218722812785e-05
69,PC16,http_trans_depth_n/a,0.0023683872654974036
69,PC16,http_method_GET,-0.0013374344530242218
69,PC16,http_method_HEAD,3.627352982199341e-05
69,PC16,http_method_POST,-0.00013440810432527314
69,PC16,http_method_n/a,0.001435569027527507
69,PC16,http_version_1.1,-0.0023592677286614462
69,PC16,http_version_n/a,0.002359267728661447
69,PC16,weird_addl_43,-0.0010885569665007356
69,PC16,weird_addl_46,-0.09012257689725342
69,PC16,weird_addl_48,-0.004183462197263652
69,PC16,weird_addl_n/a,0.09539459606101851
69,PC16,weird_notice_F,-0.10717920157701268
69,PC16,weird_notice_n/a,0.10717920157701269
69,PC17,duration,0.000730689448008828
69,PC17,src_bytes,-7.618405626294567e-05
69,PC17,dst_bytes,-9.532282427573979e-05
69,PC17,missed_bytes,-2.9365819001342386e-05
69,PC17,src_pkts,0.0011109781840381028
69,PC17,src_ip_bytes,0.000506454315872984
69,PC17,dst_pkts,0.0005952835883413915
69,PC17,dst_ip_bytes,0.0009763806878787858
69,PC17,dns_qclass,0.020900416283867962
69,PC17,dns_qtype,0.0046929130168192335
69,PC17,dns_rcode,0.022517005473491947
69,PC17,http_request_body_len,1.1620150211666402e-05
69,PC17,http_response_body_len,0.0001284963116075788
69,PC17,http_status_code,0.0008174136837262608
69,PC17,dns_query,0.02119662796164523
69,PC17,ssl_version,0.025435626355864493
69,PC17,ssl_cipher,0.025435626355864493
69,PC17,ssl_subject,0.0008483000094481885
69,PC17,ssl_issuer,0.0008483000094481399
69,PC17,http_uri,0.00198302680765039
69,PC17,http_user_agent,0.0019830268076504037
69,PC17,http_orig_mime_types,3.072547710936124e-05
69,PC17,http_resp_mime_types,0.0012151190790380476
69,PC17,weird_name,0.46556958078246335
69,PC17,proto_icmp,-0.014333814495330333
69,PC17,proto_tcp,-0.00220486861181457
69,PC17,proto_udp,0.016538683107144767
69,PC17,service_dce_rpc,0.0014024508759584659
69,PC17,service_dhcp,0.0006649326530612488
69,PC17,service_dns,-0.061785276558358304
69,PC17,service_ftp,0.019414953444439973
69,PC17,service_gssapi,0.0040556274388550044
69,PC17,service_http,-0.02315733500959338
69,PC17,service_n/a,-0.06158270406613923
69,PC17,service_smb,0.002922892981455311
69,PC17,service_smb;gssapi,0.0005447956415146817
69,PC17,service_ssl,0.11751966259880724
69,PC17,conn_state_OTH,0.017515334960709922
69,PC17,conn_state_REJ,0.018776150266494363
69,PC17,conn_state_RSTO,0.017289886580608364
69,PC17,conn_state_RSTOS0,0.0015906902478421703
69,PC17,conn_state_RSTR,0.05095969825902576
69,PC17,conn_state_RSTRH,-0.019557644505221294
69,PC17,conn_state_S0,0.003939319729798425
69,PC17,conn_state_S1,0.01942432163016245
69,PC17,conn_state_S2,0.0021928982234351658
69,PC17,conn_state_S3,-0.015637622700732184
69,PC17,conn_state_SF,-0.02528236248707911
69,PC17,conn_state_SH,0.0225866229331323
69,PC17,conn_state_SHR,-0.09379729313817484
69,PC17,dns_AA_F,0.019211700910785393
69,PC17,dns_AA_T,-0.014085282820324545
69,PC17,dns_AA_n/a,-0.005126418090461226
69,PC17,dns_RD_F,0.032617444447753406
69,PC17,dns_RD_T,-0.027491026357292368
69,PC17,dns_RD_n/a,-0.005126418090461249
69,PC17,dns_RA_F,-0.03991339450984446
69,PC17,dns_RA_T,0.045039812600305734
69,PC17,dns_RA_n/a,-0.005126418090461238
69,PC17,dns_rejected_F,-0.036552505271806784
69,PC17,dns_rejected_T,0.04167892336226819
69,PC17,dns_rejected_n/a,-0.005126418090461249
69,PC17,ssl_resumed_F,0.06089698459350107
69,PC17,ssl_resumed_T,0.006936212370262199
69,PC17,ssl_resumed_n/a,-0.06783319696376332
69,PC17,ssl_established_F,0.060048684584052964
69,PC17,ssl_established_T,0.007784512379710332
69,PC17,ssl_established_n/a,-0.06783319696376336
69,PC17,http_trans_depth_1,0.0014385356729690053
69,PC17,http_trans_depth_10,3.377671299374315e-06
69,PC17,http_trans_depth_2,0.00014590780239353144
69,PC17,http_trans_depth_6,3.3776705618560523e-06
69,PC17,http_trans_depth_7,3.3776719549461345e-06
69,PC17,http_trans_depth_8,3.3776708076951713e-06
69,PC17,http_trans_depth_9,3.3776703979627664e-06
69,PC17,http_trans_depth_n/a,-0.0016013318303843655
69,PC17,http_method_GET,0.0019121617846027793
69,PC17,http_method_HEAD,3.7248046442057095e-05
69,PC17,http_method_POST,3.3616976605578956e-05
69,PC17,http_method_n/a,-0.00198302680765042
69,PC17,http_version_1.1,0.0015418570524771177
69,PC17,http_version_n/a,-0.0015418570524771086
69,PC17,weird_addl_43,0.003973007966598208
69,PC17,weird_addl_46,0.3657764636412247
69,PC17,weird_addl_48,0.017165477440348506
69,PC17,weird_addl_n/a,-0.38691494904817425
69,PC17,weird_notice_F,0.4655695807824625
69,PC17,weird_notice_n/a,-0.46556958078246247
69,PC18,duration,-2.3878729123712298e-05
69,PC18,src_bytes,0.00041562794793470427
69,PC18,dst_bytes,0.0004445714863920659
69,PC18,missed_bytes,0.0001264760869959993
69,PC18,src_pkts,5.250657588520271e-05
69,PC18,src_ip_bytes,3.595266811117761e-05
69,PC18,dst_pkts,2.802128043864283e-05
69,PC18,dst_ip_bytes,2.2981307834407314e-05
69,PC18,dns_qclass,-0.20173599909962708
69,PC18,dns_qtype,0.8792194567764361
69,PC18,dns_rcode,-0.22652821608449747
69,PC18,http_request_body_len,-2.8831217722308927e-05
69,PC18,http_response_body_len,-0.00048159689834124594
69,PC18,http_status_code,-0.0017226950827733825
69,PC18,dns_query,0.025078001424817937
69,PC18,ssl_version,-0.0018111284287224017
69,PC18,ssl_cipher,-0.0018111284287223167
69,PC18,ssl_subject,-0.00010676691254718051
69,PC18,ssl_issuer,-0.00010676691254717444
69,PC18,http_uri,-0.003278067551445422
69,PC18,http_user_agent,-0.0032780675514454717
69,PC18,http_orig_mime_types,-7.456340178641288e-05
69,PC18,http_resp_mime_types,-0.001216321301964307
69,PC18,weird_name,0.021363351177755535
69,PC18,proto_icmp,-0.011772866324176907
69,PC18,proto_tcp,-0.004111466260214566
69,PC18,proto_udp,0.015884332584388094
69,PC18,service_dce_rpc,-0.0018656718640429615
69,PC18,service_dhcp,-0.0008920012481570261
69,PC18,service_dns,0.04988574987404809
69,PC18,service_ftp,-0.04988420304438322
69,PC18,service_gssapi,-0.005844789363328377
69,PC18,service_http,-0.04499443488778577
69,PC18,service_n/a,0.06745305133822893
69,PC18,service_smb,-0.01176560625033338
69,PC18,service_smb;gssapi,-0.0021765302896705283
69,PC18,service_ssl,8.443573542842443e-05
69,PC18,conn_state_OTH,0.007692463709976903
69,PC18,conn_state_REJ,0.008054148044611948
69,PC18,conn_state_RSTO,-0.022521230152887865
69,PC18,conn_state_RSTOS0,-6.275294387824019e-05
69,PC18,conn_state_RSTR,-0.21752303155277958
69,PC18,conn_state_RSTRH,-0.018086408851130477
69,PC18,conn_state_S0,-0.018542109477552502
69,PC18,conn_state_S1,0.01724583046604706
69,PC18,conn_state_S2,-0.024967498855175796
69,PC18,conn_state_S3,0.11238389093786881
69,PC18,conn_state_SF,0.12668867511318221
69,PC18,conn_state_SH,0.009807279164742073
69,PC18,conn_state_SHR,0.019830744396974905
69,PC18,dns_AA_F,0.027396564381898674
69,PC18,dns_AA_T,-0.0668882786142173
69,PC18,dns_AA_n/a,0.039491714232320715
69,PC18,dns_RD_F,-0.10358190874028163
69,PC18,dns_RD_T,0.0640901945079604
69,PC18,dns_RD_n/a,0.039491714232320715
69,PC18,dns_RA_F,0.06249013451834153
69,PC18,dns_RA_T,-0.10198184875066019
69,PC18,dns_RA_n/a,0.03949171423232071
69,PC18,dns_rejected_F,-0.012120330562129798
69,PC18,dns_rejected_T,-0.02737138367018612
69,PC18,dns_rejected_n/a,0.03949171423232071
69,PC18,ssl_resumed_F,-0.0011329140711455925
69,PC18,ssl_resumed_T,-0.0019472216437132134
69,PC18,ssl_resumed_n/a,0.0030801357148588855
69,PC18,ssl_established_F,-0.001026147158598459
69,PC18,ssl_established_T,-0.002053988556260399
69,PC18,ssl_established_n/a,0.0030801357148589068
69,PC18,http_trans_depth_1,-0.0027111949383877352
69,PC18,http_trans_depth_10,-7.689445427597332e-06
69,PC18,http_trans_depth_2,-0.0005351165492462233
69,PC18,http_trans_depth_6,-7.689441833814754e-06
69,PC18,http_trans_depth_7,-7.689448622071563e-06
69,PC18,http_trans_depth_8,-7.68944303174207e-06
69,PC18,http_trans_depth_9,-7.689441035196086e-06
69,PC18,http_trans_depth_n/a,0.0032847587075843813
69,PC18,http_method_GET,-0.0030189906908304103
69,PC18,http_method_HEAD,-0.00017726709577445542
69,PC18,http_method_POST,-8.180976484062167e-05
69,PC18,http_method_n/a,0.0032780675514454643
69,PC18,http_version_1.1,-0.0031095749883886616
69,PC18,http_version_n/a,0.0031095749883886725
69,PC18,weird_addl_43,7.072197302426742e-05
69,PC18,weird_addl_46,0.014965275182462478
69,PC18,weird_addl_48,0.0012738924948714808
69,PC18,weird_addl_n/a,-0.016309889650358372
69,PC18,weird_notice_F,0.02136335117775562
69,PC18,weird_notice_n/a,-0.021363351177755584
69,PC19,duration,0.0006347804057880523
69,PC19,src_bytes,-0.00023816956540683581
69,PC19,dst_bytes,-0.0004337687371610416
69,PC19,missed_bytes,-0.0001192366322660815
69,PC19,src_pkts,0.00032255982038033315
69,PC19,src_ip_bytes,0.00017935177459376533
69,PC19,dst_pkts,0.0007941884307623021
69,PC19,dst_ip_bytes,0.0006570440234942229
69,PC19,dns_qclass,-0.09910659409506098
69,PC19,dns_qtype,0.18694693397443202
69,PC19,dns_rcode,0.028969227366189926
69,PC19,http_request_body_len,0.0001296739262801605
69,PC19,http_response_body_len,0.0012599722366619104
69,PC19,http_status_code,0.005538258133010759
69,PC19,dns_query,-0.020958982065769197
69,PC19,ssl_version,-0.021062394633041562
69,PC19,ssl_cipher,-0.021062394633041492
69,PC19,ssl_subject,-0.0011387023031545762
69,PC19,ssl_issuer,-0.0011387023031545485
69,PC19,http_uri,0.009228415868839462
69,PC19,http_user_agent,0.009228415868839324
69,PC19,http_orig_mime_types,0.0003360357672189118
69,PC19,http_resp_mime_types,0.004978230834162656
69,PC19,weird_name,0.011255483126496657
69,PC19,proto_icmp,-0.008863874203906413
69,PC19,proto_tcp,-0.007468555502282148
69,PC19,proto_udp,0.016332429706187826
69,PC19,service_dce_rpc,-0.0023025092489042664
69,PC19,service_dhcp,-0.0007136132845718818
69,PC19,service_dns,-0.1400168621884026
69,PC19,service_ftp,0.14426025552302482
69,PC19,service_gssapi,-0.006660479026622632
69,PC19,service_http,0.03772674556164693
69,PC19,service_n/a,0.06417313652416258
69,PC19,service_smb,0.026381173647290514
69,PC19,service_smb;gssapi,0.004861267149275494
69,PC19,service_ssl,-0.12770911465689735
69,PC19,conn_state_OTH,-0.16312185091676315
69,PC19,conn_state_REJ,-0.16976685035320813
69,PC19,conn_state_RSTO,0.1500221991896356
69,PC19,conn_state_RSTOS0,0.00428505581294878
69,PC19,conn_state_RSTR,0.48808636103038294
69,PC19,conn_state_RSTRH,0.5969893068578022
69,PC19,conn_state_S0,-0.17900551052548674
69,PC19,conn_state_S1,-0.19465081474345888
69,PC19,conn_state_S2,0.05241402483835366
69,PC19,conn_state_S3,-0.2480849450429275
69,PC19,conn_state_SF,-0.13792181729202072
69,PC19,conn_state_SH,-0.19683632239745794
69,PC19,conn_state_SHR,-0.0024088364577997253
69,PC19,dns_AA_F,0.016415964525880143
69,PC19,dns_AA_T,0.005194963351299163
69,PC19,dns_AA_n/a,-0.021610927877179
69,PC19,dns_RD_F,-0.016878020107233726
69,PC19,dns_RD_T,0.0384889479844126
69,PC19,dns_RD_n/a,-0.021610927877179
69,PC19,dns_RA_F,0.03409862375182337
69,PC19,dns_RA_T,-0.012487695874643911
69,PC19,dns_RA_n/a,-0.021610927877178984
69,PC19,dns_rejected_F,0.046445513862860506
69,PC19,dns_rejected_T,-0.02483458598568058
69,PC19,dns_rejected_n/a,-0.02161092787717899
69,PC19,ssl_resumed_F,-0.06076407049427646
69,PC19,ssl_resumed_T,-0.003970956292129053
69,PC19,ssl_resumed_n/a,0.06473502678640554
69,PC19,ssl_established_F,-0.05962536819112186
69,PC19,ssl_established_T,-0.005109658595283702
69,PC19,ssl_established_n/a,0.06473502678640557
69,PC19,http_trans_depth_1,0.008662868002999168
69,PC19,http_trans_depth_10,3.404780410702341e-05
69,PC19,http_trans_depth_2,0.0014762734499979393
69,PC19,http_trans_depth_6,3.404779358805807e-05
69,PC19,http_trans_depth_7,3.404781345721597e-05
69,PC19,http_trans_depth_8,3.404779709437951e-05
69,PC19,http_trans_depth_9,3.404779125050952e-05
69,PC19,http_trans_depth_n/a,-0.010309380452494268
69,PC19,http_method_GET,0.008512869119608201
69,PC19,http_method_HEAD,0.0003469741690815454
69,PC19,http_method_POST,0.00036857258014953617
69,PC19,http_method_n/a,-0.009228415868839282
69,PC19,http_version_1.1,0.010323425387050465
69,PC19,http_version_n/a,-0.010323425387050474
69,PC19,weird_addl_43,0.00021554482521643457
69,PC19,weird_addl_46,0.009399485603354654
69,PC19,weird_addl_48,0.0003355869560606625
69,PC19,weird_addl_n/a,-0.009950617384631804
69,PC19,weird_notice_F,0.011255483126496635
69,PC19,weird_notice_n/a,-0.011255483126496671
69,PC20,duration,-0.0003338427369900136
69,PC20,src_bytes,0.00016495657489731808
69,PC20,dst_bytes,0.00018686651248003838
69,PC20,missed_bytes,6.41203797300191e-05
69,PC20,src_pkts,-8.407056425634857e-05
69,PC20,src_ip_bytes,-3.3069959688363654e-05
69,PC20,dst_pkts,-0.0005314073280325987
69,PC20,dst_ip_bytes,-0.0005492004478162178
69,PC20,dns_qclass,0.03275483721932971
69,PC20,dns_qtype,-0.0350739683600441
69,PC20,dns_rcode,-0.33788472703215183
69,PC20,http_request_body_len,-0.00037255807783515005
69,PC20,http_response_body_len,-0.0018607810156114346
69,PC20,http_status_code,-0.012074017635735373
69,PC20,dns_query,0.09362317156779437
69,PC20,ssl_version,-0.13857442444815196
69,PC20,ssl_cipher,-0.1385744244481507
69,PC20,ssl_subject,-0.0029820350088683445
69,PC20,ssl_issuer,-0.0029820350088682612
69,PC20,http_uri,-0.02038415387213985
69,PC20,http_user_agent,-0.020384153872140015
69,PC20,http_orig_mime_types,-0.0009682369633776493
69,PC20,http_resp_mime_types,-0.013867410713005512
69,PC20,weird_name,0.006006094122158301
69,PC20,proto_icmp,0.006046220696308183
69,PC20,proto_tcp,0.0030870690733838524
69,PC20,proto_udp,-0.009133289769692021
69,PC20,service_dce_rpc,0.008172608711294632
69,PC20,service_dhcp,0.0034378701749598894
69,PC20,service_dns,0.14611431021141655
69,PC20,service_ftp,0.3063569586651004
69,PC20,service_gssapi,0.022982435205846807
69,PC20,service_http,-0.27032629436611966
69,PC20,service_n/a,-0.20733762861866611
69,PC20,service_smb,0.02688047472881043
69,PC20,service_smb;gssapi,0.00493222795193037
69,PC20,service_ssl,-0.04121296266457425
69,PC20,conn_state_OTH,0.027003949781910827
69,PC20,conn_state_REJ,0.02843805138860719
69,PC20,conn_state_RSTO,-0.117196599361229
69,PC20,conn_state_RSTOS0,-0.0007550499059900439
69,PC20,conn_state_RSTR,0.34988074858694446
69,PC20,conn_state_RSTRH,-0.22234379696948028
69,PC20,conn_state_S0,0.034034760221778655
69,PC20,conn_state_S1,0.035913435146975314
69,PC20,conn_state_S2,-0.02874416344177923
69,PC20,conn_state_S3,0.07881185940796662
69,PC20,conn_state_SF,0.07685720006103143
69,PC20,conn_state_SH,0.032571576047126585
69,PC20,conn_state_SHR,-0.2944719709638619
69,PC20,dns_AA_F,-0.008107569914846036
69,PC20,dns_AA_T,-0.05869505649450908
69,PC20,dns_AA_n/a,0.06680262640935503
69,PC20,dns_RD_F,-0.02692351958713073
69,PC20,dns_RD_T,-0.03987910682222453
69,PC20,dns_RD_n/a,0.06680262640935504
69,PC20,dns_RA_F,-0.00613161817527911
69,PC20,dns_RA_T,-0.06067100823407636
69,PC20,dns_RA_n/a,0.06680262640935503
69,PC20,dns_rejected_F,-0.12076656465471362
69,PC20,dns_rejected_T,0.053963938245357376
69,PC20,dns_rejected_n/a,0.06680262640935503
69,PC20,ssl_resumed_F,-0.2481319153606203
69,PC20,ssl_resumed_T,-0.016569138920070076
69,PC20,ssl_resumed_n/a,0.26470105428069085
69,PC20,ssl_established_F,-0.24514988035175259
69,PC20,ssl_established_T,-0.019551173928938424
69,PC20,ssl_established_n/a,0.26470105428069135
69,PC20,http_trans_depth_1,-0.019977320055521223
69,PC20,http_trans_depth_10,-9.820253394914424e-05
69,PC20,http_trans_depth_2,-0.002436258299414867
69,PC20,http_trans_depth_6,-9.8202516625856e-05
69,PC20,http_trans_depth_7,-9.820254934762607e-05
69,PC20,http_trans_depth_8,-9.820252240028444e-05
69,PC20,http_trans_depth_9,-9.82025127762346e-05
69,PC20,http_trans_depth_n/a,0.02290459099003521
69,PC20,http_method_GET,-0.01919669647368056
69,PC20,http_method_HEAD,-0.00012594702132455134
69,PC20,http_method_POST,-0.0010615103771347933
69,PC20,http_method_n/a,0.020384153872139897
69,PC20,http_version_1.1,-0.0224698102961898
69,PC20,http_version_n/a,0.0224698102961898
69,PC20,weird_addl_43,-0.0002444171081322174
69,PC20,weird_addl_46,0.010663527421109981
69,PC20,weird_addl_48,0.0007880161807402785
69,PC20,weird_addl_n/a,-0.011207126493718104
69,PC20,weird_notice_F,0.006006094122158329
69,PC20,weird_notice_n/a,-0.006006094122158362
69,PC21,duration,-0.00019169397307075372
69,PC21,src_bytes,1.6152641801884388e-05
69,PC21,dst_bytes,6.552217326533452e-05
69,PC21,missed_bytes,1.2368976511535276e-05
69,PC21,src_pkts,-9.647452705745588e-05
69,PC21,src_ip_bytes,-6.410908338959354e-05
69,PC21,dst_pkts,-0.0003327981706409515
69,PC21,dst_ip_bytes,-0.00029188593417544054
69,PC21,dns_qclass,-0.25500133448287954
69,PC21,dns_qtype,0.15781496905938136
69,PC21,dns_rcode,0.766614514535068
69,PC21,http_request_body_len,-0.00015951995731185165
69,PC21,http_response_body_len,-0.0008015833293581048
69,PC21,http_status_code,-0.004837449249233419
69,PC21,dns_query,-0.04814932271418789
69,PC21,ssl_version,-0.037095102923540714
69,PC21,ssl_cipher,-0.03709510292354033
69,PC21,ssl_subject,-0.0008196441171753888
69,PC21,ssl_issuer,-0.0008196441171754052
69,PC21,http_uri,-0.00858487429965396
69,PC21,http_user_agent,-0.008584874299653766
69,PC21,http_orig_mime_types,-0.00041446908834866236
69,PC21,http_resp_mime_types,-0.005592160362632714
69,PC21,weird_name,0.0036947488286072083
69,PC21,proto_icmp,0.005353016145594261
69,PC21,proto_tcp,0.0031572425541784577
69,PC21,proto_udp,-0.008510258699773433
69,PC21,service_dce_rpc,0.0027888108447602644
69,PC21,service_dhcp,0.0012726450063647587
69,PC21,service_dns,-0.0060282745371274815
69,PC21,service_ftp,0.12061608543615626
69,PC21,service_gssapi,0.008000751714662191
69,PC21,service_http,-0.0708829777865121
69,PC21,service_n/a,-0.06818067107588902
69,PC21,service_smb,0.012356564498813758
69,PC21,service_smb;gssapi,0.0022628168850686438
69,PC21,service_ssl,-0.002205750986295529
69,PC21,conn_state_OTH,0.02314937410785506
69,PC21,conn_state_REJ,0.02398902234572011
69,PC21,conn_state_RSTO,-0.05960199228963059
69,PC21,conn_state_RSTOS0,-0.0006797423000476247
69,PC21,conn_state_RSTR,0.18674209276527393
69,PC21,conn_state_RSTRH,-0.2816704919960987
69,PC21,conn_state_S0,0.03549228490330828
69,PC21,conn_state_S1,0.027188851687344487
69,PC21,conn_state_S2,-0.011338291111973795
69,PC21,conn_state_S3,0.03429205340809194
69,PC21,conn_state_SF,0.01993994701485139
69,PC21,conn_state_SH,0.027163547789735093
69,PC21,conn_state_SHR,-0.024666656324429447
69,PC21,dns_AA_F,-0.05051286170518054
69,PC21,dns_AA_T,0.005021813270447725
69,PC21,dns_AA_n/a,0.045491048434732735
69,PC21,dns_RD_F,-0.061312227546903145
69,PC21,dns_RD_T,0.01582117911217015
69,PC21,dns_RD_n/a,0.045491048434732714
69,PC21,dns_RA_F,-0.019646736306693207
69,PC21,dns_RA_T,-0.025844312128038813
69,PC21,dns_RA_n/a,0.045491048434732735
69,PC21,dns_rejected_F,0.2333289748095095
69,PC21,dns_rejected_T,-0.2788200232442402
69,PC21,dns_rejected_n/a,0.04549104843473274
69,PC21,ssl_resumed_F,-0.06899738767630621
69,PC21,ssl_resumed_T,-0.0034984645269764514
69,PC21,ssl_resumed_n/a,0.07249585220328275
69,PC21,ssl_established_F,-0.06817774355913109
69,PC21,ssl_established_T,-0.004318108644151841
69,PC21,ssl_established_n/a,0.07249585220328292
69,PC21,http_trans_depth_1,-0.007871479113112484
69,PC21,http_trans_depth_10,-4.231977362761847e-05
69,PC21,http_trans_depth_2,-0.0010504630149801154
69,PC21,http_trans_depth_6,-4.231976581066914e-05
69,PC21,http_trans_depth_7,-4.231978057601874e-05
69,PC21,http_trans_depth_8,-4.2319768416318245e-05
69,PC21,http_trans_depth_9,-4.231976407356874e-05
69,PC21,http_trans_depth_n/a,0.009133540980596794
69,PC21,http_method_GET,-0.008115678252049613
69,PC21,http_method_HEAD,-1.4798075900323152e-05
69,PC21,http_method_POST,-0.00045439797170394294
69,PC21,http_method_n/a,0.00858487429965389
69,PC21,http_version_1.1,-0.008993973447925026
69,PC21,http_version_n/a,0.008993973447925031
69,PC21,weird_addl_43,-1.1823957793977266e-05
69,PC21,weird_addl_46,0.003571144485605946
69,PC21,weird_addl_48,0.00031425944559996394
69,PC21,weird_addl_n/a,-0.003873579973412023
69,PC21,weird_notice_F,0.0036947488286072617
69,PC21,weird_notice_n/a,-0.00369474882860724
69,PC22,duration,-0.00015622255205429127
69,PC22,src_bytes,-0.00018034117347145127
69,PC22,dst_bytes,-0.0002502990897549195
69,PC22,missed_bytes,-0.00017059881087365218
69,PC22,src_pkts,-0.0003576975554275743
69,PC22,src_ip_bytes,8.852548446569575e-05
69,PC22,dst_pkts,0.0001496769401768249
69,PC22,dst_ip_bytes,-0.00074485184854578
69,PC22,dns_qclass,0.17169224543395545
69,PC22,dns_qtype,-0.020337776670989238
69,PC22,dns_rcode,0.20281673268115535
69,PC22,http_request_body_len,-0.0035474817492269495
69,PC22,http_response_body_len,-0.012397021232413583
69,PC22,http_status_code,-0.09943082654299971
69,PC22,dns_query,0.07333983188737632
69,PC22,ssl_version,-0.056439411530897536
69,PC22,ssl_cipher,-0.05643941153089681
69,PC22,ssl_subject,-0.00040699846075900603
69,PC22,ssl_issuer,-0.00040699846075913093
69,PC22,http_uri,-0.17783014713720416
69,PC22,http_user_agent,-0.17783014713720435
69,PC22,http_orig_mime_types,-0.009251855103789619
69,PC22,http_resp_mime_types,-0.1236194348586821
69,PC22,weird_name,0.0020657232787432145
69,PC22,proto_icmp,-0.0019752605221671216
69,PC22,proto_tcp,-0.0010170581390082645
69,PC22,proto_udp,0.0029923186611766073
69,PC22,service_dce_rpc,0.0070705535851405266
69,PC22,service_dhcp,0.0028288748398194175
69,PC22,service_dns,0.1570474340613775
69,PC22,service_ftp,-0.04661678675735668
69,PC22,service_gssapi,0.02079606299484027
69,PC22,service_http,-0.10527903247368856
69,PC22,service_n/a,-0.1483367493040978
69,PC22,service_smb,-0.01629367663101805
69,PC22,service_smb;gssapi,-0.0029609424991471353
69,PC22,service_ssl,0.13174426218413
69,PC22,conn_state_OTH,0.04094165923285969
69,PC22,conn_state_REJ,0.042673832055846656
69,PC22,conn_state_RSTO,-0.13823680588922108
69,PC22,conn_state_RSTOS0,-0.0014795323244362023
69,PC22,conn_state_RSTR,-0.3654413931437024
69,PC22,conn_state_RSTRH,0.533604600354326
69,PC22,conn_state_S0,0.03350108942762425
69,PC22,conn_state_S1,0.04380371223949634
69,PC22,conn_state_S2,-0.011562154381797307
69,PC22,conn_state_S3,0.02091382085909479
69,PC22,conn_state_SF,0.0051314734359378805
69,PC22,conn_state_SH,0.047226520063090055
69,PC22,conn_state_SHR,-0.2510768219291171
69,PC22,dns_AA_F,-0.044344959205798395
69,PC22,dns_AA_T,-0.02222606337970623
69,PC22,dns_AA_n/a,0.0665710225855049
69,PC22,dns_RD_F,-0.031025796702421407
69,PC22,dns_RD_T,-0.035545225883082746
69,PC22,dns_RD_n/a,0.06657102258550485
69,PC22,dns_RA_F,-0.045494247199031404
69,PC22,dns_RA_T,-0.021076775386473304
69,PC22,dns_RA_n/a,0.06657102258550485
69,PC22,dns_rejected_F,0.01575332723771579
69,PC22,dns_rejected_T,-0.08232434982321953
69,PC22,dns_rejected_n/a,0.06657102258550487
69,PC22,ssl_resumed_F,-0.06988015262937716
69,PC22,ssl_resumed_T,-0.005902246856262269
69,PC22,ssl_resumed_n/a,0.07578239948563974
69,PC22,ssl_established_F,-0.06947315416861836
69,PC22,ssl_established_T,-0.006309245317021331
69,PC22,ssl_established_n/a,0.07578239948564003
69,PC22,http_trans_depth_1,-0.1635633596446419
69,PC22,http_trans_depth_10,-0.0009456549454088011
69,PC22,http_trans_depth_2,-0.017790514514100086
69,PC22,http_trans_depth_6,-0.0009456548032259792
69,PC22,http_trans_depth_7,-0.0009456550717935609
69,PC22,http_trans_depth_8,-0.0009456548506202437
69,PC22,http_trans_depth_9,-0.0009456547716297792
69,PC22,http_trans_depth_n/a,0.1860821486014198
69,PC22,http_method_GET,-0.16484923623319653
69,PC22,http_method_HEAD,-0.0028439807535850037
69,PC22,http_method_POST,-0.010136930150423057
69,PC22,http_method_n/a,0.17783014713720452
69,PC22,http_version_1.1,-0.18269623804843219
69,PC22,http_version_n/a,0.18269623804843219
69,PC22,weird_addl_43,-0.00024119003240678782
69,PC22,weird_addl_46,0.006711004325130165
69,PC22,weird_addl_48,0.000597096323409492
69,PC22,weird_addl_n/a,-0.0070669106161327655
69,PC22,weird_notice_F,0.0020657232787433047
69,PC22,weird_notice_n/a,-0.002065723278743329
69,PC23,duration,0.0001608958223303299
69,PC23,src_bytes,1.7270451563836456e-05
69,PC23,dst_bytes,-2.5027552265240866e-05
69,PC23,missed_bytes,-0.0001920679927199971
69,PC23,src_pkts,-0.0009374833173651544
69,PC23,src_ip_bytes,-0.00015294638726520357
69,PC23,dst_pkts,-7.701206238444613e-05
69,PC23,dst_ip_bytes,-0.0012454495944053783
69,PC23,dns_qclass,-0.10643204204252192
69,PC23,dns_qtype,0.00985894472295793
69,PC23,dns_rcode,-0.12556673541352625
69,PC23,http_request_body_len,-0.005680603555723127
69,PC23,http_response_body_len,-0.019323864638451385
69,PC23,http_status_code,-0.15558929099521976
69,PC23,dns_query,-0.06075629998817787
69,PC23,ssl_version,0.06148247236642625
69,PC23,ssl_cipher,0.06148247236642586
69,PC23,ssl_subject,0.0006796309470513962
69,PC23,ssl_issuer,0.000679630947051299
69,PC23,http_uri,-0.2830515899013514
69,PC23,http_user_agent,-0.2830515899013516
69,PC23,http_orig_mime_types,-0.014816692994395614
69,PC23,http_resp_mime_types,-0.19547510851659994
69,PC23,weird_name,-0.00032790527142617654
69,PC23,proto_icmp,0.0007304782626558204
69,PC23,proto_tcp,0.0004551956886078429
69,PC23,proto_udp,-0.0011856739512636216
69,PC23,service_dce_rpc,-0.0055410263090569095
69,PC23,service_dhcp,-0.00223700900206264
69,PC23,service_dns,-0.11512667760538962
69,PC23,service_ftp,0.014187301178724576
69,PC23,service_gssapi,-0.01623958543241283
69,PC23,service_http,0.10470822732555389
69,PC23,service_n/a,0.11400756499606388
69,PC23,service_smb,0.010859007378397609
69,PC23,service_smb;gssapi,0.001971794006247351
69,PC23,service_ssl,-0.10658959653606359
69,PC23,conn_state_OTH,-0.021639789180202436
69,PC23,conn_state_REJ,-0.02264452298041711
69,PC23,conn_state_RSTO,-0.08726989745254338
69,PC23,conn_state_RSTOS0,0.0008043367995980606
69,PC23,conn_state_RSTR,0.2615126956283167
69,PC23,conn_state_RSTRH,-0.24783894120763408
69,PC23,conn_state_S0,-0.017572691613762674
69,PC23,conn_state_S1,-0.022124539089010596
69,PC23,conn_state_S2,-0.00010819258393615638
69,PC23,conn_state_S3,-0.010310070215878125
69,PC23,conn_state_SF,-0.0037461019389330302
69,PC23,conn_state_SH,-0.025053581442724335
69,PC23,conn_state_SHR,0.19599129527712883
69,PC23,dns_AA_F,0.03153779868354871
69,PC23,dns_AA_T,0.019919318759060414
69,PC23,dns_AA_n/a,-0.05145711744260897
69,PC23,dns_RD_F,0.025217893570740287
69,PC23,dns_RD_T,0.026239223871868167
69,PC23,dns_RD_n/a,-0.05145711744260898
69,PC23,dns_RA_F,0.030756892085610582
69,PC23,dns_RA_T,0.020700225356997753
69,PC23,dns_RA_n/a,-0.05145711744260897
69,PC23,dns_rejected_F,-0.006640293493875585
69,PC23,dns_rejected_T,0.05809741093648331
69,PC23,dns_rejected_n/a,-0.05145711744260899
69,PC23,ssl_resumed_F,0.08144805248833917
69,PC23,ssl_resumed_T,0.007857012880078673
69,PC23,ssl_resumed_n/a,-0.08930506536841798
69,PC23,ssl_established_F,0.08076842154128797
69,PC23,ssl_established_T,0.008536643827130035
69,PC23,ssl_established_n/a,-0.08930506536841806
69,PC23,http_trans_depth_1,-0.25557126671018815
69,PC23,http_trans_depth_10,-0.0015179316433442205
69,PC23,http_trans_depth_2,-0.027969779212080964
69,PC23,http_trans_depth_6,-0.0015179314183740057
69,PC23,http_trans_depth_7,-0.0015179318433177899
69,PC23,http_trans_depth_8,-0.0015179314933640616
69,PC23,http_trans_depth_9,-0.0015179313683805966
69,PC23,http_trans_depth_n/a,0.29113070368904903
69,PC23,http_method_GET,-0.26282033119382586
69,PC23,http_method_HEAD,-0.003997560816022674
69,PC23,http_method_POST,-0.016233697891503213
69,PC23,http_method_n/a,0.28305158990135154
69,PC23,http_version_1.1,-0.2854973167407601
69,PC23,http_version_n/a,0.28549731674076007
69,PC23,weird_addl_43,0.00023559609962275126
69,PC23,weird_addl_46,7.412990270565245e-06
69,PC23,weird_addl_48,-0.00027056752993784294
69,PC23,weird_addl_n/a,2.7558440044733734e-05
69,PC23,weird_notice_F,-0.0003279052714260872
69,PC23,weird_notice_n/a,0.00032790527142613924
69,PC24,duration,0.0002583174244462255
69,PC24,src_bytes,0.00041785851105130556
69,PC24,dst_bytes,0.00033662505368262444
69,PC24,missed_bytes,8.665507714401138e-05
69,PC24,src_pkts,4.236143025148492e-05
69,PC24,src_ip_bytes,-8.818917591885134e-06
69,PC24,dst_pkts,2.7550928806248376e-05
69,PC24,dst_ip_bytes,0.00012025039683885574
69,PC24,dns_qclass,0.9025245592548519
69,PC24,dns_qtype,0.2237171232988323
69,PC24,dns_rcode,0.11313096279546772
69,PC24,http_request_body_len,-0.0001874599171709096
69,PC24,http_response_body_len,-0.00023617250005388002
69,PC24,http_status_code,-0.004324911928081668
69,PC24,dns_query,0.0018218563016370592
69,PC24,ssl_version,0.0071110190554793395
69,PC24,ssl_cipher,0.00711101905547927
69,PC24,ssl_subject,-0.0003298922950155242
69,PC24,ssl_issuer,-0.0003298922950154548
69,PC24,http_uri,-0.0088029029113844
69,PC24,http_user_agent,-0.008802902911384164
69,PC24,http_orig_mime_types,-0.0004913231268810769
69,PC24,http_resp_mime_types,-0.006383074510273465
69,PC24,weird_name,0.0017234498227433892
69,PC24,proto_icmp,-0.007085404674902681
69,PC24,proto_tcp,-0.005177313162481184
69,PC24,proto_udp,0.01226271783738411
69,PC24,service_dce_rpc,-0.004240672322737754
69,PC24,service_dhcp,-0.001680837165216706
69,PC24,service_dns,-0.05712696265600667
69,PC24,service_ftp,0.05811409035257023
69,PC24,service_gssapi,-0.013366924863028998
69,PC24,service_http,-0.004262180846215546
69,PC24,service_n/a,0.07718773395665943
69,PC24,service_smb,0.004686338617000241
69,PC24,service_smb;gssapi,0.0008430401458043735
69,PC24,service_ssl,-0.06015362521883108
69,PC24,conn_state_OTH,-0.03609629106030952
69,PC24,conn_state_REJ,-0.03690765727769861
69,PC24,conn_state_RSTO,0.13212191244358995
69,PC24,conn_state_RSTOS0,0.0015862975065970182
69,PC24,conn_state_RSTR,0.10297484890831819
69,PC24,conn_state_RSTRH,-0.1558847155145507
69,PC24,conn_state_S0,-0.0548386260721804
69,PC24,conn_state_S1,-0.03472719631548034
69,PC24,conn_state_S2,-0.013619408436364805
69,PC24,conn_state_S3,0.0059970869900644545
69,PC24,conn_state_SF,0.04846790813897444
69,PC24,conn_state_SH,-0.04000126835782622
69,PC24,conn_state_SHR,0.0809271090468622
69,PC24,dns_AA_F,-0.018494436288027827
69,PC24,dns_AA_T,0.005545964787798813
69,PC24,dns_AA_n/a,0.012948471500230693
69,PC24,dns_RD_F,-0.08123646220700687
69,PC24,dns_RD_T,0.06828799070678025
69,PC24,dns_RD_n/a,0.012948471500230693
69,PC24,dns_RA_F,0.04914226585672024
69,PC24,dns_RA_T,-0.062090737356946514
69,PC24,dns_RA_n/a,0.012948471500230704
69,PC24,dns_rejected_F,0.08457330113979289
69,PC24,dns_rejected_T,-0.09752177264001496
69,PC24,dns_rejected_n/a,0.0129484715002307
69,PC24,ssl_resumed_F,0.0007726997446101669
69,PC24,ssl_resumed_T,-0.0011762206774117365
69,PC24,ssl_resumed_n/a,0.0004035209328015453
69,PC24,ssl_established_F,0.0011025920396255835
69,PC24,ssl_established_T,-0.0015061129724271843
69,PC24,ssl_established_n/a,0.0004035209328014447
69,PC24,http_trans_depth_1,-0.007332108311918224
69,PC24,http_trans_depth_10,-5.104484362748245e-05
69,PC24,http_trans_depth_2,-0.0005131866823358897
69,PC24,http_trans_depth_6,-5.104484039182855e-05
69,PC24,http_trans_depth_7,-5.104484650362091e-05
69,PC24,http_trans_depth_8,-5.1044841470379285e-05
69,PC24,http_trans_depth_9,-5.1044839672793394e-05
69,PC24,http_trans_depth_n/a,0.008100519205920191
69,PC24,http_method_GET,-0.008137624633043294
69,PC24,http_method_HEAD,-0.00012738570505753735
69,PC24,http_method_POST,-0.0005378925732834332
69,PC24,http_method_n/a,0.008802902911384233
69,PC24,http_version_1.1,-0.007678588930809187
69,PC24,http_version_n/a,0.007678588930809228
69,PC24,weird_addl_43,5.272822001225683e-05
69,PC24,weird_addl_46,0.00019902712212971352
69,PC24,weird_addl_48,0.00015607353194860285
69,PC24,weird_addl_n/a,-0.00040782887409078483
69,PC24,weird_notice_F,0.0017234498227432955
69,PC24,weird_notice_n/a,-0.0017234498227433927
69,PC25,duration,-0.0003868449454896465
69,PC25,src_bytes,0.00031548436623574094
69,PC25,dst_bytes,-0.00026747605718739284
69,PC25,missed_bytes,-0.00013202411187073285
69,PC25,src_pkts,0.0001092835188139761
69,PC25,src_ip_bytes,-6.113443994477247e-05
69,PC25,dst_pkts,-0.0001753500394174462
69,PC25,dst_ip_bytes,0.0005650434460020455
69,PC25,dns_qclass,-0.10840860174067297
69,PC25,dns_qtype,-0.03351515100860862
69,PC25,dns_rcode,-0.00476179871524908
69,PC25,http_request_body_len,-0.0014810658442071384
69,PC25,http_response_body_len,-0.00021806684012348754
69,PC25,http_status_code,-0.03318361072099674
69,PC25,dns_query,0.007240509449832511
69,PC25,ssl_version,-0.08383565268738666
69,PC25,ssl_cipher,-0.0838356526873858
69,PC25,ssl_subject,-0.001160548927299651
69,PC25,ssl_issuer,-0.0011605489272994984
69,PC25,http_uri,-0.058449067646803674
69,PC25,http_user_agent,-0.05844906764680355
69,PC25,http_orig_mime_types,-0.003890386412066349
69,PC25,http_resp_mime_types,-0.05150752585924673
69,PC25,weird_name,0.00046094017684494837
69,PC25,proto_icmp,-0.0005357830314648149
69,PC25,proto_tcp,-0.0011469757475956188
69,PC25,proto_udp,0.0016827587790600729
69,PC25,service_dce_rpc,0.0015691220153239704
69,PC25,service_dhcp,0.0007006773418409273
69,PC25,service_dns,0.007538122734771474
69,PC25,service_ftp,-0.09875559355534888
69,PC25,service_gssapi,0.004866917330505385
69,PC25,service_http,-0.004711631425378671
69,PC25,service_n/a,-0.027645635169472545
69,PC25,service_smb,-0.009266750539599286
69,PC25,service_smb;gssapi,-0.0016622694526596937
69,PC25,service_ssl,0.12736704072001714
69,PC25,conn_state_OTH,-0.05305164083285723
69,PC25,conn_state_REJ,-0.05417931149927338
69,PC25,conn_state_RSTO,0.8648315887899483
69,PC25,conn_state_RSTOS0,0.0024210716655500082
69,PC25,conn_state_RSTR,-0.19552534918680434
69,PC25,conn_state_RSTRH,-0.19381476933639674
69,PC25,conn_state_S0,-0.0547885035011068
69,PC25,conn_state_S1,-0.06080147112100161
69,PC25,conn_state_S2,0.05665429613808111
69,PC25,conn_state_S3,-0.08919870760541519
69,PC25,conn_state_SF,-0.07291785126977862
69,PC25,conn_state_SH,-0.058833360030875595
69,PC25,conn_state_SHR,-0.09079599221007
69,PC25,dns_AA_F,-0.00014460824266830652
69,PC25,dns_AA_T,-0.001685449485532363
69,PC25,dns_AA_n/a,0.001830057728200423
69,PC25,dns_RD_F,0.010335422568172525
69,PC25,dns_RD_T,-0.012165480296373458
69,PC25,dns_RD_n/a,0.0018300577282004023
69,PC25,dns_RA_F,-0.010520517435816694
69,PC25,dns_RA_T,0.008690459707615773
69,PC25,dns_RA_n/a,0.0018300577282004266
69,PC25,dns_rejected_F,-0.012286988929895146
69,PC25,dns_rejected_T,0.010456931201693984
69,PC25,dns_rejected_n/a,0.0018300577282004196
69,PC25,ssl_resumed_F,-0.10271703643124053
69,PC25,ssl_resumed_T,-0.016462999473443297
69,PC25,ssl_resumed_n/a,0.11918003590468439
69,PC25,ssl_established_F,-0.10155648750394115
69,PC25,ssl_established_T,-0.01762354840074304
69,PC25,ssl_established_n/a,0.11918003590468464
69,PC25,http_trans_depth_1,-0.05708940698082061
69,PC25,http_trans_depth_10,-0.0003966560724179964
69,PC25,http_trans_depth_2,-0.0023249202564667145
69,PC25,http_trans_depth_6,-0.00039665606929436365
69,PC25,http_trans_depth_7,-0.0003966560751945694
69,PC25,http_trans_depth_8,-0.0003966560703355706
69,PC25,http_trans_depth_9,-0.0003966560686002162
69,PC25,http_trans_depth_n/a,0.06139760759312991
69,PC25,http_method_GET,-0.05299519785164888
69,PC25,http_method_HEAD,-0.0011961552560458804
69,PC25,http_method_POST,-0.004257714539108965
69,PC25,http_method_n/a,0.05844906764680365
69,PC25,http_version_1.1,-0.05997799929881723
69,PC25,http_version_n/a,0.05997799929881725
69,PC25,weird_addl_43,2.509441947267342e-06
69,PC25,weird_addl_46,0.003798010669491342
69,PC25,weird_addl_48,0.0001181350812963014
69,PC25,weird_addl_n/a,-0.003918655192735002
69,PC25,weird_notice_F,0.0004609401768450455
69,PC25,weird_notice_n/a,-0.0004609401768450559
69,PC26,duration,0.0005736917372414868
69,PC26,src_bytes,0.00012650196859325877
69,PC26,dst_bytes,0.0003946789601530082
69,PC26,missed_bytes,-9.23932832685749e-05
69,PC26,src_pkts,2.392653766305347e-05
69,PC26,src_ip_bytes,3.7662735762562793e-05
69,PC26,dst_pkts,0.0006357842087702445
69,PC26,dst_ip_bytes,0.0004874928234554904
69,PC26,dns_qclass,0.03439730742348457
69,PC26,dns_qtype,0.025689381002924797
69,PC26,dns_rcode,-0.03807410508528676
69,PC26,http_request_body_len,6.818474969724764e-05
69,PC26,http_response_body_len,-0.0009368411161399526
69,PC26,http_status_code,0.001765485584436649
69,PC26,dns_query,-0.3006760171975633
69,PC26,ssl_version,-0.12321082046988288
69,PC26,ssl_cipher,-0.123210820469882
69,PC26,ssl_subject,-0.002130105094837992
69,PC26,ssl_issuer,-0.002130105094837853
69,PC26,http_uri,-0.0005350944189770335
69,PC26,http_user_agent,-0.0005350944189768114
69,PC26,http_orig_mime_types,0.00018714202010631755
69,PC26,http_resp_mime_types,0.004412101821327119
69,PC26,weird_name,0.002104370618443027
69,PC26,proto_icmp,-0.006461585930765346
69,PC26,proto_tcp,-0.005198510975463533
69,PC26,proto_udp,0.011660096906228823
69,PC26,service_dce_rpc,0.004200257671383045
69,PC26,service_dhcp,0.003451673102105479
69,PC26,service_dns,-0.44032547221083373
69,PC26,service_ftp,0.009721281190933871
69,PC26,service_gssapi,0.012977828099899197
69,PC26,service_http,-0.043423851479609726
69,PC26,service_n/a,-0.056078970000876756
69,PC26,service_smb,-0.006328529543496816
69,PC26,service_smb;gssapi,-0.0011177230048569618
69,PC26,service_ssl,0.5169235061753527
69,PC26,conn_state_OTH,-3.3978842496352676e-05
69,PC26,conn_state_REJ,0.0004471947563099779
69,PC26,conn_state_RSTO,-0.18835877222372502
69,PC26,conn_state_RSTOS0,2.329443020042876e-06
69,PC26,conn_state_RSTR,-0.11846029206905889
69,PC26,conn_state_RSTRH,0.007598716571592114
69,PC26,conn_state_S0,-0.009395732895748616
69,PC26,conn_state_S1,-0.0038549456815575754
69,PC26,conn_state_S2,0.01918235608311867
69,PC26,conn_state_S3,-0.031104917045431793
69,PC26,conn_state_SF,-0.010633182256448433
69,PC26,conn_state_SH,0.00044335170089110885
69,PC26,conn_state_SHR,0.33416787245953505
69,PC26,dns_AA_F,0.050971158779452914
69,PC26,dns_AA_T,0.06366839730287475
69,PC26,dns_AA_n/a,-0.1146395560823277
69,PC26,dns_RD_F,0.04807665688911169
69,PC26,dns_RD_T,0.06656289919321622
69,PC26,dns_RD_n/a,-0.11463955608232776
69,PC26,dns_RA_F,0.05552412994953318
69,PC26,dns_RA_T,0.05911542613279532
69,PC26,dns_RA_n/a,-0.11463955608232773
69,PC26,dns_rejected_F,0.05060097313923706
69,PC26,dns_rejected_T,0.06403858294309156
69,PC26,dns_rejected_n/a,-0.11463955608232776
69,PC26,ssl_resumed_F,-0.20000132057320777
69,PC26,ssl_resumed_T,-0.009375465787282626
69,PC26,ssl_resumed_n/a,0.20937678636049104
69,PC26,ssl_established_F,-0.19787121547837055
69,PC26,ssl_established_T,-0.011505570882120583
69,PC26,ssl_established_n/a,0.2093767863604916
69,PC26,http_trans_depth_1,0.0042581494293628805
69,PC26,http_trans_depth_10,1.5292402192886365e-05
69,PC26,http_trans_depth_2,-0.0008932931887697869
69,PC26,http_trans_depth_6,1.52924187479373e-05
69,PC26,http_trans_depth_7,1.5292387477285726e-05
69,PC26,http_trans_depth_8,1.529241322958693e-05
69,PC26,http_trans_depth_9,1.5292422426838045e-05
69,PC26,http_trans_depth_n/a,-0.0034413182846676368
69,PC26,http_method_GET,-0.0006543677544540279
69,PC26,http_method_HEAD,-8.433675384277511e-05
69,PC26,http_method_POST,0.00020361008931990627
69,PC26,http_method_n/a,0.0005350944189768795
69,PC26,http_version_1.1,0.003405335369304917
69,PC26,http_version_n/a,-0.0034053353693049354
69,PC26,weird_addl_43,0.0006752905976700739
69,PC26,weird_addl_46,0.007941075770962897
69,PC26,weird_addl_48,-0.0005372812382736011
69,PC26,weird_addl_n/a,-0.0080790851303594
69,PC26,weird_notice_F,0.002104370618443016
69,PC26,weird_notice_n/a,-0.002104370618443023
69,PC27,duration,-0.00046889936778893277
69,PC27,src_bytes,-0.00012823632069962516
69,PC27,dst_bytes,-0.00017973670558535382
69,PC27,missed_bytes,-2.150933167727881e-05
69,PC27,src_pkts,0.0001235829305972283
69,PC27,src_ip_bytes,-2.851193434292784e-05
69,PC27,dst_pkts,0.0001984401577876417
69,PC27,dst_ip_bytes,0.00011804720601306384
69,PC27,dns_qclass,-0.03098385582801402
69,PC27,dns_qtype,-0.01753170300891452
69,PC27,dns_rcode,0.0003506770931673425
69,PC27,http_request_body_len,-0.00014398137652328613
69,PC27,http_response_body_len,0.00045354193486447925
69,PC27,http_status_code,-0.0023122589117693243
69,PC27,dns_query,-0.1345687434670838
69,PC27,ssl_version,0.049792893345999595
69,PC27,ssl_cipher,0.04979289334599904
69,PC27,ssl_subject,0.0006756231903141362
69,PC27,ssl_issuer,0.0006756231903143062
69,PC27,http_uri,-0.004318347673264916
69,PC27,http_user_agent,-0.004318347673264666
69,PC27,http_orig_mime_types,-0.0003829575634859972
69,PC27,http_resp_mime_types,-0.004550803536047601
69,PC27,weird_name,0.0020978709571558007
69,PC27,proto_icmp,-0.004567231392337279
69,PC27,proto_tcp,-0.004059075040014279
69,PC27,proto_udp,0.008626306432351794
69,PC27,service_dce_rpc,0.013044804051209058
69,PC27,service_dhcp,0.00674607285525013
69,PC27,service_dns,-0.22217640512215175
69,PC27,service_ftp,0.7728506463165298
69,PC27,service_gssapi,0.04184488894337074
69,PC27,service_http,-0.10543287346232161
69,PC27,service_n/a,-0.14040231951370963
69,PC27,service_smb,-0.03144854454841327
69,PC27,service_smb;gssapi,-0.005454083121970166
69,PC27,service_ssl,-0.3295721863977927
69,PC27,conn_state_OTH,0.025498566326028357
69,PC27,conn_state_REJ,0.0266172655667729
69,PC27,conn_state_RSTO,0.11566883558500662
69,PC27,conn_state_RSTOS0,-0.0018126797375492406
69,PC27,conn_state_RSTR,-0.36535544957097493
69,PC27,conn_state_RSTRH,0.049457902632295464
69,PC27,conn_state_S0,0.016821150494620744
69,PC27,conn_state_S1,0.027476204757373827
69,PC27,conn_state_S2,-0.01614849987011125
69,PC27,conn_state_S3,0.020718111451932888
69,PC27,conn_state_SF,-0.0065698331802212274
69,PC27,conn_state_SH,0.027975922599704002
69,PC27,conn_state_SHR,0.0796525029451235
69,PC27,dns_AA_F,0.0163261810028772
69,PC27,dns_AA_T,0.02485919935756737
69,PC27,dns_AA_n/a,-0.0411853803604446
69,PC27,dns_RD_F,0.026705421132311696
69,PC27,dns_RD_T,0.014479959228132677
69,PC27,dns_RD_n/a,-0.04118538036044462
69,PC27,dns_RA_F,0.008952815345870902
69,PC27,dns_RA_T,0.03223256501457355
69,PC27,dns_RA_n/a,-0.0411853803604446
69,PC27,dns_rejected_F,0.01140123032621767
69,PC27,dns_rejected_T,0.029784150034226957
69,PC27,dns_rejected_n/a,-0.04118538036044461
69,PC27,ssl_resumed_F,0.06800173524622577
69,PC27,ssl_resumed_T,-0.010425134165936425
69,PC27,ssl_resumed_n/a,-0.05757660108028936
69,PC27,ssl_established_F,0.06732611205591191
69,PC27,ssl_established_T,-0.009749510975622263
69,PC27,ssl_established_n/a,-0.05757660108028964
69,PC27,http_trans_depth_1,-0.003909648876822599
69,PC27,http_trans_depth_10,-3.909353393535687e-05
69,PC27,http_trans_depth_2,0.0002621522313223221
69,PC27,http_trans_depth_6,-3.909354368937959e-05
69,PC27,http_trans_depth_7,-3.909352526511564e-05
69,PC27,http_trans_depth_8,-3.9093540438038125e-05
69,PC27,http_trans_depth_9,-3.909354585693958e-05
69,PC27,http_trans_depth_n/a,0.003842964334685092
69,PC27,http_method_GET,-0.0033805899060230194
69,PC27,http_method_HEAD,-0.0005195283655682157
69,PC27,http_method_POST,-0.0004182294016735704
69,PC27,http_method_n/a,0.004318347673264732
69,PC27,http_version_1.1,-0.003869246500478201
69,PC27,http_version_n/a,0.0038692465004781973
69,PC27,weird_addl_43,0.00020235858745069999
69,PC27,weird_addl_46,0.0011070247352515244
69,PC27,weird_addl_48,-0.00028372968207825144
69,PC27,weird_addl_n/a,-0.001025653640623951
69,PC27,weird_notice_F,0.0020978709571556602
69,PC27,weird_notice_n/a,-0.0020978709571556186
69,PC28,duration,-0.0001784830926626231
69,PC28,src_bytes,-8.422293032034692e-05
69,PC28,dst_bytes,-1.4568155911723162e-05
69,PC28,missed_bytes,-6.930807168667452e-06
69,PC28,src_pkts,-0.00012113658804837994
69,PC28,src_ip_bytes,-4.372471264234377e-05
69,PC28,dst_pkts,-0.00013465554440410601
69,PC28,dst_ip_bytes,-0.00035494918917136804
69,PC28,dns_qclass,0.013451236102193027
69,PC28,dns_qtype,0.009572654994086334
69,PC28,dns_rcode,-0.003219342147369934
69,PC28,http_request_body_len,-7.16491051277364e-05
69,PC28,http_response_body_len,-0.0011710307942766583
69,PC28,http_status_code,0.0002356821168797464
69,PC28,dns_query,0.07806049621796007
69,PC28,ssl_version,0.003357557682893378
69,PC28,ssl_cipher,0.0033575576828934264
69,PC28,ssl_subject,-4.591233723327988e-05
69,PC28,ssl_issuer,-4.59123372333059e-05
69,PC28,http_uri,-0.001061116673989275
69,PC28,http_user_agent,-0.0010611166739893513
69,PC28,http_orig_mime_types,-0.00016352022072602113
69,PC28,http_resp_mime_types,0.0033973595970868964
69,PC28,weird_name,0.0001722843660933865
69,PC28,proto_icmp,0.0008623497049034257
69,PC28,proto_tcp,0.00030310933022657804
69,PC28,proto_udp,-0.00116545903512974
69,PC28,service_dce_rpc,-0.0002880408555772096
69,PC28,service_dhcp,-9.060900736551636e-05
69,PC28,service_dns,0.00032022158797007094
69,PC28,service_ftp,0.03140083874432398
69,PC28,service_gssapi,-0.0013579304656426983
69,PC28,service_http,-0.017309503540904908
69,PC28,service_n/a,0.0026168893011331643
69,PC28,service_smb,-0.006952741297226242
69,PC28,service_smb;gssapi,-0.0011626568071420279
69,PC28,service_ssl,-0.007176467659568066
69,PC28,conn_state_OTH,-0.07412230899049607
69,PC28,conn_state_REJ,-0.07501672412326381
69,PC28,conn_state_RSTO,-0.1497519120769109
69,PC28,conn_state_RSTOS0,0.00720949333755294
69,PC28,conn_state_RSTR,-0.11062685932815057
69,PC28,conn_state_RSTRH,-0.11636538088113225
69,PC28,conn_state_S0,-0.07245690202420647
69,PC28,conn_state_S1,-0.07700643207883032
69,PC28,conn_state_S2,0.9487591230531724
69,PC28,conn_state_S3,-0.07395011371824457
69,PC28,conn_state_SF,-0.05967012582883176
69,PC28,conn_state_SH,-0.07794240757458412
69,PC28,conn_state_SHR,-0.069059449766075
69,PC28,dns_AA_F,-0.005553050038123047
69,PC28,dns_AA_T,-0.00992669842545637
69,PC28,dns_AA_n/a,0.015479748463579674
69,PC28,dns_RD_F,-0.01115113910292849
69,PC28,dns_RD_T,-0.004328609360651121
69,PC28,dns_RD_n/a,0.015479748463579692
69,PC28,dns_RA_F,-0.001790289646788506
69,PC28,dns_RA_T,-0.013689458816791344
69,PC28,dns_RA_n/a,0.015479748463579699
69,PC28,dns_rejected_F,-0.0037735134227276923
69,PC28,dns_rejected_T,-0.011706235040852154
69,PC28,dns_rejected_n/a,0.01547974846357967
69,PC28,ssl_resumed_F,0.002870293817141375
69,PC28,ssl_resumed_T,-9.915633170488186e-05
69,PC28,ssl_resumed_n/a,-0.0027711374854365225
69,PC28,ssl_established_F,0.0029162061543746357
69,PC28,ssl_established_T,-0.00014506866893820858
69,PC28,ssl_established_n/a,-0.0027711374854364436
69,PC28,http_trans_depth_1,0.0004256269073421746
69,PC28,http_trans_depth_10,-1.4849254695350035e-05
69,PC28,http_trans_depth_2,-0.0013292587591636291
69,PC28,http_trans_depth_6,-1.4849220860478092e-05
69,PC28,http_trans_depth_7,-1.4849284770790465e-05
69,PC28,http_trans_depth_8,-1.4849232138768677e-05
69,PC28,http_trans_depth_9,-1.4849213341618453e-05
69,PC28,http_trans_depth_n/a,0.00097787805762846
69,PC28,http_method_GET,-0.0007126305298303234
69,PC28,http_method_HEAD,-0.00016615898469211733
69,PC28,http_method_POST,-0.00018232715946686032
69,PC28,http_method_n/a,0.001061116673989359
69,PC28,http_version_1.1,-0.0007796210877714545
69,PC28,http_version_n/a,0.0007796210877714475
69,PC28,weird_addl_43,-2.7250595758900476e-05
69,PC28,weird_addl_46,-0.0007678045339388623
69,PC28,weird_addl_48,3.634402810794024e-05
69,PC28,weird_addl_n/a,0.0007587111015898429
69,PC28,weird_notice_F,0.00017228436609349924
69,PC28,weird_notice_n/a,-0.0001722843660934316
69,PC29,duration,0.001426291500787378
69,PC29,src_bytes,9.323023249316331e-05
69,PC29,dst_bytes,0.00041484135024021096
69,PC29,missed_bytes,-0.00015137976400203881
69,PC29,src_pkts,-0.00020506791767981036
69,PC29,src_ip_bytes,-0.00011528323706923999
69,PC29,dst_pkts,0.0013763976162572689
69,PC29,dst_ip_bytes,0.0009920119521021065
69,PC29,dns_qclass,-0.03658970255609675
69,PC29,dns_qtype,-0.03393014048862235
69,PC29,dns_rcode,0.023921482674764186
69,PC29,http_request_body_len,-0.00011287963619574515
69,PC29,http_response_body_len,-0.00033616658118050535
69,PC29,http_status_code,0.0008870676594707472
69,PC29,dns_query,0.8039214209094615
69,PC29,ssl_version,0.18175907256046012
69,PC29,ssl_cipher,0.18175907256045865
69,PC29,ssl_subject,0.00594647354099978
69,PC29,ssl_issuer,0.0059464735409996555
69,PC29,http_uri,-0.007021086505130822
69,PC29,http_user_agent,-0.007021086505131224
69,PC29,http_orig_mime_types,-0.0002946745990365929
69,PC29,http_resp_mime_types,-0.0005801390421932839
69,PC29,weird_name,-0.01020878582696269
69,PC29,proto_icmp,-0.0013603018393029132
69,PC29,proto_tcp,-0.0011908079787385506
69,PC29,proto_udp,0.002551109818043018
69,PC29,service_dce_rpc,-0.00791314713159752
69,PC29,service_dhcp,-0.0007411700137950894
69,PC29,service_dns,-0.2560785571032622
69,PC29,service_ftp,0.11314562555698733
69,PC29,service_gssapi,-0.034191730639547994
69,PC29,service_http,0.05874135571583615
69,PC29,service_n/a,0.030198125880348068
69,PC29,service_smb,-0.027076354891106685
69,PC29,service_smb;gssapi,-0.004041117812568094
69,PC29,service_ssl,0.12795697043870913
69,PC29,conn_state_OTH,-0.00988675556574435
69,PC29,conn_state_REJ,-0.010027026648766445
69,PC29,conn_state_RSTO,-0.0132792674179147
69,PC29,conn_state_RSTOS0,0.0013755028841674639
69,PC29,conn_state_RSTR,-0.05800689504100215
69,PC29,conn_state_RSTRH,-0.01267654747710796
69,PC29,conn_state_S0,-0.01280545637206347
69,PC29,conn_state_S1,-0.012476967316548892
69,PC29,conn_state_S2,-0.07407297201151239
69,PC29,conn_state_S3,-0.02759997988425327
69,PC29,conn_state_SF,-0.03820210133977993
69,PC29,conn_state_SH,-0.01030159516518598
69,PC29,conn_state_SHR,0.27796006135571844
69,PC29,dns_AA_F,-0.03621426555476928
69,PC29,dns_AA_T,-0.04442891903482716
69,PC29,dns_AA_n/a,0.08064318458959774
69,PC29,dns_RD_F,-0.023983879991954588
69,PC29,dns_RD_T,-0.0566593045976435
69,PC29,dns_RD_n/a,0.08064318458959778
69,PC29,dns_RA_F,-0.05243691569388541
69,PC29,dns_RA_T,-0.02820626889571621
69,PC29,dns_RA_n/a,0.08064318458959786
69,PC29,dns_rejected_F,-0.052291080071933865
69,PC29,dns_rejected_T,-0.02835210451766665
69,PC29,dns_rejected_n/a,0.08064318458959775
69,PC29,ssl_resumed_F,-0.1273540888672168
69,PC29,ssl_resumed_T,0.08579866368034883
69,PC29,ssl_resumed_n/a,0.04155542518686818
69,PC29,ssl_established_F,-0.13330056240821658
69,PC29,ssl_established_T,0.09174513722134864
69,PC29,ssl_established_n/a,0.0415554251868691
69,PC29,http_trans_depth_1,0.003456703690683299
69,PC29,http_trans_depth_10,-5.789526348003104e-05
69,PC29,http_trans_depth_2,-0.0006909072062161485
69,PC29,http_trans_depth_6,-5.789524676854135e-05
69,PC29,http_trans_depth_7,-5.789527833469045e-05
69,PC29,http_trans_depth_8,-5.7895252339037666e-05
69,PC29,http_trans_depth_9,-5.7895243054874506e-05
69,PC29,http_trans_depth_n/a,-0.002476320200489924
69,PC29,http_method_GET,-0.006591151537830036
69,PC29,http_method_HEAD,-0.00010794576056817143
69,PC29,http_method_POST,-0.00032198920673313176
69,PC29,http_method_n/a,0.0070210865051313995
69,PC29,http_version_1.1,0.002532648430080114
69,PC29,http_version_n/a,-0.0025326484300800915
69,PC29,weird_addl_43,0.0014415462682058145
69,PC29,weird_addl_46,0.009236906221072247
69,PC29,weird_addl_48,-0.0016299099539573286
69,PC29,weird_addl_n/a,-0.009048542535320642
69,PC29,weird_notice_F,-0.010208785826962765
69,PC29,weird_notice_n/a,0.010208785826962821
69,PC30,duration,0.0004158527022580719
69,PC30,src_bytes,7.277791189859266e-06
69,PC30,dst_bytes,-0.00018624402980613446
69,PC30,missed_bytes,3.455420326830064e-05
69,PC30,src_pkts,3.622339106367639e-05
69,PC30,src_ip_bytes,-9.354106839777956e-06
69,PC30,dst_pkts,-0.0006779879641513453
69,PC30,dst_ip_bytes,-0.00035369357294603304
69,PC30,dns_qclass,0.011196694271734187
69,PC30,dns_qtype,0.010462528251464546
69,PC30,dns_rcode,-0.0074795933780817375
69,PC30,http_request_body_len,9.71292686128937e-06
69,PC30,http_response_body_len,0.0006623754991718894
69,PC30,http_status_code,-0.0007298627017425542
69,PC30,dns_query,-0.28653433496041014
69,PC30,ssl_version,0.504803920286
69,PC30,ssl_cipher,0.5048039202859953
69,PC30,ssl_subject,0.021288963991560786
69,PC30,ssl_issuer,0.021288963991560994
69,PC30,http_uri,0.0028762097300642723
69,PC30,http_user_agent,0.0028762097300654155
69,PC30,http_orig_mime_types,1.1361104036489156e-05
69,PC30,http_resp_mime_types,-0.001458352684953354
69,PC30,weird_name,-0.0015061713138325716
69,PC30,proto_icmp,0.0002614993224969754
69,PC30,proto_tcp,7.352349609614228e-05
69,PC30,proto_udp,-0.0003350228185972637
69,PC30,service_dce_rpc,0.009475008045112449
69,PC30,service_dhcp,0.0029756339100564244
69,PC30,service_dns,0.08386658818156945
69,PC30,service_ftp,-0.05757842505411112
69,PC30,service_gssapi,0.0463479773803504
69,PC30,service_http,-0.04185649278814718
69,PC30,service_n/a,-0.03382181286964179
69,PC30,service_smb,0.01035059222970669
69,PC30,service_smb;gssapi,0.0015035478024812109
69,PC30,service_ssl,-0.02126261683737908
69,PC30,conn_state_OTH,0.005517977848137241
69,PC30,conn_state_REJ,0.005738653154557925
69,PC30,conn_state_RSTO,0.033134718635970783
69,PC30,conn_state_RSTOS0,-0.0012066956223006076
69,PC30,conn_state_RSTR,-0.0015505686555258164
69,PC30,conn_state_RSTRH,0.0057351618852562805
69,PC30,conn_state_S0,0.005954440582002615
69,PC30,conn_state_S1,0.005660767700806341
69,PC30,conn_state_S2,0.02654874515730913
69,PC30,conn_state_S3,0.009342035655762224
69,PC30,conn_state_SF,0.013855177409111283
69,PC30,conn_state_SH,0.005877202505465541
69,PC30,conn_state_SHR,-0.11460761625656668
69,PC30,dns_AA_F,0.011779822504579644
69,PC30,dns_AA_T,0.014594201782843971
69,PC30,dns_AA_n/a,-0.02637402428742481
69,PC30,dns_RD_F,0.008046482162612575
69,PC30,dns_RD_T,0.018327542124812343
69,PC30,dns_RD_n/a,-0.026374024287424948
69,PC30,dns_RA_F,0.01692269030554636
69,PC30,dns_RA_T,0.009451333981881554
69,PC30,dns_RA_n/a,-0.026374024287424858
69,PC30,dns_rejected_F,0.01701580514233826
69,PC30,dns_rejected_T,0.009358219145090496
69,PC30,dns_rejected_n/a,-0.02637402428742478
69,PC30,ssl_resumed_F,-0.2879866032060866
69,PC30,ssl_resumed_T,0.2991903886975956
69,PC30,ssl_resumed_n/a,-0.011203785491509473
69,PC30,ssl_established_F,-0.30927556719764693
69,PC30,ssl_established_T,0.32047935268915656
69,PC30,ssl_established_n/a,-0.01120378549150857
69,PC30,http_trans_depth_1,-0.002459107361173718
69,PC30,http_trans_depth_10,1.5997991559546523e-05
69,PC30,http_trans_depth_2,0.0007977372812607193
69,PC30,http_trans_depth_6,1.599795564686709e-05
69,PC30,http_trans_depth_7,1.5998023481929053e-05
69,PC30,http_trans_depth_8,1.5997967617760673e-05
69,PC30,http_trans_depth_9,1.599794766627132e-05
69,PC30,http_trans_depth_n/a,0.0015813801939404057
69,PC30,http_method_GET,0.002914774728524791
69,PC30,http_method_HEAD,-5.299142317680497e-05
69,PC30,http_method_POST,1.4426424717597572e-05
69,PC30,http_method_n/a,-0.002876209730065832
69,PC30,http_version_1.1,-0.0016100370341394638
69,PC30,http_version_n/a,0.0016100370341394707
69,PC30,weird_addl_43,-0.0007528699789163158
69,PC30,weird_addl_46,0.009431200372519377
69,PC30,weird_addl_48,0.00018009250195863413
69,PC30,weird_addl_n/a,-0.00885842289556199
69,PC30,weird_notice_F,-0.0015061713138330886
69,PC30,weird_notice_n/a,0.0015061713138327243
69,PC31,duration,0.00020215657798158227
69,PC31,src_bytes,0.00023786988426140686
69,PC31,dst_bytes,0.00027844168845286496
69,PC31,missed_bytes,6.455278334183915e-05
69,PC31,src_pkts,-0.00011946233790158505
69,PC31,src_ip_bytes,-4.15732424589579e-05
69,PC31,dst_pkts,0.00036979273371410756
69,PC31,dst_ip_bytes,0.0001612310287411071
69,PC31,dns_qclass,0.005707949809240059
69,PC31,dns_qtype,0.005424952615741296
69,PC31,dns_rcode,-0.0028440001230713
69,PC31,http_request_body_len,1.985382639334201e-06
69,PC31,http_response_body_len,-0.0003039384709883357
69,PC31,http_status_code,0.0005300959088784408
69,PC31,dns_query,0.05973130632471965
69,PC31,ssl_version,-0.001543881643034338
69,PC31,ssl_cipher,-0.001543881643033998
69,PC31,ssl_subject,-0.0018433854991576739
69,PC31,ssl_issuer,-0.0018433854991576036
69,PC31,http_uri,-0.0015292193824159718
69,PC31,http_user_agent,-0.001529219382416732
69,PC31,http_orig_mime_types,1.6801151509611596e-05
69,PC31,http_resp_mime_types,0.0009247084853796026
69,PC31,weird_name,0.0030995245730953344
69,PC31,proto_icmp,0.0015448093996885438
69,PC31,proto_tcp,-0.0007142807608897369
69,PC31,proto_udp,-0.0008305286387965943
69,PC31,service_dce_rpc,0.08213613925345786
69,PC31,service_dhcp,0.03541008951352296
69,PC31,service_dns,-0.2341320712341173
69,PC31,service_ftp,-0.26242656546586846
69,PC31,service_gssapi,0.8477510133665984
69,PC31,service_http,-0.19452686251118978
69,PC31,service_n/a,-0.18595884985315037
69,PC31,service_smb,0.12548839980072196
69,PC31,service_smb;gssapi,0.015628043340743168
69,PC31,service_ssl,-0.22936933621071742
69,PC31,conn_state_OTH,-0.00823938960101181
69,PC31,conn_state_REJ,-0.00611507647499053
69,PC31,conn_state_RSTO,-0.001903152794542104
69,PC31,conn_state_RSTOS0,0.0021018259517580906
69,PC31,conn_state_RSTR,-0.0018392180131042463
69,PC31,conn_state_RSTRH,-0.0071295178917212265
69,PC31,conn_state_S0,-0.005258395200373703
69,PC31,conn_state_S1,-0.005467342653837595
69,PC31,conn_state_S2,-0.00039788314706523664
69,PC31,conn_state_S3,-0.0009101437146995794
69,PC31,conn_state_SF,0.001853430506254361
69,PC31,conn_state_SH,-0.006188546482010952
69,PC31,conn_state_SHR,0.0394934095153482
69,PC31,dns_AA_F,-0.0006811015420559452
69,PC31,dns_AA_T,-0.002916459869940685
69,PC31,dns_AA_n/a,0.0035975614119973277
69,PC31,dns_RD_F,-0.0038853390661671913
69,PC31,dns_RD_T,0.00028777765416995726
69,PC31,dns_RD_n/a,0.003597561411997432
69,PC31,dns_RA_F,0.001340545909444657
69,PC31,dns_RA_T,-0.004938107321443168
69,PC31,dns_RA_n/a,0.0035975614119973416
69,PC31,dns_rejected_F,0.0001510136772561732
69,PC31,dns_rejected_T,-0.0037485750892555236
69,PC31,dns_rejected_n/a,0.0035975614119973347
69,PC31,ssl_resumed_F,0.02192110474653165
69,PC31,ssl_resumed_T,-0.028722830059931287
69,PC31,ssl_resumed_n/a,0.006801725313399835
69,PC31,ssl_established_F,0.023764490245689204
69,PC31,ssl_established_T,-0.030566215559088963
69,PC31,ssl_established_n/a,0.006801725313400175
69,PC31,http_trans_depth_1,0.0014200968862172203
69,PC31,http_trans_depth_10,-9.853144198830843e-06
69,PC31,http_trans_depth_2,-0.0003886224088302942
69,PC31,http_trans_depth_6,-9.853120790827307e-06
69,PC31,http_trans_depth_7,-9.85316500594485e-06
69,PC31,http_trans_depth_8,-9.853128593495351e-06
69,PC31,http_trans_depth_9,-9.853115589048602e-06
69,PC31,http_trans_depth_n/a,-0.0009822088032087409
69,PC31,http_method_GET,-0.0015147674342911172
69,PC31,http_method_HEAD,-3.110722299613268e-05
69,PC31,http_method_POST,1.6655274870490486e-05
69,PC31,http_method_n/a,0.0015292193824170061
69,PC31,http_version_1.1,0.0011895553264019004
69,PC31,http_version_n/a,-0.0011895553264018727
69,PC31,weird_addl_43,0.00041653354850424915
69,PC31,weird_addl_46,-0.00618721158434446
69,PC31,weird_addl_48,0.00018937522518031047
69,PC31,weird_addl_n/a,0.0055813028106601326
69,PC31,weird_notice_F,0.003099524573095718
69,PC31,weird_notice_n/a,-0.003099524573095414
69,PC32,duration,-0.008690370096859011
69,PC32,src_bytes,-0.00010075140126437204
69,PC32,dst_bytes,1.5812522861452516e-05
69,PC32,missed_bytes,3.850259517174104e-05
69,PC32,src_pkts,-0.013100622958191324
69,PC32,src_ip_bytes,-0.006225167401668272
69,PC32,dst_pkts,-0.00792646377731962
69,PC32,dst_ip_bytes,-0.011459625388457295
69,PC32,dns_qclass,0.0004926872401636723
69,PC32,dns_qtype,0.002411963158878122
69,PC32,dns_rcode,-0.0005186902453538141
69,PC32,http_request_body_len,0.0003309025433738469
69,PC32,http_response_body_len,0.0010538606120643335
69,PC32,http_status_code,0.0016515180320527262
69,PC32,dns_query,-0.010579235430082379
69,PC32,ssl_version,-0.009667231900914286
69,PC32,ssl_cipher,-0.009667231900914564
69,PC32,ssl_subject,0.0002076216228372174
69,PC32,ssl_issuer,0.0002076216228371619
69,PC32,http_uri,0.0020747911078288217
69,PC32,http_user_agent,0.0020747911078290715
69,PC32,http_orig_mime_types,0.0007856955579953473
69,PC32,http_resp_mime_types,-0.0025367311316420865
69,PC32,weird_name,-0.3153328571080421
69,PC32,proto_icmp,0.0008928792335097524
69,PC32,proto_tcp,0.0009133390148510223
69,PC32,proto_udp,-0.0018062182483608719
69,PC32,service_dce_rpc,0.00014442218004105667
69,PC32,service_dhcp,-8.396709057829563e-05
69,PC32,service_dns,0.0010510165024892465
69,PC32,service_ftp,-0.00433330485915856
69,PC32,service_gssapi,0.008224977148575445
69,PC32,service_http,-0.0030600904332007683
69,PC32,service_n/a,3.367085356303229e-05
69,PC32,service_smb,0.003464554117020376
69,PC32,service_smb;gssapi,0.00037833650898228726
69,PC32,service_ssl,-0.005819614927734339
69,PC32,conn_state_OTH,0.0013216448687720815
69,PC32,conn_state_REJ,0.001284825888305659
69,PC32,conn_state_RSTO,0.002674371334458416
69,PC32,conn_state_RSTOS0,-0.029052616768168168
69,PC32,conn_state_RSTR,0.005013093970761273
69,PC32,conn_state_RSTRH,0.0013475553644204542
69,PC32,conn_state_S0,0.004111054887236855
69,PC32,conn_state_S1,0.00142938635267308
69,PC32,conn_state_S2,0.004592062432030662
69,PC32,conn_state_S3,0.0030659268383821927
69,PC32,conn_state_SF,0.0043824823736308225
69,PC32,conn_state_SH,0.0017843803676283556
69,PC32,conn_state_SHR,-0.0019541679101321248
69,PC32,dns_AA_F,0.002039937321156862
69,PC32,dns_AA_T,-0.0010052827254850658
69,PC32,dns_AA_n/a,-0.001034654595671299
69,PC32,dns_RD_F,-0.0010676840331405452
69,PC32,dns_RD_T,0.002102338628811781
69,PC32,dns_RD_n/a,-0.0010346545956713218
69,PC32,dns_RA_F,0.0019231966720857645
69,PC32,dns_RA_T,-0.0008885420764143254
69,PC32,dns_RA_n/a,-0.0010346545956712962
69,PC32,dns_rejected_F,0.001834426827476269
69,PC32,dns_rejected_T,-0.0007997722318047028
69,PC32,dns_rejected_n/a,-0.001034654595671326
69,PC32,ssl_resumed_F,0.011375661217035631
69,PC32,ssl_resumed_T,-0.0014401531820509776
69,PC32,ssl_resumed_n/a,-0.009935508034984712
69,PC32,ssl_established_F,0.011168039594198518
69,PC32,ssl_established_T,-0.001232531559213808
69,PC32,ssl_established_n/a,-0.009935508034984764
69,PC32,http_trans_depth_1,0.00040211224263554744
69,PC32,http_trans_depth_10,6.438478212944869e-05
69,PC32,http_trans_depth_2,0.0015273270945144297
69,PC32,http_trans_depth_6,6.438468406916428e-05
69,PC32,http_trans_depth_7,6.438486929414651e-05
69,PC32,http_trans_depth_8,6.438471675592607e-05
69,PC32,http_trans_depth_9,6.43846622779887e-05
69,PC32,http_trans_depth_n/a,-0.0022513630516766314
69,PC32,http_method_GET,0.0009816673341542924
69,PC32,http_method_HEAD,0.00022589747703849713
69,PC32,http_method_POST,0.0008672262966362827
69,PC32,http_method_n/a,-0.0020747911078291383
69,PC32,http_version_1.1,0.002038665508016344
69,PC32,http_version_n/a,-0.002038665508016372
69,PC32,weird_addl_43,-0.016206653884282704
69,PC32,weird_addl_46,0.6344197326058251
69,PC32,weird_addl_48,-0.07949791956243704
69,PC32,weird_addl_n/a,-0.5387151591591018
69,PC32,weird_notice_F,-0.3153328571080415
69,PC32,weird_notice_n/a,0.31533285710804154
69,PC33,duration,-0.000560722217552881
69,PC33,src_bytes,-4.50323555694211e-05
69,PC33,dst_bytes,-2.315235996070298e-05
69,PC33,missed_bytes,-2.9856551588968057e-05
69,PC33,src_pkts,-8.882469553802078e-06
69,PC33,src_ip_bytes,5.026077982707737e-05
69,PC33,dst_pkts,0.00010512238862364458
69,PC33,dst_ip_bytes,7.490889015195502e-05
69,PC33,dns_qclass,-0.0008754471225384626
69,PC33,dns_qtype,-0.0008165249464979333
69,PC33,dns_rcode,0.0005349603784676402
69,PC33,http_request_body_len,-2.405029412230861e-05
69,PC33,http_response_body_len,7.924415319219083e-05
69,PC33,http_status_code,-5.503381165851179e-05
69,PC33,dns_query,0.009617276800863831
69,PC33,ssl_version,0.06723927274969772
69,PC33,ssl_cipher,0.06723927274969854
69,PC33,ssl_subject,-0.0009431563726508699
69,PC33,ssl_issuer,-0.0009431563726515647
69,PC33,http_uri,-0.0005582049135956328
69,PC33,http_user_agent,-0.0005582049135990502
69,PC33,http_orig_mime_types,-5.400096955335276e-05
69,PC33,http_resp_mime_types,0.00018812686784708266
69,PC33,weird_name,0.00013551635163390127
69,PC33,proto_icmp,-0.00031574668313685134
69,PC33,proto_tcp,-0.00027446928011441545
69,PC33,proto_udp,0.0005902159632615693
69,PC33,service_dce_rpc,0.34739032523324725
69,PC33,service_dhcp,0.08727476621945253
69,PC33,service_dns,-0.17499158138130483
69,PC33,service_ftp,-0.16253513459874644
69,PC33,service_gssapi,-0.3743464209069623
69,PC33,service_http,-0.16435403275679472
69,PC33,service_n/a,-0.16662847026460115
69,PC33,service_smb,0.7488523892965665
69,PC33,service_smb;gssapi,0.02199298679208886
69,PC33,service_ssl,-0.1626548276329367
69,PC33,conn_state_OTH,0.004955267805759486
69,PC33,conn_state_REJ,0.004936275048932459
69,PC33,conn_state_RSTO,0.005534581293908922
69,PC33,conn_state_RSTOS0,-0.0052817182381160455
69,PC33,conn_state_RSTR,-0.05163606454521434
69,PC33,conn_state_RSTRH,0.005005001185935332
69,PC33,conn_state_S0,0.004197445766683287
69,PC33,conn_state_S1,0.00483436136578147
69,PC33,conn_state_S2,0.004332779628338487
69,PC33,conn_state_S3,0.003886335631991103
69,PC33,conn_state_SF,0.003104577581145955
69,PC33,conn_state_SH,0.004963043750640703
69,PC33,conn_state_SHR,0.01116811372424379
69,PC33,dns_AA_F,-5.4754456847966315e-05
69,PC33,dns_AA_T,4.9227662857004306e-05
69,PC33,dns_AA_n/a,5.526793992793877e-06
69,PC33,dns_RD_F,0.00036825281877617133
69,PC33,dns_RD_T,-0.00037377961276920807
69,PC33,dns_RD_n/a,5.526793993106127e-06
69,PC33,dns_RA_F,-0.0004634594590233708
69,PC33,dns_RA_T,0.000457932665025404
69,PC33,dns_RA_n/a,5.526793992668977e-06
69,PC33,dns_rejected_F,-0.00034473054142034054
69,PC33,dns_rejected_T,0.0003392037474188245
69,PC33,dns_rejected_n/a,5.526793992675916e-06
69,PC33,ssl_resumed_F,0.02967038524195867
69,PC33,ssl_resumed_T,-0.08003982426616173
69,PC33,ssl_resumed_n/a,0.050369439024204085
69,PC33,ssl_established_F,0.030613541614609135
69,PC33,ssl_established_T,-0.08098298063881289
69,PC33,ssl_established_n/a,0.05036943902420622
69,PC33,http_trans_depth_1,0.00016363616232934006
69,PC33,http_trans_depth_10,-4.2439631441532415e-06
69,PC33,http_trans_depth_2,5.900005217386595e-05
69,PC33,http_trans_depth_6,-4.2439766017387835e-06
69,PC33,http_trans_depth_7,-4.243951181855718e-06
69,PC33,http_trans_depth_8,-4.2439721158774365e-06
69,PC33,http_trans_depth_9,-4.24397959231245e-06
69,PC33,http_trans_depth_n/a,-0.00020141637186681105
69,PC33,http_method_GET,6.195064256973165e-05
69,PC33,http_method_HEAD,-0.0005603755784639964
69,PC33,http_method_POST,-5.977997770524981e-05
69,PC33,http_method_n/a,0.0005582049136001188
69,PC33,http_version_1.1,0.00018163480660241677
69,PC33,http_version_n/a,-0.000181634806602278
69,PC33,weird_addl_43,0.00014089360567154027
69,PC33,weird_addl_46,0.00017549642959951983
69,PC33,weird_addl_48,-0.0003302805686835608
69,PC33,weird_addl_n/a,1.389053341445401e-05
69,PC33,weird_notice_F,0.00013551635163579906
69,PC33,weird_notice_n/a,-0.00013551635163469578
69,PC34,duration,3.375333347073013e-05
69,PC34,src_bytes,-4.871736382531064e-05
69,PC34,dst_bytes,1.931066170658146e-05
69,PC34,missed_bytes,6.15988627887667e-05
69,PC34,src_pkts,0.00014649262180405664
69,PC34,src_ip_bytes,8.665046475585676e-05
69,PC34,dst_pkts,0.0007682081350208493
69,PC34,dst_ip_bytes,0.00019742802271024876
69,PC34,dns_qclass,-0.0004138122129649096
69,PC34,dns_qtype,-0.0002632187577684461
69,PC34,dns_rcode,0.00033686250672999407
69,PC34,http_request_body_len,9.920909982577901e-05
69,PC34,http_response_body_len,-0.0012022723351232314
69,PC34,http_status_code,0.001169102451368318
69,PC34,dns_query,0.03753225324787725
69,PC34,ssl_version,-0.37774740345227786
69,PC34,ssl_cipher,-0.37774740345227475
69,PC34,ssl_subject,0.007726403086867492
69,PC34,ssl_issuer,0.007726403086867632
69,PC34,http_uri,-0.003608171320403527
69,PC34,http_user_agent,-0.00360817132040338
69,PC34,http_orig_mime_types,0.0003192650752711964
69,PC34,http_resp_mime_types,0.002131091367416228
69,PC34,weird_name,0.0022845615821305808
69,PC34,proto_icmp,0.00016353442090338865
69,PC34,proto_tcp,0.00015592361595979562
69,PC34,proto_udp,-0.00031945803686333465
69,PC34,service_dce_rpc,0.06234574748206343
69,PC34,service_dhcp,0.013022801299567762
69,PC34,service_dns,-0.04799987109577274
69,PC34,service_ftp,-0.010553724854567974
69,PC34,service_gssapi,-0.03259204451081933
69,PC34,service_http,-0.016824364989947917
69,PC34,service_n/a,-0.017035660304468535
69,PC34,service_smb,0.1344563598555727
69,PC34,service_smb;gssapi,-0.0004179412889021008
69,PC34,service_ssl,-0.08440130159272567
69,PC34,conn_state_OTH,-0.001947024965165134
69,PC34,conn_state_REJ,-0.0019484743850939719
69,PC34,conn_state_RSTO,4.511690414640834e-05
69,PC34,conn_state_RSTOS0,0.00374197090186185
69,PC34,conn_state_RSTR,-0.020720548569874462
69,PC34,conn_state_RSTRH,-0.0008158969279636399
69,PC34,conn_state_S0,-0.001529424598195911
69,PC34,conn_state_S1,-0.001566774405138277
69,PC34,conn_state_S2,-0.0019038921489902827
69,PC34,conn_state_S3,0.0002900043977451614
69,PC34,conn_state_SF,-0.001984893985521277
69,PC34,conn_state_SH,-0.0019632246712751114
69,PC34,conn_state_SHR,0.030303062453463606
69,PC34,dns_AA_F,-0.0003632327659322254
69,PC34,dns_AA_T,-0.0006528043725584631
69,PC34,dns_AA_n/a,0.0010160371384906712
69,PC34,dns_RD_F,-0.0003190875679547345
69,PC34,dns_RD_T,-0.0006969495705359194
69,PC34,dns_RD_n/a,0.0010160371384906539
69,PC34,dns_RA_F,-0.0006517570002484846
69,PC34,dns_RA_T,-0.00036428013824223865
69,PC34,dns_RA_n/a,0.0010160371384907163
69,PC34,dns_rejected_F,-0.0006878348586751848
69,PC34,dns_rejected_T,-0.0003282022798151707
69,PC34,dns_rejected_n/a,0.0010160371384906886
69,PC34,ssl_resumed_F,-0.16059891958490127
69,PC34,ssl_resumed_T,0.4646983532067859
69,PC34,ssl_resumed_n/a,-0.30409943362188596
69,PC34,ssl_established_F,-0.1683253226717695
69,PC34,ssl_established_T,0.47242475629365566
69,PC34,ssl_established_n/a,-0.3040994336218862
69,PC34,http_trans_depth_1,0.004045633048914178
69,PC34,http_trans_depth_10,-5.526718841864361e-05
69,PC34,http_trans_depth_2,-0.001745626489406856
69,PC34,http_trans_depth_6,-5.5266950778120015e-05
69,PC34,http_trans_depth_7,-5.526739965466449e-05
69,PC34,http_trans_depth_8,-5.5267029991627655e-05
69,PC34,http_trans_depth_9,-5.5266897969113146e-05
69,PC34,http_trans_depth_n/a,-0.0020236710926951097
69,PC34,http_method_GET,-0.0037867836991554438
69,PC34,http_method_HEAD,-0.00015824112694961227
69,PC34,http_method_POST,0.0003368535057016379
69,PC34,http_method_n/a,0.003608171320403357
69,PC34,http_version_1.1,0.0024600389668719413
69,PC34,http_version_n/a,-0.002460038966871931
69,PC34,weird_addl_43,0.0011291115962792433
69,PC34,weird_addl_46,-0.006675182362031656
69,PC34,weird_addl_48,0.0021927360541240427
69,PC34,weird_addl_n/a,0.003353334711628103
69,PC34,weird_notice_F,0.0022845615821303067
69,PC34,weird_notice_n/a,-0.0022845615821304455
69,PC35,duration,0.0004748468617975852
69,PC35,src_bytes,0.0002119624846095092
69,PC35,dst_bytes,0.00020422890087763257
69,PC35,missed_bytes,6.642831289386804e-05
69,PC35,src_pkts,-0.00022390492033285683
69,PC35,src_ip_bytes,-0.00012633115622778194
69,PC35,dst_pkts,9.606868059972105e-06
69,PC35,dst_ip_bytes,-0.00011922464811587935
69,PC35,dns_qclass,0.0018390787111776069
69,PC35,dns_qtype,0.00183376795250802
69,PC35,dns_rcode,-0.0010952505814666815
69,PC35,http_request_body_len,8.933763841248091e-05
69,PC35,http_response_body_len,-0.0007320177827031275
69,PC35,http_status_code,0.00044956769001598006
69,PC35,dns_query,-4.836535497319957e-05
69,PC35,ssl_version,-0.0027310047781909422
69,PC35,ssl_cipher,-0.002731004778191159
69,PC35,ssl_subject,-0.0010425936971039868
69,PC35,ssl_issuer,-0.0010425936971038968
69,PC35,http_uri,-0.0006457777043988077
69,PC35,http_user_agent,-0.0006457777043977217
69,PC35,http_orig_mime_types,0.0002698920129786415
69,PC35,http_resp_mime_types,0.001117912825207689
69,PC35,weird_name,-0.0005088630833464669
69,PC35,proto_icmp,0.0005346137591861928
69,PC35,proto_tcp,1.045747595133234e-07
69,PC35,proto_udp,-0.0005347183339483811
69,PC35,service_dce_rpc,0.8405893424674432
69,PC35,service_dhcp,0.05113586739361075
69,PC35,service_dns,-0.058632025659795306
69,PC35,service_ftp,-0.07759154466149314
69,PC35,service_gssapi,-0.0923181937124914
69,PC35,service_http,-0.0593397296230274
69,PC35,service_n/a,-0.055933053798778665
69,PC35,service_smb,-0.5100869004931295
69,PC35,service_smb;gssapi,0.026587220344126677
69,PC35,service_ssl,-0.06441098225647032
69,PC35,conn_state_OTH,-0.005041062524656106
69,PC35,conn_state_REJ,-0.004525950288393171
69,PC35,conn_state_RSTO,-0.003607164053612444
69,PC35,conn_state_RSTOS0,0.011343802930093749
69,PC35,conn_state_RSTR,0.02801498512253093
69,PC35,conn_state_RSTRH,-0.00472865829857011
69,PC35,conn_state_S0,-0.003983211465305586
69,PC35,conn_state_S1,-0.004320215052198123
69,PC35,conn_state_S2,-0.0026633434131076994
69,PC35,conn_state_S3,-0.002793905348901393
69,PC35,conn_state_SF,-0.0015844764245759313
69,PC35,conn_state_SH,-0.004538751335136038
69,PC35,conn_state_SHR,-0.0015720498481791856
69,PC35,dns_AA_F,0.00021795228601555888
69,PC35,dns_AA_T,-0.0002753540246918512
69,PC35,dns_AA_n/a,5.74017386756262e-05
69,PC35,dns_RD_F,-0.0008132825832752183
69,PC35,dns_RD_T,0.0007558808445996337
69,PC35,dns_RD_n/a,5.740173867556375e-05
69,PC35,dns_RA_F,0.0010057040474304585
69,PC35,dns_RA_T,-0.0010631057861045096
69,PC35,dns_RA_n/a,5.740173867570253e-05
69,PC35,dns_rejected_F,0.0006879855297518538
69,PC35,dns_rejected_T,-0.0007453872684248242
69,PC35,dns_rejected_n/a,5.740173867568865e-05
69,PC35,ssl_resumed_F,0.0007326486601186011
69,PC35,ssl_resumed_T,0.0002827178291898515
69,PC35,ssl_resumed_n/a,-0.0010153664893087083
69,PC35,ssl_established_F,0.0017752423572228032
69,PC35,ssl_established_T,-0.0007598758679141573
69,PC35,ssl_established_n/a,-0.0010153664893093467
69,PC35,http_trans_depth_1,0.001347861982241877
69,PC35,http_trans_depth_10,-1.1268314151131285e-05
69,PC35,http_trans_depth_2,-0.0009271558611407375
69,PC35,http_trans_depth_6,-1.1268140982618037e-05
69,PC35,http_trans_depth_7,-1.1268468078702359e-05
69,PC35,http_trans_depth_8,-1.126819870545594e-05
69,PC35,http_trans_depth_9,-1.1268102500728541e-05
69,PC35,http_trans_depth_n/a,-0.0003643648966827548
69,PC35,http_method_GET,-0.0013693166636515111
69,PC35,http_method_HEAD,0.00043749164223902035
69,PC35,http_method_POST,0.00028604731701489024
69,PC35,http_method_n/a,0.0006457777043975266
69,PC35,http_version_1.1,0.0006329891186042103
69,PC35,http_version_n/a,-0.0006329891186042311
69,PC35,weird_addl_43,-0.00012604582504498326
69,PC35,weird_addl_46,0.0014814851913069887
69,PC35,weird_addl_48,-0.0009208345831183615
69,PC35,weird_addl_n/a,-0.0004346047831441796
69,PC35,weird_notice_F,-0.0005088630833469943
69,PC35,weird_notice_n/a,0.000508863083346689
69,PC36,duration,-0.0010751676819322515
69,PC36,src_bytes,-0.00039055475225562237
69,PC36,dst_bytes,-0.00035732041115384616
69,PC36,missed_bytes,-8.557694181015327e-05
69,PC36,src_pkts,-0.001399283915058995
69,PC36,src_ip_bytes,-0.0007776576889663264
69,PC36,dst_pkts,-0.001068176701194569
69,PC36,dst_ip_bytes,-0.0014198985015888392
69,PC36,dns_qclass,-0.0006203395294665385
69,PC36,dns_qtype,-0.0006045008415445328
69,PC36,dns_rcode,0.000355344276436677
69,PC36,http_request_body_len,-6.9802484909608446e-06
69,PC36,http_response_body_len,0.00031838723955958045
69,PC36,http_status_code,-0.00030061560040680485
69,PC36,dns_query,-0.0025503596698417275
69,PC36,ssl_version,0.001999037637668662
69,PC36,ssl_cipher,0.0019990376376688448
69,PC36,ssl_subject,0.0002919182583716864
69,PC36,ssl_issuer,0.00029191825837180264
69,PC36,http_uri,0.000901125503521053
69,PC36,http_user_agent,0.0009011255035208388
69,PC36,http_orig_mime_types,-2.432964708145094e-05
69,PC36,http_resp_mime_types,-0.00020004167839400913
69,PC36,weird_name,-0.00868613958952072
69,PC36,proto_icmp,-0.00010419428944231576
69,PC36,proto_tcp,-0.0001541741108270836
69,PC36,proto_udp,0.00025836840027011537
69,PC36,service_dce_rpc,-0.008654751872241417
69,PC36,service_dhcp,0.0020071213937413943
69,PC36,service_dns,0.001509048607474528
69,PC36,service_ftp,0.0011768890940201115
69,PC36,service_gssapi,-0.002251418466084773
69,PC36,service_http,-0.00024558353423796437
69,PC36,service_n/a,-0.001599479165572834
69,PC36,service_smb,0.009165922784218045
69,PC36,service_smb;gssapi,-0.0013875325964724419
69,PC36,service_ssl,0.00027978375515578646
69,PC36,conn_state_OTH,-0.07752141369055184
69,PC36,conn_state_REJ,-0.07760299318192418
69,PC36,conn_state_RSTO,-0.08189845370262566
69,PC36,conn_state_RSTOS0,0.9594438870750663
69,PC36,conn_state_RSTR,-0.08235107384382223
69,PC36,conn_state_RSTRH,-0.08030638159880106
69,PC36,conn_state_S0,-0.07787415393451293
69,PC36,conn_state_S1,-0.07797609303760099
69,PC36,conn_state_S2,-0.08726259321072295
69,PC36,conn_state_S3,-0.07906025550744827
69,PC36,conn_state_SF,-0.07869694620298977
69,PC36,conn_state_SH,-0.07787347637433864
69,PC36,conn_state_SHR,-0.08102005278972715
69,PC36,dns_AA_F,-4.261177841544811e-05
69,PC36,dns_AA_T,0.00011840417847575231
69,PC36,dns_AA_n/a,-7.579240006012466e-05
69,PC36,dns_RD_F,0.00026712536622329475
69,PC36,dns_RD_T,-0.00019133296616320392
69,PC36,dns_RD_n/a,-7.579240006011598e-05
69,PC36,dns_RA_F,-0.00028407274534913117
69,PC36,dns_RA_T,0.0003598651454089011
69,PC36,dns_RA_n/a,-7.579240006015155e-05
69,PC36,dns_rejected_F,-0.0001736952479896347
69,PC36,dns_rejected_T,0.0002494876480490266
69,PC36,dns_rejected_n/a,-7.579240006015371e-05
69,PC36,ssl_resumed_F,0.001197095883489492
69,PC36,ssl_resumed_T,-0.002046358211396692
69,PC36,ssl_resumed_n/a,0.000849262327907236
69,PC36,ssl_established_F,0.0009051776251177393
69,PC36,ssl_established_T,-0.0017544399530249714
69,PC36,ssl_established_n/a,0.0008492623279074008
69,PC36,http_trans_depth_1,-0.0011487773812369519
69,PC36,http_trans_depth_10,3.554767942222855e-05
69,PC36,http_trans_depth_2,0.0006323813731926378
69,PC36,http_trans_depth_6,3.5547582121499215e-05
69,PC36,http_trans_depth_7,3.554776591176102e-05
69,PC36,http_trans_depth_8,3.554761455507686e-05
69,PC36,http_trans_depth_9,3.554756049911644e-05
69,PC36,http_trans_depth_n/a,0.0003386578055345065
69,PC36,http_method_GET,0.0009994079739331224
69,PC36,http_method_HEAD,-7.300743826138458e-05
69,PC36,http_method_POST,-2.5275032150933775e-05
69,PC36,http_method_n/a,-0.0009011255035206904
69,PC36,http_version_1.1,-0.0005753023979532512
69,PC36,http_version_n/a,0.000575302397953225
69,PC36,weird_addl_43,-0.004236496863271591
69,PC36,weird_addl_46,0.0334192691931856
69,PC36,weird_addl_48,-0.03278660859720359
69,PC36,weird_addl_n/a,0.0036038362672880103
69,PC36,weird_notice_F,-0.008686139589520433
69,PC36,weird_notice_n/a,0.008686139589520478
69,PC37,duration,-0.0016802196443473534
69,PC37,src_bytes,-0.0001886274922769356
69,PC37,dst_bytes,-0.0017182138056320764
69,PC37,missed_bytes,-0.0023922276889677676
69,PC37,src_pkts,-0.01068870772272033
69,PC37,src_ip_bytes,-0.002615086089646633
69,PC37,dst_pkts,-0.0021141770149596248
69,PC37,dst_ip_bytes,-0.014296863779359056
69,PC37,dns_qclass,-0.0005187108971096794
69,PC37,dns_qtype,-0.0005465038878952905
69,PC37,dns_rcode,0.00029889818322787723
69,PC37,http_request_body_len,0.015003467942817034
69,PC37,http_response_body_len,-0.34937272781806517
69,PC37,http_status_code,0.026909379540819775
69,PC37,dns_query,-0.006079437119863932
69,PC37,ssl_version,0.0035896400350283945
69,PC37,ssl_cipher,0.0035896400350274877
69,PC37,ssl_subject,0.0005667237974626301
69,PC37,ssl_issuer,0.0005667237974625186
69,PC37,http_uri,-0.17936358660347587
69,PC37,http_user_agent,-0.1793635866034758
69,PC37,http_orig_mime_types,0.0711502452278637
69,PC37,http_resp_mime_types,0.5374009712765973
69,PC37,weird_name,-0.0007012086671185358
69,PC37,proto_icmp,-0.00010246263308857917
69,PC37,proto_tcp,-0.00012007321929794618
69,PC37,proto_udp,0.0002225358523856892
69,PC37,service_dce_rpc,-0.003125318898122127
69,PC37,service_dhcp,0.0004995022406611704
69,PC37,service_dns,0.005261913869545304
69,PC37,service_ftp,8.50686047453586e-05
69,PC37,service_gssapi,-0.001141969448513136
69,PC37,service_http,0.0003613634430563624
69,PC37,service_n/a,-0.000820821605172762
69,PC37,service_smb,-0.00021031547943377998
69,PC37,service_smb;gssapi,4.0012672658649995e-05
69,PC37,service_ssl,-0.000949435399427434
69,PC37,conn_state_OTH,-0.0001462557929508817
69,PC37,conn_state_REJ,-0.00014333517556686104
69,PC37,conn_state_RSTO,0.011834366007933472
69,PC37,conn_state_RSTOS0,0.0012786753317163974
69,PC37,conn_state_RSTR,-0.0008758849560860094
69,PC37,conn_state_RSTRH,-0.000143178137527733
69,PC37,conn_state_S0,-0.0004615898255869305
69,PC37,conn_state_S1,-9.83392608427669e-05
69,PC37,conn_state_S2,-0.0024128461285394358
69,PC37,conn_state_S3,-0.0007773108505688582
69,PC37,conn_state_SF,-0.0011525491622811912
69,PC37,conn_state_SH,-0.0001448304618882363
69,PC37,conn_state_SHR,-0.006756921587811049
69,PC37,dns_AA_F,-2.3986786598761967e-05
69,PC37,dns_AA_T,0.00017316033788258856
69,PC37,dns_AA_n/a,-0.0001491735512842013
69,PC37,dns_RD_F,0.00029751896913225717
69,PC37,dns_RD_T,-0.00014834541784825017
69,PC37,dns_RD_n/a,-0.0001491735512841319
69,PC37,dns_RA_F,-0.0002316553444013797
69,PC37,dns_RA_T,0.00038082889568541445
69,PC37,dns_RA_n/a,-0.0001491735512841874
69,PC37,dns_rejected_F,-0.00012711893177414467
69,PC37,dns_rejected_T,0.00027629248305827137
69,PC37,dns_rejected_n/a,-0.0001491735512842221
69,PC37,ssl_resumed_F,0.0010260771048573314
69,PC37,ssl_resumed_T,-0.0028423317855602002
69,PC37,ssl_resumed_n/a,0.0018162546807029833
69,PC37,ssl_established_F,0.00045935330739478586
69,PC37,ssl_established_T,-0.0022756079880977276
69,PC37,ssl_established_n/a,0.0018162546807028584
69,PC37,http_trans_depth_1,0.46029730841280014
69,PC37,http_trans_depth_10,-0.004282279005001686
69,PC37,http_trans_depth_2,-0.45401017085013917
69,PC37,http_trans_depth_6,-0.004282161944642274
69,PC37,http_trans_depth_7,-0.004282383058654838
69,PC37,http_trans_depth_8,-0.004282200964762154
69,PC37,http_trans_depth_9,-0.004282135931228968
69,PC37,http_trans_depth_n/a,0.01512402334162771
69,PC37,http_method_GET,-0.248609717674675
69,PC37,http_method_HEAD,-0.002557763475145047
69,PC37,http_method_POST,0.07180389454634656
69,PC37,http_method_n/a,0.17936358660347568
69,PC37,http_version_1.1,0.017484273260554527
69,PC37,http_version_n/a,-0.017484273260554663
69,PC37,weird_addl_43,-0.0008167577496463845
69,PC37,weird_addl_46,0.0044124434187821915
69,PC37,weird_addl_48,-0.005066959150815925
69,PC37,weird_addl_n/a,0.0014712734816804685
69,PC37,weird_notice_F,-0.0007012086671182027
69,PC37,weird_notice_n/a,0.0007012086671181333
69,PC38,duration,-0.007954608220248793
69,PC38,src_bytes,-0.00016516974862368534
69,PC38,dst_bytes,-4.460601573135284e-05
69,PC38,missed_bytes,-1.9538928899085622e-06
69,PC38,src_pkts,-0.01177201458172258
69,PC38,src_ip_bytes,-0.006279757002829876
69,PC38,dst_pkts,-0.006484413531504828
69,PC38,dst_ip_bytes,-0.009252279385384567
69,PC38,dns_qclass,-0.00010486753762594184
69,PC38,dns_qtype,-0.0003292497891466094
69,PC38,dns_rcode,-7.144947431241954e-05
69,PC38,http_request_body_len,0.002018210306991515
69,PC38,http_response_body_len,-0.0021606211144887325
69,PC38,http_status_code,0.0021418876820216673
69,PC38,dns_query,-0.0008213806179409608
69,PC38,ssl_version,0.0007739111559294659
69,PC38,ssl_cipher,0.0007739111559284164
69,PC38,ssl_subject,0.00038268210828230377
69,PC38,ssl_issuer,0.00038268210828304797
69,PC38,http_uri,-0.0007673009336192395
69,PC38,http_user_agent,-0.0007673009336164605
69,PC38,http_orig_mime_types,0.004617787343713112
69,PC38,http_resp_mime_types,-0.0047630674965093295
69,PC38,weird_name,-0.045161523729396094
69,PC38,proto_icmp,0.00013882517788163518
69,PC38,proto_tcp,0.00012386195266581024
69,PC38,proto_udp,-0.0002626871305563133
69,PC38,service_dce_rpc,0.0009708171052632136
69,PC38,service_dhcp,-0.0019761521705922436
69,PC38,service_dns,-0.0005461712368357019
69,PC38,service_ftp,0.00012036475407140035
69,PC38,service_gssapi,0.0004979581803814526
69,PC38,service_http,0.00011509784425164926
69,PC38,service_n/a,0.0003987894598473374
69,PC38,service_smb,0.00025814577812638406
69,PC38,service_smb;gssapi,-9.07308209667666e-05
69,PC38,service_ssl,0.0002518811064464166
69,PC38,conn_state_OTH,-0.0031720953101147392
69,PC38,conn_state_REJ,-0.003185321329858125
69,PC38,conn_state_RSTO,-0.003138115937345261
69,PC38,conn_state_RSTOS0,0.03757012716001726
69,PC38,conn_state_RSTR,-0.0029221456339416215
69,PC38,conn_state_RSTRH,-0.003263604969689589
69,PC38,conn_state_S0,-0.0027813764217326127
69,PC38,conn_state_S1,-0.0031829093298291894
69,PC38,conn_state_S2,-0.003272224490916416
69,PC38,conn_state_S3,-0.003058896631589803
69,PC38,conn_state_SF,-0.002886273647433506
69,PC38,conn_state_SH,-0.003125237420126603
69,PC38,conn_state_SHR,-0.0035819260374646555
69,PC38,dns_AA_F,8.715483587223849e-05
69,PC38,dns_AA_T,0.00021194847289019575
69,PC38,dns_AA_n/a,-0.0002991033087636737
69,PC38,dns_RD_F,-1.1103911598878136e-06
69,PC38,dns_RD_T,0.0003002136999237376
69,PC38,dns_RD_n/a,-0.000299103308763953
69,PC38,dns_RA_F,0.0003055768658416641
69,PC38,dns_RA_T,-6.4735570741367154e-06
69,PC38,dns_RA_n/a,-0.0002991033087635566
69,PC38,dns_rejected_F,0.000282906281797923
69,PC38,dns_rejected_T,1.6197026972433748e-05
69,PC38,dns_rejected_n/a,-0.00029910330876363554
69,PC38,ssl_resumed_F,0.0019019370745823883
69,PC38,ssl_resumed_T,-0.0018057760919790895
69,PC38,ssl_resumed_n/a,-9.616098260382955e-05
69,PC38,ssl_established_F,0.0015192549663004297
69,PC38,ssl_established_T,-0.0014230939836968048
69,PC38,ssl_established_n/a,-9.616098260553652e-05
69,PC38,http_trans_depth_1,0.006680602756390361
69,PC38,http_trans_depth_10,-0.00015528397338071092
69,PC38,http_trans_depth_2,-0.003891009634011608
69,PC38,http_trans_depth_6,-0.00015528309170257905
69,PC38,http_trans_depth_7,-0.00015528475709460917
69,PC38,http_trans_depth_8,-0.00015528338559529526
69,PC38,http_trans_depth_9,-0.00015528289577410492
69,PC38,http_trans_depth_n/a,-0.0020131750188320217
69,PC38,http_method_GET,-0.006660182877547344
69,PC38,http_method_HEAD,0.0008766156813343109
69,PC38,http_method_POST,0.005016266262596878
69,PC38,http_method_n/a,0.0007673009336156902
69,PC38,http_version_1.1,0.0020668409545638207
69,PC38,http_version_n/a,-0.0020668409545639334
69,PC38,weird_addl_43,0.06655347660525175
69,PC38,weird_addl_46,-0.3732180173742249
69,PC38,weird_addl_48,0.7861901507490932
69,PC38,weird_addl_n/a,-0.47952560998012805
69,PC38,weird_notice_F,-0.04516152372939753
69,PC38,weird_notice_n/a,0.04516152372939667
69,PC39,duration,0.000226778237440107
69,PC39,src_bytes,0.00011953560689717904
69,PC39,dst_bytes,0.00013062381860784624
69,PC39,missed_bytes,8.881515327201082e-05
69,PC39,src_pkts,0.0002669519890360737
69,PC39,src_ip_bytes,0.00014648947086053998
69,PC39,dst_pkts,7.591637268685553e-05
69,PC39,dst_ip_bytes,0.0002276928453655364
69,PC39,dns_qclass,0.0005244577225809865
69,PC39,dns_qtype,0.0005272221469182374
69,PC39,dns_rcode,-0.00031976732504076545
69,PC39,http_request_body_len,0.006800889808281024
69,PC39,http_response_body_len,0.0003234612169027937
69,PC39,http_status_code,0.005115207187914745
69,PC39,dns_query,-0.0005190873945272712
69,PC39,ssl_version,-0.0018147788429894133
69,PC39,ssl_cipher,-0.001814778842989307
69,PC39,ssl_subject,-0.0006373088966039923
69,PC39,ssl_issuer,-0.0006373088966036781
69,PC39,http_uri,0.0009166135023520926
69,PC39,http_user_agent,0.0009166135023519875
69,PC39,http_orig_mime_types,0.014239562962719436
69,PC39,http_resp_mime_types,-0.029605821171775716
69,PC39,weird_name,-9.282378653777384e-05
69,PC39,proto_icmp,0.0002038353856205848
69,PC39,proto_tcp,0.0003526798114041308
69,PC39,proto_udp,-0.0005565151970246328
69,PC39,service_dce_rpc,-0.21618685044231753
69,PC39,service_dhcp,0.9227392958022177
69,PC39,service_dns,-0.09495884197378744
69,PC39,service_ftp,-0.10240583112909524
69,PC39,service_gssapi,-0.12052559033354332
69,PC39,service_http,-0.09614960704236407
69,PC39,service_n/a,-0.09510147225372245
69,PC39,service_smb,-0.17683171315901244
69,PC39,service_smb;gssapi,0.07889462173895859
69,PC39,service_ssl,-0.09947401120733326
69,PC39,conn_state_OTH,-0.0003973613194143827
69,PC39,conn_state_REJ,-0.000548075160002659
69,PC39,conn_state_RSTO,-0.0002987769014813624
69,PC39,conn_state_RSTOS0,-0.0019364807658459673
69,PC39,conn_state_RSTR,0.0045204948752878005
69,PC39,conn_state_RSTRH,-0.0005617382222757872
69,PC39,conn_state_S0,-0.000323304935671509
69,PC39,conn_state_S1,-0.0004713278338961402
69,PC39,conn_state_S2,0.00022225662505753752
69,PC39,conn_state_S3,5.546263134216696e-05
69,PC39,conn_state_SF,0.00037922841707646593
69,PC39,conn_state_SH,-0.0005469856823817065
69,PC39,conn_state_SHR,-9.339172779224136e-05
69,PC39,dns_AA_F,8.398884665174883e-05
69,PC39,dns_AA_T,-5.709683565697371e-05
69,PC39,dns_AA_n/a,-2.6892010994519788e-05
69,PC39,dns_RD_F,-0.00021378616146038032
69,PC39,dns_RD_T,0.000240678172454864
69,PC39,dns_RD_n/a,-2.689201099450721e-05
69,PC39,dns_RA_F,0.00031301584840751247
69,PC39,dns_RA_T,-0.00028612383741282376
69,PC39,dns_RA_n/a,-2.6892010994498646e-05
69,PC39,dns_rejected_F,0.00022162218514225384
69,PC39,dns_rejected_T,-0.00019473017414806115
69,PC39,dns_rejected_n/a,-2.6892010994526835e-05
69,PC39,ssl_resumed_F,-0.0002580747337609657
69,PC39,ssl_resumed_T,0.002065203157117345
69,PC39,ssl_resumed_n/a,-0.001807128423356407
69,PC39,ssl_established_F,0.00037923416284296046
69,PC39,ssl_established_T,0.0014278942605134397
69,PC39,ssl_established_n/a,-0.0018071284233563654
69,PC39,http_trans_depth_1,0.01420091503721313
69,PC39,http_trans_depth_10,-0.0006699188502442855
69,PC39,http_trans_depth_2,-0.004735524950450067
69,PC39,http_trans_depth_6,-0.0006699189979809624
69,PC39,http_trans_depth_7,-0.0006699187189228126
69,PC39,http_trans_depth_8,-0.000669918948735412
69,PC39,http_trans_depth_9,-0.0006699190308113331
69,PC39,http_trans_depth_n/a,-0.006115795540067991
69,PC39,http_method_GET,-0.017934730493688468
69,PC39,http_method_HEAD,0.0032258138153709085
69,PC39,http_method_POST,0.015625530180669735
69,PC39,http_method_n/a,-0.0009166135023520594
69,PC39,http_version_1.1,0.005541023090472927
69,PC39,http_version_n/a,-0.00554102309047317
69,PC39,weird_addl_43,8.21169605464472e-05
69,PC39,weird_addl_46,-0.0004723159138323302
69,PC39,weird_addl_48,0.001334657214775603
69,PC39,weird_addl_n/a,-0.0009444582614897556
69,PC39,weird_notice_F,-9.282378653770185e-05
69,PC39,weird_notice_n/a,9.282378653769491e-05
69,PC40,duration,-0.0013340005298865794
69,PC40,src_bytes,2.8716072474253406e-05
69,PC40,dst_bytes,-0.0004658696954989547
69,PC40,missed_bytes,-0.0008145438904103115
69,PC40,src_pkts,-0.005258282835758616
69,PC40,src_ip_bytes,-0.001629715843338014
69,PC40,dst_pkts,-0.00105044627796499
69,PC40,dst_ip_bytes,-0.005415260534728222
69,PC40,dns_qclass,-0.0002087950739694546
69,PC40,dns_qtype,-0.0001938078204377909
69,PC40,dns_rcode,0.00013105614940526122
69,PC40,http_request_body_len,-0.1501431790303352
69,PC40,http_response_body_len,0.00427630584999623
69,PC40,http_status_code,-0.108764920975856
69,PC40,dns_query,0.0035370584312565396
69,PC40,ssl_version,-0.0011550739045853384
69,PC40,ssl_cipher,-0.0011550739045862644
69,PC40,ssl_subject,-7.8169347780963e-05
69,PC40,ssl_issuer,-7.8169347781285e-05
69,PC40,http_uri,-0.02106376382028558
69,PC40,http_user_agent,-0.021063763820284916
69,PC40,http_orig_mime_types,-0.3148594622932527
69,PC40,http_resp_mime_types,0.6470207967806301
69,PC40,weird_name,-0.0015975625934273353
69,PC40,proto_icmp,1.368383232069198e-05
69,PC40,proto_tcp,1.2562043057679634e-05
69,PC40,proto_udp,-2.6245875380119348e-05
69,PC40,service_dce_rpc,-0.009010619548358339
69,PC40,service_dhcp,0.041903329659792814
69,PC40,service_dns,-0.006934963116445307
69,PC40,service_ftp,-0.004295973561600906
69,PC40,service_gssapi,-0.005057818517939974
69,PC40,service_http,-0.003719543832652005
69,PC40,service_n/a,-0.003991694466408208
69,PC40,service_smb,-0.008238358048787255
69,PC40,service_smb;gssapi,0.003694322972818129
69,PC40,service_ssl,-0.004348681540418897
69,PC40,conn_state_OTH,-0.0005012178116413667
69,PC40,conn_state_REJ,-0.0005092775358334911
69,PC40,conn_state_RSTO,0.004164920774394343
69,PC40,conn_state_RSTOS0,-0.0005324906987323394
69,PC40,conn_state_RSTR,0.00017443191760951882
69,PC40,conn_state_RSTRH,-0.0005075514442663964
69,PC40,conn_state_S0,-0.0005077302823060792
69,PC40,conn_state_S1,-0.00046401784549583713
69,PC40,conn_state_S2,-0.001981471108592193
69,PC40,conn_state_S3,-0.0005817759850392304
69,PC40,conn_state_SF,-0.0007885035726368228
69,PC40,conn_state_SH,-0.0005084492466347068
69,PC40,conn_state_SHR,0.0025431328391700425
69,PC40,dns_AA_F,-3.0132129656357254e-05
69,PC40,dns_AA_T,-7.466739847750148e-06
69,PC40,dns_AA_n/a,3.759886950472496e-05
69,PC40,dns_RD_F,6.256026080030813e-05
69,PC40,dns_RD_T,-0.00010015913030409808
69,PC40,dns_RD_n/a,3.759886950462782e-05
69,PC40,dns_RA_F,-0.00012397928842514117
69,PC40,dns_RA_T,8.638041892142234e-05
69,PC40,dns_RA_n/a,3.75988695047666e-05
69,PC40,dns_rejected_F,-9.549901758659773e-05
69,PC40,dns_rejected_T,5.79001480830732e-05
69,PC40,dns_rejected_n/a,3.759886950456537e-05
69,PC40,ssl_resumed_F,-0.0005934853611073432
69,PC40,ssl_resumed_T,0.00116969002033172
69,PC40,ssl_resumed_n/a,-0.0005762046592243664
69,PC40,ssl_established_F,-0.0005153160133262169
69,PC40,ssl_established_T,0.001091520672550624
69,PC40,ssl_established_n/a,-0.0005762046592248382
69,PC40,http_trans_depth_1,-0.32691110460100237
69,PC40,http_trans_depth_10,0.015040182046915174
69,PC40,http_trans_depth_2,0.12102151881899582
69,PC40,http_trans_depth_6,0.015040180089426149
69,PC40,http_trans_depth_7,0.0150401837869058
69,PC40,http_trans_depth_8,0.015040180741922633
69,PC40,http_trans_depth_9,0.015040179654428448
69,PC40,http_trans_depth_n/a,0.1306886794624083
69,PC40,http_method_GET,0.39292010846468406
69,PC40,http_method_HEAD,-0.06858684183353231
69,PC40,http_method_POST,-0.34539703045143993
69,PC40,http_method_n/a,0.021063763820284416
69,PC40,http_version_1.1,-0.11411212040824209
69,PC40,http_version_n/a,0.11411212040824205
69,PC40,weird_addl_43,0.0008243189190416597
69,PC40,weird_addl_46,-0.0031712839319852637
69,PC40,weird_addl_48,0.009878844794529829
69,PC40,weird_addl_n/a,-0.007531879781586592
69,PC40,weird_notice_F,-0.0015975625934275227
69,PC40,weird_notice_n/a,0.0015975625934274516
69,PC41,duration,-0.000389770963076523
69,PC41,src_bytes,-8.874319161553004e-05
69,PC41,dst_bytes,-0.00018480269911652105
69,PC41,missed_bytes,-2.7291756619603484e-05
69,PC41,src_pkts,-0.0017282837570736218
69,PC41,src_ip_bytes,-0.0005395754331219335
69,PC41,dst_pkts,-0.0006059573306733789
69,PC41,dst_ip_bytes,-0.0008563663332993967
69,PC41,dns_qclass,-0.0002761591662785392
69,PC41,dns_qtype,-0.00029988556318974414
69,PC41,dns_rcode,0.00016137517867437936
69,PC41,http_request_body_len,0.08700128661885631
69,PC41,http_response_body_len,0.21783662890006983
69,PC41,http_status_code,0.1545015079806286
69,PC41,dns_query,-0.0038649134593476044
69,PC41,ssl_version,0.0014740946445783469
69,PC41,ssl_cipher,0.0014740946445786327
69,PC41,ssl_subject,0.0009149921339203892
69,PC41,ssl_issuer,0.0009149921339206714
69,PC41,http_uri,-0.12520063170547288
69,PC41,http_user_agent,-0.12520063170547313
69,PC41,http_orig_mime_types,0.25687300706186594
69,PC41,http_resp_mime_types,0.3862149885457975
69,PC41,weird_name,0.0003169018508474299
69,PC41,proto_icmp,-6.642870869701762e-05
69,PC41,proto_tcp,-7.278154296896412e-05
69,PC41,proto_udp,0.00013921025166570527
69,PC41,service_dce_rpc,-0.0008642144851127251
69,PC41,service_dhcp,-0.0009477859587791494
69,PC41,service_dns,0.003384494047436153
69,PC41,service_ftp,-4.22272507000802e-05
69,PC41,service_gssapi,-0.0006410237570180456
69,PC41,service_http,5.427810274748375e-05
69,PC41,service_n/a,-0.0005466711941571334
69,PC41,service_smb,-0.00018711846080241012
69,PC41,service_smb;gssapi,0.00019136805846241148
69,PC41,service_ssl,-0.0004010991020795846
69,PC41,conn_state_OTH,0.000245821933869933
69,PC41,conn_state_REJ,0.00025011062912924653
69,PC41,conn_state_RSTO,0.0023128333816178626
69,PC41,conn_state_RSTOS0,0.00038331578897299323
69,PC41,conn_state_RSTR,-0.00016879571017348188
69,PC41,conn_state_RSTRH,0.0002501182092693732
69,PC41,conn_state_S0,5.5155063331036036e-05
69,PC41,conn_state_S1,0.0005586571015840924
69,PC41,conn_state_S2,-1.4191791885827948e-05
69,PC41,conn_state_S3,0.0002227013367686395
69,PC41,conn_state_SF,-0.00031486428222139706
69,PC41,conn_state_SH,0.00024885820784392894
69,PC41,conn_state_SHR,-0.00402971986810622
69,PC41,dns_AA_F,-2.091496515442548e-05
69,PC41,dns_AA_T,9.094925260592218e-05
69,PC41,dns_AA_n/a,-7.003428745251585e-05
69,PC41,dns_RD_F,0.00015978508092549804
69,PC41,dns_RD_T,-8.975079347375847e-05
69,PC41,dns_RD_n/a,-7.003428745238922e-05
69,PC41,dns_RA_F,-0.00013360597346299963
69,PC41,dns_RA_T,0.0002036402609153637
69,PC41,dns_RA_n/a,-7.003428745250718e-05
69,PC41,dns_rejected_F,-7.712036793768029e-05
69,PC41,dns_rejected_T,0.00014715465539056477
69,PC41,dns_rejected_n/a,-7.003428745237968e-05
69,PC41,ssl_resumed_F,0.0009146945951924793
69,PC41,ssl_resumed_T,-0.0015229846867595709
69,PC41,ssl_resumed_n/a,0.0006082900915671124
69,PC41,ssl_established_F,-2.9753872819726634e-07
69,PC41,ssl_established_T,-0.0006079925528390366
69,PC41,ssl_established_n/a,0.0006082900915674178
69,PC41,http_trans_depth_1,-0.36632006645829807
69,PC41,http_trans_depth_10,0.011771634908950118
69,PC41,http_trans_depth_2,0.39065673333955725
69,PC41,http_trans_depth_6,0.01177149784501305
69,PC41,http_trans_depth_7,0.011771756743561543
69,PC41,http_trans_depth_8,0.011771543532991983
69,PC41,http_trans_depth_9,0.01177146738636003
69,PC41,http_trans_depth_n/a,-0.08319456729813574
69,PC41,http_method_GET,-0.3873140158193747
69,PC41,http_method_HEAD,-0.003911584247709574
69,PC41,http_method_POST,0.26602496836161194
69,PC41,http_method_n/a,0.12520063170547313
69,PC41,http_version_1.1,0.26800545488610955
69,PC41,http_version_n/a,-0.26800545488610955
69,PC41,weird_addl_43,-0.0003189572706713377
69,PC41,weird_addl_46,0.0001165381997846604
69,PC41,weird_addl_48,-0.0005857231630115312
69,PC41,weird_addl_n/a,0.0007881422338979621
69,PC41,weird_notice_F,0.00031690185084738785
69,PC41,weird_notice_n/a,-0.00031690185084751795
69,PC42,duration,-0.007512831388778865
69,PC42,src_bytes,-1.3301152055555064e-05
69,PC42,dst_bytes,-0.0006560645391573208
69,PC42,missed_bytes,-0.001446756089918318
69,PC42,src_pkts,-0.016982254867364006
69,PC42,src_ip_bytes,-0.00862692189300546
69,PC42,dst_pkts,-0.00446603805418261
69,PC42,dst_ip_bytes,-0.013354758352611818
69,PC42,dns_qclass,-6.806229950346264e-05
69,PC42,dns_qtype,-2.8426307906012985e-05
69,PC42,dns_rcode,5.845311350853111e-05
69,PC42,http_request_body_len,0.13861926431176322
69,PC42,http_response_body_len,-0.11398084048352093
69,PC42,http_status_code,-0.1404469067947762
69,PC42,dns_query,0.007590360359637049
69,PC42,ssl_version,-0.0021637820792549944
69,PC42,ssl_cipher,-0.002163782079255119
69,PC42,ssl_subject,-0.003385758898457056
69,PC42,ssl_issuer,-0.0033857588984563826
69,PC42,http_uri,0.3189254681969219
69,PC42,http_user_agent,0.31892546819692175
69,PC42,http_orig_mime_types,0.380951426342046
69,PC42,http_resp_mime_types,0.22865047887142942
69,PC42,weird_name,-3.6038214038431465e-05
69,PC42,proto_icmp,7.016421260197525e-05
69,PC42,proto_tcp,4.237878504096196e-05
69,PC42,proto_udp,-0.00011254299764438917
69,PC42,service_dce_rpc,0.001707956105831858
69,PC42,service_dhcp,0.001501056443036203
69,PC42,service_dns,-0.005785915937772026
69,PC42,service_ftp,0.0011067522376310597
69,PC42,service_gssapi,0.0013507144675586249
69,PC42,service_http,0.001041638591400388
69,PC42,service_n/a,0.0012074675494669201
69,PC42,service_smb,0.001195476853451588
69,PC42,service_smb;gssapi,-0.004406411430159401
69,PC42,service_ssl,0.0010812651195585277
69,PC42,conn_state_OTH,-0.0008041682534732641
69,PC42,conn_state_REJ,-0.0008121743929583106
69,PC42,conn_state_RSTO,0.002498407373900533
69,PC42,conn_state_RSTOS0,-0.0013033040992114914
69,PC42,conn_state_RSTR,-0.0005211194452050347
69,PC42,conn_state_RSTRH,-0.0007827940683472479
69,PC42,conn_state_S0,-0.0006817696437426135
69,PC42,conn_state_S1,-0.0009287099301027307
69,PC42,conn_state_S2,-0.0008401728773271278
69,PC42,conn_state_S3,-0.0008164992830026474
69,PC42,conn_state_SF,-0.0007852761231836869
69,PC42,conn_state_SH,-0.0008117294186173463
69,PC42,conn_state_SHR,0.006589310161268028
69,PC42,dns_AA_F,-1.666670073394161e-05
69,PC42,dns_AA_T,-6.601678663722965e-05
69,PC42,dns_AA_n/a,8.268348736989797e-05
69,PC42,dns_RD_F,-1.8040169029343023e-05
69,PC42,dns_RD_T,-6.464331834118986e-05
69,PC42,dns_RD_n/a,8.268348736983899e-05
69,PC42,dns_RA_F,-6.644559928788152e-05
69,PC42,dns_RA_T,-1.6237888082424115e-05
69,PC42,dns_RA_n/a,8.268348736975226e-05
69,PC42,dns_rejected_F,-6.729206273865806e-05
69,PC42,dns_rejected_T,-1.5391424630362138e-05
69,PC42,dns_rejected_n/a,8.268348736992573e-05
69,PC42,ssl_resumed_F,-0.002730468703435185
69,PC42,ssl_resumed_T,0.003628458947790819
69,PC42,ssl_resumed_n/a,-0.0008979902443561338
69,PC42,ssl_established_F,0.0006552901950220569
69,PC42,ssl_established_T,0.00024270004933410472
69,PC42,ssl_established_n/a,-0.0008979902443561061
69,PC42,http_trans_depth_1,-0.17753170802140406
69,PC42,http_trans_depth_10,0.01123458559878072
69,PC42,http_trans_depth_2,-0.07431068736040156
69,PC42,http_trans_depth_6,0.011234685543741994
69,PC42,http_trans_depth_7,0.011234496758815162
69,PC42,http_trans_depth_8,0.011234652228755292
69,PC42,http_trans_depth_9,0.011234707753733465
69,PC42,http_trans_depth_n/a,0.19566926749797972
69,PC42,http_method_GET,-0.04705258362761825
69,PC42,http_method_HEAD,-0.025569164375617792
69,PC42,http_method_POST,0.3915472162001621
69,PC42,http_method_n/a,-0.31892546819692247
69,PC42,http_version_1.1,-0.32598303381296534
69,PC42,http_version_n/a,0.3259830338129654
69,PC42,weird_addl_43,0.0011168154761430626
69,PC42,weird_addl_46,-0.00048764284492279833
69,PC42,weird_addl_48,-0.0005714166018854772
69,PC42,weird_addl_n/a,-5.775602933452695e-05
69,PC42,weird_notice_F,-3.603821403884433e-05
69,PC42,weird_notice_n/a,3.603821403851126e-05
69,PC43,duration,-6.295200080007027e-05
69,PC43,src_bytes,-0.00017480099491359557
69,PC43,dst_bytes,-0.00017087379591159923
69,PC43,missed_bytes,-6.497880970332919e-05
69,PC43,src_pkts,0.0014710758021198483
69,PC43,src_ip_bytes,0.0013602194265949416
69,PC43,dst_pkts,0.000497320965373652
69,PC43,dst_ip_bytes,0.0005353195086318888
69,PC43,dns_qclass,-0.0003042254207451033
69,PC43,dns_qtype,-0.000297601465247698
69,PC43,dns_rcode,0.0001908967951875984
69,PC43,http_request_body_len,0.000755948558121704
69,PC43,http_response_body_len,-0.0004640967179494613
69,PC43,http_status_code,-0.0009493487090488911
69,PC43,dns_query,0.001840839362510379
69,PC43,ssl_version,-0.0015253937952532301
69,PC43,ssl_cipher,-0.0015253937952532778
69,PC43,ssl_subject,0.010152761923809622
69,PC43,ssl_issuer,0.010152761923809593
69,PC43,http_uri,0.001409353809762496
69,PC43,http_user_agent,0.001409353809762484
69,PC43,http_orig_mime_types,0.0020348876280070994
69,PC43,http_resp_mime_types,0.000864209165643259
69,PC43,weird_name,6.073069898397287e-05
69,PC43,proto_icmp,-0.00010971822082541334
69,PC43,proto_tcp,-7.32223403600994e-05
69,PC43,proto_udp,0.00018294056118565888
69,PC43,service_dce_rpc,-0.1208190952207397
69,PC43,service_dhcp,-0.18707934173516189
69,PC43,service_dns,-0.09018864748263694
69,PC43,service_ftp,-0.08544727599393721
69,PC43,service_gssapi,-0.0985047260383188
69,PC43,service_http,-0.08793222915189781
69,PC43,service_n/a,-0.08862802236884312
69,PC43,service_smb,-0.09696103008291602
69,PC43,service_smb;gssapi,0.9444027524098281
69,PC43,service_ssl,-0.08884238433537536
69,PC43,conn_state_OTH,0.0009209794605970854
69,PC43,conn_state_REJ,0.0008869965189906709
69,PC43,conn_state_RSTO,0.0008178789594920147
69,PC43,conn_state_RSTOS0,0.0013359704335020872
69,PC43,conn_state_RSTR,-0.010809996820734184
69,PC43,conn_state_RSTRH,0.0008982125878001668
69,PC43,conn_state_S0,0.0007304772467480671
69,PC43,conn_state_S1,0.0008453767439267259
69,PC43,conn_state_S2,0.00047468542272849357
69,PC43,conn_state_S3,0.0005957374425022907
69,PC43,conn_state_SF,0.0003143043809989872
69,PC43,conn_state_SH,0.000886291260703595
69,PC43,conn_state_SHR,0.002103086362743735
69,PC43,dns_AA_F,-2.153758792285132e-05
69,PC43,dns_AA_T,4.46180886792269e-05
69,PC43,dns_AA_n/a,-2.3080500756263687e-05
69,PC43,dns_RD_F,0.00014320495902703928
69,PC43,dns_RD_T,-0.00012012445827050411
69,PC43,dns_RD_n/a,-2.30805007563218e-05
69,PC43,dns_RA_F,-0.0001615141831990182
69,PC43,dns_RA_T,0.00018459468395493062
69,PC43,dns_RA_n/a,-2.3080500756322668e-05
69,PC43,dns_rejected_F,-0.00011034435748089738
69,PC43,dns_rejected_T,0.00013342485823719663
69,PC43,dns_rejected_n/a,-2.3080500756310525e-05
69,PC43,ssl_resumed_F,0.004585144168882756
69,PC43,ssl_resumed_T,-0.0032052418840085046
69,PC43,ssl_resumed_n/a,-0.0013799022848741405
69,PC43,ssl_established_F,-0.005567617754926979
69,PC43,ssl_established_T,0.006947520039801137
69,PC43,ssl_established_n/a,-0.0013799022848742593
69,PC43,http_trans_depth_1,-0.0005883472149034556
69,PC43,http_trans_depth_10,4.079418795638151e-05
69,PC43,http_trans_depth_2,-0.00038561022325330277
69,PC43,http_trans_depth_6,4.07946462145411e-05
69,PC43,http_trans_depth_7,4.079378061580297e-05
69,PC43,http_trans_depth_8,4.079449346181411e-05
69,PC43,http_trans_depth_9,4.079474804969303e-05
69,PC43,http_trans_depth_n/a,0.0007699855818584294
69,PC43,http_method_GET,0.0002386464594029057
69,PC43,http_method_HEAD,-0.0009111589529445056
69,PC43,http_method_POST,0.0020818663033042965
69,PC43,http_method_n/a,-0.0014093538097624677
69,PC43,http_version_1.1,-0.0017509151203031629
69,PC43,http_version_n/a,0.00175091512030296
69,PC43,weird_addl_43,0.00037393227056468654
69,PC43,weird_addl_46,-0.0001864703632756294
69,PC43,weird_addl_48,-0.00020325783861806224
69,PC43,weird_addl_n/a,1.5795931329054547e-05
69,PC43,weird_notice_F,6.073069898416064e-05
69,PC43,weird_notice_n/a,-6.073069898402013e-05
69,PC44,duration,0.04752007417467107
69,PC44,src_bytes,0.0010901071857971206
69,PC44,dst_bytes,0.0006101779196198004
69,PC44,missed_bytes,0.00013619782681281375
69,PC44,src_pkts,0.034781644598865
69,PC44,src_ip_bytes,0.02353274301126302
69,PC44,dst_pkts,0.016137977778019945
69,PC44,dst_ip_bytes,0.01963472425715078
69,PC44,dns_qclass,0.0002195270168891747
69,PC44,dns_qtype,0.00023691728275056917
69,PC44,dns_rcode,-0.00013730020056340435
69,PC44,http_request_body_len,0.0007904711009762283
69,PC44,http_response_body_len,-0.0009872688212476388
69,PC44,http_status_code,-0.0014858015857225366
69,PC44,dns_query,0.0014292918547547124
69,PC44,ssl_version,-0.01761970232948109
69,PC44,ssl_cipher,-0.017619702329479674
69,PC44,ssl_subject,0.5753864194439376
69,PC44,ssl_issuer,0.575386419443939
69,PC44,http_uri,0.0024810495125490734
69,PC44,http_user_agent,0.002481049512547953
69,PC44,http_orig_mime_types,0.002251564239782497
69,PC44,http_resp_mime_types,0.0013871822860633959
69,PC44,weird_name,-0.00024743764268321533
69,PC44,proto_icmp,-4.1367045948634273e-05
69,PC44,proto_tcp,8.934267874886187e-05
69,PC44,proto_udp,-4.7975632799675955e-05
69,PC44,service_dce_rpc,0.003165308987044868
69,PC44,service_dhcp,0.004405391875104714
69,PC44,service_dns,0.0007498938158934871
69,PC44,service_ftp,0.0013231694814061657
69,PC44,service_gssapi,0.002644950032256477
69,PC44,service_http,0.001937443648333849
69,PC44,service_n/a,0.0023862837427180497
69,PC44,service_smb,0.0004286698977825701
69,PC44,service_smb;gssapi,-0.01648479777281555
69,PC44,service_ssl,-0.0005563137077224389
69,PC44,conn_state_OTH,-0.00028459571027067074
69,PC44,conn_state_REJ,-0.00027577439853401775
69,PC44,conn_state_RSTO,-0.0011297997012424954
69,PC44,conn_state_RSTOS0,-0.00036203261999804247
69,PC44,conn_state_RSTR,0.0017602995812236938
69,PC44,conn_state_RSTRH,-0.00028658073025125685
69,PC44,conn_state_S0,-0.00015077362258319668
69,PC44,conn_state_S1,-0.0007312001537423951
69,PC44,conn_state_S2,3.084997677474041e-05
69,PC44,conn_state_S3,-8.79464203280833e-06
69,PC44,conn_state_SF,0.00015635150710172074
69,PC44,conn_state_SH,-0.00027739085728265
69,PC44,conn_state_SHR,0.0015594413708401311
69,PC44,dns_AA_F,2.2496587320938732e-05
69,PC44,dns_AA_T,-5.3556330152859655e-05
69,PC44,dns_AA_n/a,3.105974283254542e-05
69,PC44,dns_RD_F,-0.00011718045895919849
69,PC44,dns_RD_T,8.612071612651429e-05
69,PC44,dns_RD_n/a,3.105974283273277e-05
69,PC44,dns_RA_F,0.00012013457948029105
69,PC44,dns_RA_T,-0.00015119432231386343
69,PC44,dns_RA_n/a,3.1059742832656445e-05
69,PC44,dns_rejected_F,7.702223398306507e-05
69,PC44,dns_rejected_T,-0.0001080819768161656
69,PC44,dns_rejected_n/a,3.10597428325593e-05
69,PC44,ssl_resumed_F,0.29810910611094915
69,PC44,ssl_resumed_T,-0.30695018157809606
69,PC44,ssl_resumed_n/a,0.008841075467144938
69,PC44,ssl_established_F,-0.2772773133329879
69,PC44,ssl_established_T,0.26843623786584003
69,PC44,ssl_established_n/a,0.008841075467144594
69,PC44,http_trans_depth_1,-0.0009135171999437308
69,PC44,http_trans_depth_10,7.988781737552022e-05
69,PC44,http_trans_depth_2,-0.0009470177633579754
69,PC44,http_trans_depth_6,7.988885486065535e-05
69,PC44,http_trans_depth_7,7.988689516650945e-05
69,PC44,http_trans_depth_8,7.988850903227528e-05
69,PC44,http_trans_depth_9,7.988908541290728e-05
69,PC44,http_trans_depth_n/a,0.00146109380145433
69,PC44,http_method_GET,0.00041985725683652
69,PC44,http_method_HEAD,-0.00021738991747884804
69,PC44,http_method_POST,0.002278582173190474
69,PC44,http_method_n/a,-0.002481049512548103
69,PC44,http_version_1.1,-0.0028770792989190608
69,PC44,http_version_n/a,0.0028770792989192533
69,PC44,weird_addl_43,0.00016803472587504357
69,PC44,weird_addl_46,7.949732319198488e-05
69,PC44,weird_addl_48,0.0003057312614210307
69,PC44,weird_addl_n/a,-0.0005532633104874951
69,PC44,weird_notice_F,-0.0002474376426826186
69,PC44,weird_notice_n/a,0.00024743764268309043
69,PC45,duration,0.4302314051848597
69,PC45,src_bytes,0.015433211219160733
69,PC45,dst_bytes,0.006325071124859444
69,PC45,missed_bytes,0.0013689331586556885
69,PC45,src_pkts,0.6586101216720344
69,PC45,src_ip_bytes,0.45876723180703277
69,PC45,dst_pkts,0.2489567537233151
69,PC45,dst_ip_bytes,0.3201696754905635
69,PC45,dns_qclass,-0.0001722171590299859
69,PC45,dns_qtype,-0.00011835889644529196
69,PC45,dns_rcode,3.142981927156674e-05
69,PC45,http_request_body_len,0.0022089337251327695
69,PC45,http_response_body_len,-0.004501947410713164
69,PC45,http_status_code,-0.005302414974245245
69,PC45,dns_query,-0.0009371051995084589
69,PC45,ssl_version,0.0009799993465319928
69,PC45,ssl_cipher,0.0009799993465316875
69,PC45,ssl_subject,-0.03741590515116193
69,PC45,ssl_issuer,-0.0374159051511615
69,PC45,http_uri,0.0038242049936609446
69,PC45,http_user_agent,0.0038242049936628685
69,PC45,http_orig_mime_types,0.00944607265383704
69,PC45,http_resp_mime_types,0.01790085145970763
69,PC45,weird_name,-0.00831125331422189
69,PC45,proto_icmp,-0.0009818686435016377
69,PC45,proto_tcp,0.0004828428088718417
69,PC45,proto_udp,0.0004990258346321275
69,PC45,service_dce_rpc,0.00011389999290575825
69,PC45,service_dhcp,-3.876776402417931e-05
69,PC45,service_dns,0.0008965359275536905
69,PC45,service_ftp,-1.6252743821179583e-05
69,PC45,service_gssapi,0.00010174242966689423
69,PC45,service_http,-0.0001104635104057991
69,PC45,service_n/a,-0.00010544868335922788
69,PC45,service_smb,0.000367790720112237
69,PC45,service_smb;gssapi,-0.0007975495546586808
69,PC45,service_ssl,-0.00041148681397605927
69,PC45,conn_state_OTH,-4.155825735946417e-05
69,PC45,conn_state_REJ,0.00014680776405599782
69,PC45,conn_state_RSTO,-0.0002485191015190978
69,PC45,conn_state_RSTOS0,0.0024637479781067888
69,PC45,conn_state_RSTR,-0.0003597555033847677
69,PC45,conn_state_RSTRH,-0.0010443764308218243
69,PC45,conn_state_S0,0.0001166246053382735
69,PC45,conn_state_S1,-0.0001828656813965407
69,PC45,conn_state_S2,5.7556762921427695e-05
69,PC45,conn_state_S3,-0.00012686625360020833
69,PC45,conn_state_SF,2.1135046133109736e-06
69,PC45,conn_state_SH,0.0001111201434633724
69,PC45,conn_state_SHR,-0.0008940295304229046
69,PC45,dns_AA_F,-7.0339049429175154e-06
69,PC45,dns_AA_T,1.7650461049536353e-05
69,PC45,dns_AA_n/a,-1.0616556105983062e-05
69,PC45,dns_RD_F,1.2406939535365702e-05
69,PC45,dns_RD_T,-1.7903834302820942e-06
69,PC45,dns_RD_n/a,-1.0616556106272544e-05
69,PC45,dns_RA_F,-8.608180323201042e-06
69,PC45,dns_RA_T,1.9224736431594502e-05
69,PC45,dns_RA_n/a,-1.0616556106187976e-05
69,PC45,dns_rejected_F,1.781923522462675e-06
69,PC45,dns_rejected_T,8.834632584626273e-06
69,PC45,dns_rejected_n/a,-1.0616556106143524e-05
69,PC45,ssl_resumed_F,-0.018938039266535818
69,PC45,ssl_resumed_T,0.019633424693389905
69,PC45,ssl_resumed_n/a,-0.000695385426854541
69,PC45,ssl_established_F,0.018477865884626382
69,PC45,ssl_established_T,-0.017782480457771768
69,PC45,ssl_established_n/a,-0.0006953854268551638
69,PC45,http_trans_depth_1,-0.00014797520002711798
69,PC45,http_trans_depth_10,0.0002317720316546056
69,PC45,http_trans_depth_2,-0.007722520232953925
69,PC45,http_trans_depth_6,0.0002317772935348112
69,PC45,http_trans_depth_7,0.0002317673544277397
69,PC45,http_trans_depth_8,0.00023177553957475414
69,PC45,http_trans_depth_9,0.00023177846284152978
69,PC45,http_trans_depth_n/a,0.00671162475094745
69,PC45,http_method_GET,-0.002184553516433003
69,PC45,http_method_HEAD,-0.00310915579624317
69,PC45,http_method_POST,0.009117914306339151
69,PC45,http_method_n/a,-0.0038242049936631963
69,PC45,http_version_1.1,-0.007408218672153756
69,PC45,http_version_n/a,0.007408218672153666
69,PC45,weird_addl_43,-0.006302588272869248
69,PC45,weird_addl_46,0.00783475594087521
69,PC45,weird_addl_48,0.015854991167511098
69,PC45,weird_addl_n/a,-0.01738715883551631
69,PC45,weird_notice_F,-0.008311253314221546
69,PC45,weird_notice_n/a,0.008311253314222106
69,PC46,duration,-0.012274853921828865
69,PC46,src_bytes,-9.365664096302761e-05
69,PC46,dst_bytes,-0.00025583079559884003
69,PC46,missed_bytes,-4.242929639765815e-06
69,PC46,src_pkts,0.014455050136734697
69,PC46,src_ip_bytes,0.01339244647970201
69,PC46,dst_pkts,-0.0032148240905340683
69,PC46,dst_ip_bytes,-0.003935086379411481
69,PC46,dns_qclass,9.235160658785222e-05
69,PC46,dns_qtype,0.00017109856183411388
69,PC46,dns_rcode,-4.7273181496915065e-05
69,PC46,http_request_body_len,-0.00015065859290621178
69,PC46,http_response_body_len,-0.0003588173147901484
69,PC46,http_status_code,0.0007358571666280895
69,PC46,dns_query,-0.0015271490760598366
69,PC46,ssl_version,0.00042618862130194856
69,PC46,ssl_cipher,0.0004261886213016439
69,PC46,ssl_subject,-0.00015725236540210907
69,PC46,ssl_issuer,-0.00015725236540213453
69,PC46,http_uri,-0.00035405384225335767
69,PC46,http_user_agent,-0.000354053842253209
69,PC46,http_orig_mime_types,-0.00039825938521237175
69,PC46,http_resp_mime_types,5.946574825706338e-05
69,PC46,weird_name,-0.004805426062551623
69,PC46,proto_icmp,2.257239808037617e-05
69,PC46,proto_tcp,1.0722976506592936e-05
69,PC46,proto_udp,-3.329537458682469e-05
69,PC46,service_dce_rpc,-5.930970873119993e-05
69,PC46,service_dhcp,8.127007324976751e-05
69,PC46,service_dns,0.0013070600327679187
69,PC46,service_ftp,-0.0002035013831057462
69,PC46,service_gssapi,-4.4354578795801274e-05
69,PC46,service_http,-0.00019667327491983719
69,PC46,service_n/a,-4.280228534201758e-05
69,PC46,service_smb,-0.0002175911688571599
69,PC46,service_smb;gssapi,-0.00043229226138425487
69,PC46,service_ssl,-0.00019180544488182254
69,PC46,conn_state_OTH,-4.4011805356115614e-05
69,PC46,conn_state_REJ,-4.2854924926854446e-05
69,PC46,conn_state_RSTO,-1.1551588936363922e-05
69,PC46,conn_state_RSTOS0,0.001258909247661719
69,PC46,conn_state_RSTR,0.00010680566426124471
69,PC46,conn_state_RSTRH,-4.023846959829965e-05
69,PC46,conn_state_S0,6.3406973595183e-06
69,PC46,conn_state_S1,-2.6732512860592333e-05
69,PC46,conn_state_S2,5.147047381302654e-05
69,PC46,conn_state_S3,3.6342932245354994e-05
69,PC46,conn_state_SF,0.00011660171526011605
69,PC46,conn_state_SH,-3.649926743741049e-05
69,PC46,conn_state_SHR,-0.0013745821614859109
69,PC46,dns_AA_F,0.0001110086941840155
69,PC46,dns_AA_T,-0.000126706925706909
69,PC46,dns_AA_n/a,1.569823152308984e-05
69,PC46,dns_RD_F,-6.384051070859446e-05
69,PC46,dns_RD_T,4.814227918543902e-05
69,PC46,dns_RD_n/a,1.5698231523045714e-05
69,PC46,dns_RA_F,4.932292203596318e-05
69,PC46,dns_RA_T,-6.50211535590361e-05
69,PC46,dns_RA_n/a,1.5698231523040998e-05
69,PC46,dns_rejected_F,4.048109011310012e-05
69,PC46,dns_rejected_T,-5.617932163605433e-05
69,PC46,dns_rejected_n/a,1.5698231523056394e-05
69,PC46,ssl_resumed_F,0.00020439537463028492
69,PC46,ssl_resumed_T,-0.0002851324930418771
69,PC46,ssl_resumed_n/a,8.073711841159509e-05
69,PC46,ssl_established_F,0.0003616477400324688
69,PC46,ssl_established_T,-0.00044238485844410637
69,PC46,ssl_established_n/a,8.07371184116429e-05
69,PC46,http_trans_depth_1,-0.00012646471520496504
69,PC46,http_trans_depth_10,4.7607935069957154e-05
69,PC46,http_trans_depth_2,-0.0003414884132702838
69,PC46,http_trans_depth_6,4.760870559569257e-05
69,PC46,http_trans_depth_7,4.7607250158180175e-05
69,PC46,http_trans_depth_8,4.7608448753762213e-05
69,PC46,http_trans_depth_9,4.760887682363351e-05
69,PC46,http_trans_depth_n/a,0.00022991191207396693
69,PC46,http_method_GET,-0.00016580679095529026
69,PC46,http_method_HEAD,0.00019145453693520127
69,PC46,http_method_POST,-0.000379701588233162
69,PC46,http_method_n/a,0.0003540538422532635
69,PC46,http_version_1.1,0.0007040118898363572
69,PC46,http_version_n/a,-0.000704011889836372
69,PC46,weird_addl_43,0.8630477249773688
69,PC46,weird_addl_46,-0.2504683979557966
69,PC46,weird_addl_48,-0.35179698695921796
69,PC46,weird_addl_n/a,-0.2607823400623472
69,PC46,weird_notice_F,-0.004805426062551419
69,PC46,weird_notice_n/a,0.004805426062551375
69,PC47,duration,0.7876825090697835
69,PC47,src_bytes,0.015362561938016873
69,PC47,dst_bytes,0.014927779586099397
69,PC47,missed_bytes,0.0031378600216416565
69,PC47,src_pkts,-0.4089394342912768
69,PC47,src_ip_bytes,-0.3806670947023656
69,PC47,dst_pkts,0.179573967960053
69,PC47,dst_ip_bytes,0.18374382789229685
69,PC47,dns_qclass,-0.00013293238751121983
69,PC47,dns_qtype,-5.1561952844208364e-05
69,PC47,dns_rcode,3.735561353949285e-05
69,PC47,http_request_body_len,-0.00010712811550066259
69,PC47,http_response_body_len,-0.00017891125865476505
69,PC47,http_status_code,0.0004572839589827206
69,PC47,dns_query,-0.0012026468465329435
69,PC47,ssl_version,1.8451624657519344e-05
69,PC47,ssl_cipher,1.8451624658074456e-05
69,PC47,ssl_subject,-0.012016823569110872
69,PC47,ssl_issuer,-0.012016823569111504
69,PC47,http_uri,8.729389911728974e-05
69,PC47,http_user_agent,8.72938991155342e-05
69,PC47,http_orig_mime_types,-0.0007697956552328022
69,PC47,http_resp_mime_types,-0.0012609916800567222
69,PC47,weird_name,-0.0011225053745980984
69,PC47,proto_icmp,-0.0008642357535096901
69,PC47,proto_tcp,0.00042478070801099665
69,PC47,proto_udp,0.0004394550455069923
69,PC47,service_dce_rpc,-0.0004490254129481952
69,PC47,service_dhcp,-0.0003664197707196129
69,PC47,service_dns,0.0008592493522000255
69,PC47,service_ftp,1.4523793648399397e-05
69,PC47,service_gssapi,-0.0004230330684513381
69,PC47,service_http,-0.0002819450096550602
69,PC47,service_n/a,-0.0003736958729439882
69,PC47,service_smb,0.00046270251581586675
69,PC47,service_smb;gssapi,0.0012569536793273703
69,PC47,service_ssl,-0.0006993102062673052
69,PC47,conn_state_OTH,0.0003182825640208192
69,PC47,conn_state_REJ,0.00029802041893592715
69,PC47,conn_state_RSTO,0.0001455605668019902
69,PC47,conn_state_RSTOS0,0.0004456933621321223
69,PC47,conn_state_RSTR,-0.00043057585465452325
69,PC47,conn_state_RSTRH,-0.00039378967792199574
69,PC47,conn_state_S0,0.00027734864630690054
69,PC47,conn_state_S1,-0.000248543414808039
69,PC47,conn_state_S2,0.0002061795128880002
69,PC47,conn_state_S3,-0.00012881270750738152
69,PC47,conn_state_SF,0.0001868320097685814
69,PC47,conn_state_SH,0.00032835439442963077
69,PC47,conn_state_SHR,-0.001004549820377322
69,PC47,dns_AA_F,-6.3811567481844925e-06
69,PC47,dns_AA_T,2.1115754841340845e-05
69,PC47,dns_AA_n/a,-1.4734598094154686e-05
69,PC47,dns_RD_F,2.706292093680729e-05
69,PC47,dns_RD_T,-1.2328322841710648e-05
69,PC47,dns_RD_n/a,-1.4734598093693249e-05
69,PC47,dns_RA_F,-2.7916950891551705e-05
69,PC47,dns_RA_T,4.265154898389946e-05
69,PC47,dns_RA_n/a,-1.4734598093731413e-05
69,PC47,dns_rejected_F,-1.3509324693808389e-05
69,PC47,dns_rejected_T,2.824392278481455e-05
69,PC47,dns_rejected_n/a,-1.4734598093825088e-05
69,PC47,ssl_resumed_F,-0.005956261558397801
69,PC47,ssl_resumed_T,0.006114701173460486
69,PC47,ssl_resumed_n/a,-0.00015843961506187623
69,PC47,ssl_established_F,0.006060562010713026
69,PC47,ssl_established_T,-0.005902122395650624
69,PC47,ssl_established_n/a,-0.00015843961506135928
69,PC47,http_trans_depth_1,-0.0001895933383415612
69,PC47,http_trans_depth_10,1.1795996671060452e-05
69,PC47,http_trans_depth_2,0.0004543849575832496
69,PC47,http_trans_depth_6,1.179640246425415e-05
69,PC47,http_trans_depth_7,1.1795635966002453e-05
69,PC47,http_trans_depth_8,1.179626719985654e-05
69,PC47,http_trans_depth_9,1.179649264051785e-05
69,PC47,http_trans_depth_n/a,-0.00032377241418348216
69,PC47,http_method_GET,-0.00020853218630151457
69,PC47,http_method_HEAD,0.0009669877929616942
69,PC47,http_method_POST,-0.0006711617075445527
69,PC47,http_method_n/a,-8.729389911533297e-05
69,PC47,http_version_1.1,0.00040483036738448927
69,PC47,http_version_n/a,-0.0004048303673844432
69,PC47,weird_addl_43,0.019058062653553785
69,PC47,weird_addl_46,-0.004623805244406986
69,PC47,weird_addl_48,-0.006435314084874064
69,PC47,weird_addl_n/a,-0.007998943324271552
69,PC47,weird_notice_F,-0.0011225053745980602
69,PC47,weird_notice_n/a,0.0011225053745972415
69,PC48,duration,-0.024083546634603815
69,PC48,src_bytes,0.6752050997577869
69,PC48,dst_bytes,0.7214486158934654
69,PC48,missed_bytes,0.15115873395251653
69,PC48,src_pkts,-0.0022745366350507305
69,PC48,src_ip_bytes,0.0022164521902475016
69,PC48,dst_pkts,-0.00549969031953875
69,PC48,dst_ip_bytes,-0.009409956767623648
69,PC48,dns_qclass,-0.00026585545048827923
69,PC48,dns_qtype,-0.00027511003392910894
69,PC48,dns_rcode,0.00016598980361639095
69,PC48,http_request_body_len,0.00014572714074816357
69,PC48,http_response_body_len,0.0031024942043763456
69,PC48,http_status_code,-0.0016139239344993752
69,PC48,dns_query,-0.00024683251250210694
69,PC48,ssl_version,7.713284532140591e-05
69,PC48,ssl_cipher,7.713284532181227e-05
69,PC48,ssl_subject,0.00014833370527138063
69,PC48,ssl_issuer,0.00014833370527164691
69,PC48,http_uri,-0.0009819929680651
69,PC48,http_user_agent,-0.000981992968065113
69,PC48,http_orig_mime_types,0.0014802119136761262
69,PC48,http_resp_mime_types,0.0015727933010541992
69,PC48,weird_name,0.00012502078784182758
69,PC48,proto_icmp,-5.333410694501571e-06
69,PC48,proto_tcp,-5.974116967975688e-05
69,PC48,proto_udp,6.507458039875492e-05
69,PC48,service_dce_rpc,-0.00025043605798541545
69,PC48,service_dhcp,-0.000215597828453313
69,PC48,service_dns,0.00033597894281730146
69,PC48,service_ftp,0.00019918816569868773
69,PC48,service_gssapi,-0.00026546161801852507
69,PC48,service_http,0.000337460688997592
69,PC48,service_n/a,-0.0002587109235605567
69,PC48,service_smb,0.00014719342688118784
69,PC48,service_smb;gssapi,0.00020791975327077473
69,PC48,service_ssl,-0.0002375345496424472
69,PC48,conn_state_OTH,0.0004307851855189851
69,PC48,conn_state_REJ,0.00043266291007659774
69,PC48,conn_state_RSTO,-1.644474745610136e-05
69,PC48,conn_state_RSTOS0,0.00046551720121714053
69,PC48,conn_state_RSTR,3.602684579501192e-05
69,PC48,conn_state_RSTRH,0.00042869922513896763
69,PC48,conn_state_S0,0.000313537761081506
69,PC48,conn_state_S1,0.0003934695092706608
69,PC48,conn_state_S2,6.64681193627975e-05
69,PC48,conn_state_S3,-0.0026197976928297173
69,PC48,conn_state_SF,-5.475955990236203e-05
69,PC48,conn_state_SH,0.00043107599312317
69,PC48,conn_state_SHR,-0.0003072407503997565
69,PC48,dns_AA_F,-2.8568055487478844e-05
69,PC48,dns_AA_T,4.8639959095680974e-05
69,PC48,dns_AA_n/a,-2.0071903614273662e-05
69,PC48,dns_RD_F,0.00012920619505669972
69,PC48,dns_RD_T,-0.00010913429144607245
69,PC48,dns_RD_n/a,-2.0071903615772463e-05
69,PC48,dns_RA_F,-0.00014781948297081654
69,PC48,dns_RA_T,0.0001678913865836261
69,PC48,dns_RA_n/a,-2.0071903615581643e-05
69,PC48,dns_rejected_F,-9.915233594612327e-05
69,PC48,dns_rejected_T,0.00011922423957089201
69,PC48,dns_rejected_n/a,-2.0071903615560827e-05
69,PC48,ssl_resumed_F,0.00017242466564694817
69,PC48,ssl_resumed_T,-4.7697428498867656e-05
69,PC48,ssl_resumed_n/a,-0.00012472723714715417
69,PC48,ssl_established_F,2.4090960374482245e-05
69,PC48,ssl_established_T,0.0001006362767731455
69,PC48,ssl_established_n/a,-0.00012472723714782724
69,PC48,http_trans_depth_1,0.0024445934213355378
69,PC48,http_trans_depth_10,-0.00040319694219606355
69,PC48,http_trans_depth_2,-0.0005871629439855091
69,PC48,http_trans_depth_6,-0.0004032076061900178
69,PC48,http_trans_depth_7,-0.0004031874630903279
69,PC48,http_trans_depth_8,-0.00040320405152535467
69,PC48,http_trans_depth_9,-0.0004032099759664232
69,PC48,http_trans_depth_n/a,0.00015857556161867972
69,PC48,http_method_GET,0.0012812845830769796
69,PC48,http_method_HEAD,-0.003462392481434465
69,PC48,http_method_POST,0.0011991149302910177
69,PC48,http_method_n/a,0.0009819929680651204
69,PC48,http_version_1.1,-0.0005632974718255482
69,PC48,http_version_n/a,0.0005632974718257841
69,PC48,weird_addl_43,-9.144064965437904e-05
69,PC48,weird_addl_46,-7.55642441598453e-05
69,PC48,weird_addl_48,-0.00010283153669664313
69,PC48,weird_addl_n/a,0.000269836430512177
69,PC48,weird_notice_F,0.00012502078784262793
69,PC48,weird_notice_n/a,-0.00012502078784210058
69,PC49,duration,-0.008347447502890086
69,PC49,src_bytes,-0.004183273657148677
69,PC49,dst_bytes,-0.0034087435601328603
69,PC49,missed_bytes,0.0009642216890493281
69,PC49,src_pkts,-0.0018142861715782677
69,PC49,src_ip_bytes,-0.008221699162718869
69,PC49,dst_pkts,0.0022919906340666766
69,PC49,dst_ip_bytes,0.01767479352072421
69,PC49,dns_qclass,5.843453718991755e-05
69,PC49,dns_qtype,5.094152332599201e-05
69,PC49,dns_rcode,-3.8244798486395054e-05
69,PC49,http_request_body_len,-0.013972446279282857
69,PC49,http_response_body_len,0.533758606332295
69,PC49,http_status_code,-0.31201180160342684
69,PC49,dns_query,-0.0013097051588743347
69,PC49,ssl_version,0.00035048908605632206
69,PC49,ssl_cipher,0.00035048908605657056
69,PC49,ssl_subject,1.742492084029826e-05
69,PC49,ssl_issuer,1.7424920840565842e-05
69,PC49,http_uri,-0.08462152190402077
69,PC49,http_user_agent,-0.08462152190402074
69,PC49,http_orig_mime_types,0.10892564439547311
69,PC49,http_resp_mime_types,0.12973842242739878
69,PC49,weird_name,-0.00018890345687265996
69,PC49,proto_icmp,9.277590736271558e-06
69,PC49,proto_tcp,-7.874844091784478e-06
69,PC49,proto_udp,-1.4027466447106966e-06
69,PC49,service_dce_rpc,1.0882349026472852e-05
69,PC49,service_dhcp,0.00012864885947118886
69,PC49,service_dns,0.0011893338656054342
69,PC49,service_ftp,-0.00020107633087128904
69,PC49,service_gssapi,1.4954814469791055e-05
69,PC49,service_http,-6.026046796506245e-05
69,PC49,service_n/a,1.4927457737456962e-05
69,PC49,service_smb,-0.000427648505142153
69,PC49,service_smb;gssapi,-0.0005841398897080173
69,PC49,service_ssl,-8.562215262111934e-05
69,PC49,conn_state_OTH,5.364113148074133e-05
69,PC49,conn_state_REJ,5.34329304261727e-05
69,PC49,conn_state_RSTO,-1.708136509859931e-05
69,PC49,conn_state_RSTOS0,0.00011082255909279637
69,PC49,conn_state_RSTR,0.00047072355359147056
69,PC49,conn_state_RSTRH,4.858201283092223e-05
69,PC49,conn_state_S0,5.13348048781781e-05
69,PC49,conn_state_S1,-7.408556272821623e-05
69,PC49,conn_state_S2,0.0001759036301200098
69,PC49,conn_state_S3,0.00011151020667270195
69,PC49,conn_state_SF,0.0001320291782852534
69,PC49,conn_state_SH,5.441775905964952e-05
69,PC49,conn_state_SHR,-0.0011712308386119807
69,PC49,dns_AA_F,5.517031539267747e-06
69,PC49,dns_AA_T,6.669813427707949e-07
69,PC49,dns_AA_n/a,-6.184012882243239e-06
69,PC49,dns_RD_F,-2.145290127500421e-05
69,PC49,dns_RD_T,2.763691415719194e-05
69,PC49,dns_RD_n/a,-6.184012882187728e-06
69,PC49,dns_RA_F,3.479511420964587e-05
69,PC49,dns_RA_T,-2.86111013276108e-05
69,PC49,dns_RA_n/a,-6.1840128821044615e-06
69,PC49,dns_rejected_F,2.6318584034389428e-05
69,PC49,dns_rejected_T,-2.0134571151242397e-05
69,PC49,dns_rejected_n/a,-6.184012882000378e-06
69,PC49,ssl_resumed_F,0.00015285596692920372
69,PC49,ssl_resumed_T,-0.00028208261091478785
69,PC49,ssl_resumed_n/a,0.00012922664398553468
69,PC49,ssl_established_F,0.00013543104608867984
69,PC49,ssl_established_T,-0.000264657690074424
69,PC49,ssl_established_n/a,0.00012922664398567346
69,PC49,http_trans_depth_1,0.46329732906780685
69,PC49,http_trans_depth_10,-0.09567379848014278
69,PC49,http_trans_depth_2,0.2679227238585422
69,PC49,http_trans_depth_6,-0.09567587442549763
69,PC49,http_trans_depth_7,-0.09567195319538492
69,PC49,http_trans_depth_8,-0.09567518244371415
69,PC49,http_trans_depth_9,-0.09567633574668577
69,PC49,http_trans_depth_n/a,-0.2528469086349281
69,PC49,http_method_GET,0.06349025841588034
69,PC49,http_method_HEAD,-0.2281976669526475
69,PC49,http_method_POST,0.0800858866327431
69,PC49,http_method_n/a,0.08462152190402042
69,PC49,http_version_1.1,-0.23263107862355453
69,PC49,http_version_n/a,0.2326310786235542
69,PC49,weird_addl_43,0.0009740815860762846
69,PC49,weird_addl_46,-7.972167596956292e-05
69,PC49,weird_addl_48,-0.00015902568717074406
69,PC49,weird_addl_n/a,-0.0007353342229363263
69,PC49,weird_notice_F,-0.00018890345687359172
69,PC49,weird_notice_n/a,0.00018890345687331417
69,PC50,duration,0.02140962660090281
69,PC50,src_bytes,0.003137333867427316
69,PC50,dst_bytes,0.0017893617309126591
69,PC50,missed_bytes,-0.0013416343157767107
69,PC50,src_pkts,0.001851381433397221
69,PC50,src_ip_bytes,0.01846842597371353
69,PC50,dst_pkts,-0.012942978884805948
69,PC50,dst_ip_bytes,-0.04237386213574992
69,PC50,dns_qclass,1.4828864550970461e-05
69,PC50,dns_qtype,1.814379630293763e-05
69,PC50,dns_rcode,-1.1240628698115738e-05
69,PC50,http_request_body_len,-0.15701302183658405
69,PC50,http_response_body_len,0.05120811842531861
69,PC50,http_status_code,-0.16741308429675097
69,PC50,dns_query,2.5304870821267825e-05
69,PC50,ssl_version,1.092829326940735e-06
69,PC50,ssl_cipher,1.0928293266787917e-06
69,PC50,ssl_subject,-0.000306912406511112
69,PC50,ssl_issuer,-0.00030691240651139866
69,PC50,http_uri,0.13168757163188244
69,PC50,http_user_agent,0.1316875716318825
69,PC50,http_orig_mime_types,-0.21167892210234676
69,PC50,http_resp_mime_types,0.09543400123623717
69,PC50,weird_name,5.675481351750597e-05
69,PC50,proto_icmp,-2.4448236214628417e-05
69,PC50,proto_tcp,1.6421260976846874e-05
69,PC50,proto_udp,8.026975237110205e-06
69,PC50,service_dce_rpc,-0.0002101028367633383
69,PC50,service_dhcp,-0.0002298439645193615
69,PC50,service_dns,-0.00024265030541882008
69,PC50,service_ftp,9.979959175647219e-05
69,PC50,service_gssapi,-0.00019963958931523348
69,PC50,service_http,-0.0002042842584519403
69,PC50,service_n/a,-0.00019543241951520962
69,PC50,service_smb,0.0006115212530323592
69,PC50,service_smb;gssapi,0.000770279161963375
69,PC50,service_ssl,-0.000199646632766122
69,PC50,conn_state_OTH,-1.3458126476503796e-06
69,PC50,conn_state_REJ,-1.1939193825805106e-06
69,PC50,conn_state_RSTO,0.0009140629850606929
69,PC50,conn_state_RSTOS0,-2.3968184645836027e-05
69,PC50,conn_state_RSTR,-0.0007799593119553333
69,PC50,conn_state_RSTRH,1.4902879659051127e-05
69,PC50,conn_state_S0,5.796717080619462e-06
69,PC50,conn_state_S1,-5.5300924605247714e-05
69,PC50,conn_state_S2,9.545007058681804e-05
69,PC50,conn_state_S3,-0.00025377664456537454
69,PC50,conn_state_SF,3.104998169141393e-05
69,PC50,conn_state_SH,-2.3839570122002884e-06
69,PC50,conn_state_SHR,5.666612073484609e-05
69,PC50,dns_AA_F,2.0124421285516725e-06
69,PC50,dns_AA_T,-3.412070522690498e-06
69,PC50,dns_AA_n/a,1.3996283954181843e-06
69,PC50,dns_RD_F,-8.286699017426985e-06
69,PC50,dns_RD_T,6.887070623299435e-06
69,PC50,dns_RD_n/a,1.399628395307162e-06
69,PC50,dns_RA_F,9.578331940762741e-06
69,PC50,dns_RA_T,-1.0977960335806225e-05
69,PC50,dns_RA_n/a,1.3996283950226673e-06
69,PC50,dns_rejected_F,6.476239456557065e-06
69,PC50,dns_rejected_T,-7.875867851503404e-06
69,PC50,dns_rejected_n/a,1.3996283949289923e-06
69,PC50,ssl_resumed_F,-0.0002354465369907438
69,PC50,ssl_resumed_T,0.0002534243695830902
69,PC50,ssl_resumed_n/a,-1.7977832592577098e-05
69,PC50,ssl_established_F,7.146586952054904e-05
69,PC50,ssl_established_T,-5.3488036928061276e-05
69,PC50,ssl_established_n/a,-1.7977832592639548e-05
69,PC50,http_trans_depth_1,0.09566694080503568
69,PC50,http_trans_depth_10,-0.02532765416755273
69,PC50,http_trans_depth_2,0.15593581426541211
69,PC50,http_trans_depth_6,-0.025327919126655687
69,PC50,http_trans_depth_7,-0.025327418648350045
69,PC50,http_trans_depth_8,-0.025327830806955384
69,PC50,http_trans_depth_9,-0.02532797800645574
69,PC50,http_trans_depth_n/a,-0.12496395431447754
69,PC50,http_method_GET,-0.4245660113266919
69,PC50,http_method_HEAD,0.7419048472735557
69,PC50,http_method_POST,-0.1856512643149851
69,PC50,http_method_n/a,-0.13168757163188274
69,PC50,http_version_1.1,-0.09627035840214095
69,PC50,http_version_n/a,0.09627035840214077
69,PC50,weird_addl_43,-8.815592152835246e-05
69,PC50,weird_addl_46,-2.6912003080262203e-05
69,PC50,weird_addl_48,-2.988589713078839e-05
69,PC50,weird_addl_n/a,0.000144953821739284
69,PC50,weird_notice_F,5.67548135172926e-05
69,PC50,weird_notice_n/a,-5.675481351713387e-05
69,PC51,duration,-0.4159470855354476
69,PC51,src_bytes,-0.001724219555598816
69,PC51,dst_bytes,0.0015464109004143245
69,PC51,missed_bytes,0.00026185258673740164
69,PC51,src_pkts,-0.02487828177000248
69,PC51,src_ip_bytes,-0.300716831906059
69,PC51,dst_pkts,0.31892902310350635
69,PC51,dst_ip_bytes,0.7931145160265951
69,PC51,dns_qclass,7.487226216026932e-05
69,PC51,dns_qtype,1.780806893650344e-05
69,PC51,dns_rcode,-1.015979354369867e-05
69,PC51,http_request_body_len,-0.012219157046112164
69,PC51,http_response_body_len,0.015282496448001948
69,PC51,http_status_code,-0.0075956028771214795
69,PC51,dns_query,-0.0005746143314069307
69,PC51,ssl_version,0.00022248288481624412
69,PC51,ssl_cipher,0.00022248288481584166
69,PC51,ssl_subject,0.004019810635561949
69,PC51,ssl_issuer,0.004019810635561824
69,PC51,http_uri,0.010467697571826237
69,PC51,http_user_agent,0.010467697571826362
69,PC51,http_orig_mime_types,-0.010605122188671351
69,PC51,http_resp_mime_types,0.01324186644195735
69,PC51,weird_name,-0.0023024559631653063
69,PC51,proto_icmp,0.0005147480165983431
69,PC51,proto_tcp,-0.0002564209151234842
69,PC51,proto_udp,-0.0002583271014576921
69,PC51,service_dce_rpc,6.103312297656843e-05
69,PC51,service_dhcp,0.00011818476724634319
69,PC51,service_dns,0.0005710672666122164
69,PC51,service_ftp,-0.00011109035255555625
69,PC51,service_gssapi,5.8710712565298445e-05
69,PC51,service_http,-0.00018147512541132754
69,PC51,service_n/a,6.296913098845225e-05
69,PC51,service_smb,-0.000298029835202461
69,PC51,service_smb;gssapi,-0.00022373653468636895
69,PC51,service_ssl,-5.763315253630441e-05
69,PC51,conn_state_OTH,-2.204397121802204e-05
69,PC51,conn_state_REJ,-2.146468533096267e-05
69,PC51,conn_state_RSTO,-0.0006310724878223761
69,PC51,conn_state_RSTOS0,0.0007020978158404426
69,PC51,conn_state_RSTR,0.0003480949822254331
69,PC51,conn_state_RSTRH,-0.000405342308713634
69,PC51,conn_state_S0,2.8144913112315706e-06
69,PC51,conn_state_S1,0.0002182590414543939
69,PC51,conn_state_S2,0.00012186192244037497
69,PC51,conn_state_S3,0.00022759520849101322
69,PC51,conn_state_SF,1.3732462589736288e-05
69,PC51,conn_state_SH,1.549336856032646e-06
69,PC51,conn_state_SHR,-0.0005560818081149499
69,PC51,dns_AA_F,-4.764010661587048e-07
69,PC51,dns_AA_T,2.94928105843556e-06
69,PC51,dns_AA_n/a,-2.4728799923635914e-06
69,PC51,dns_RD_F,-1.6820045539947537e-05
69,PC51,dns_RD_T,1.9292925534264427e-05
69,PC51,dns_RD_n/a,-2.47287999118051e-06
69,PC51,dns_RA_F,1.9587040268094144e-05
69,PC51,dns_RA_T,-1.7114160272753767e-05
69,PC51,dns_RA_n/a,-2.4728799909445875e-06
69,PC51,dns_rejected_F,1.3746364613542728e-05
69,PC51,dns_rejected_T,-1.1273484621758534e-05
69,PC51,dns_rejected_n/a,-2.472879991229082e-06
69,PC51,ssl_resumed_F,0.0021709959129483586
69,PC51,ssl_resumed_T,-0.002125402198598955
69,PC51,ssl_resumed_n/a,-4.559371434856643e-05
69,PC51,ssl_established_F,-0.0018488147226134106
69,PC51,ssl_established_T,0.0018944084369626642
69,PC51,ssl_established_n/a,-4.55937143488995e-05
69,PC51,http_trans_depth_1,-0.004265019227964463
69,PC51,http_trans_depth_10,0.0021738338778400264
69,PC51,http_trans_depth_2,-0.024166831933640682
69,PC51,http_trans_depth_6,0.0021737435767065463
69,PC51,http_trans_depth_7,0.0021739141455140703
69,PC51,http_trans_depth_8,0.0021737736770844856
69,PC51,http_trans_depth_9,0.002173723509787964
69,PC51,http_trans_depth_n/a,0.017562862374671032
69,PC51,http_method_GET,-0.02689879144388183
69,PC51,http_method_HEAD,0.047113796949722224
69,PC51,http_method_POST,-0.009747307934013478
69,PC51,http_method_n/a,-0.010467697571826872
69,PC51,http_version_1.1,0.004695037000186178
69,PC51,http_version_n/a,-0.0046950370001862625
69,PC51,weird_addl_43,0.00309913287250667
69,PC51,weird_addl_46,0.001230029177225575
69,PC51,weird_addl_48,0.0013720564657003637
69,PC51,weird_addl_n/a,-0.005701218515431131
69,PC51,weird_notice_F,-0.0023024559631658753
69,PC51,weird_notice_n/a,0.002302455963165098
69,PC52,duration,0.013841266770555792
69,PC52,src_bytes,-0.0020779882949836866
69,PC52,dst_bytes,-0.0003310401952522548
69,PC52,missed_bytes,0.0029844962830654466
69,PC52,src_pkts,0.0005113502349253576
69,PC52,src_ip_bytes,0.008640668945931
69,PC52,dst_pkts,-0.015493065899166596
69,PC52,dst_ip_bytes,-0.02416743702889693
69,PC52,dns_qclass,-6.892664172989706e-06
69,PC52,dns_qtype,6.496492331352702e-07
69,PC52,dns_rcode,5.015749710180796e-06
69,PC52,http_request_body_len,-0.012796812979028318
69,PC52,http_response_body_len,0.6612348145219483
69,PC52,http_status_code,0.45499816223748063
69,PC52,dns_query,0.0010105634771321367
69,PC52,ssl_version,-0.0002852647122239529
69,PC52,ssl_cipher,-0.00028526471222314106
69,PC52,ssl_subject,-3.705051358073811e-05
69,PC52,ssl_issuer,-3.705051358039984e-05
69,PC52,http_uri,0.048104577686994304
69,PC52,http_user_agent,0.04810457768699474
69,PC52,http_orig_mime_types,-0.049480769269835585
69,PC52,http_resp_mime_types,0.07212822445915945
69,PC52,weird_name,3.1111258899535824e-05
69,PC52,proto_icmp,-9.141351846059936e-06
69,PC52,proto_tcp,1.6333524780049596e-05
69,PC52,proto_udp,-7.192172934353952e-06
69,PC52,service_dce_rpc,5.718879447138116e-05
69,PC52,service_dhcp,-2.8162320311528148e-05
69,PC52,service_dns,-0.000905519121493413
69,PC52,service_ftp,0.00011467127959538873
69,PC52,service_gssapi,5.6147095061906144e-05
69,PC52,service_http,5.749439734784658e-05
69,PC52,service_n/a,5.578411927215435e-05
69,PC52,service_smb,0.00022320261936353142
69,PC52,service_smb;gssapi,0.0002613977280740865
69,PC52,service_ssl,0.00010779540861272086
69,PC52,conn_state_OTH,-1.9121369484648154e-05
69,PC52,conn_state_REJ,-1.990911799505668e-05
69,PC52,conn_state_RSTO,-0.0001540633377167856
69,PC52,conn_state_RSTOS0,-3.3925680410704095e-05
69,PC52,conn_state_RSTR,-0.00017983017579173421
69,PC52,conn_state_RSTRH,-1.5067096786336442e-06
69,PC52,conn_state_S0,-7.578731369972669e-07
69,PC52,conn_state_S1,3.7976936652028837e-05
69,PC52,conn_state_S2,-0.0005058276528949121
69,PC52,conn_state_S3,-9.443119845643777e-05
69,PC52,conn_state_SF,-9.206258342553397e-06
69,PC52,conn_state_SH,-2.0538074250092686e-05
69,PC52,conn_state_SHR,0.0010011405115062724
69,PC52,dns_AA_F,1.6429202637224805e-07
69,PC52,dns_AA_T,-7.127305361676051e-06
69,PC52,dns_AA_n/a,6.963013335484214e-06
69,PC52,dns_RD_F,-2.3021702288961166e-06
69,PC52,dns_RD_T,-4.6608431065742195e-06
69,PC52,dns_RD_n/a,6.963013335567481e-06
69,PC52,dns_RA_F,-4.629392649432851e-06
69,PC52,dns_RA_T,-2.3336206854407404e-06
69,PC52,dns_RA_n/a,6.963013335470336e-06
69,PC52,dns_rejected_F,-5.115360405132802e-06
69,PC52,dns_rejected_T,-1.8476529299316091e-06
69,PC52,dns_rejected_n/a,6.963013335470336e-06
69,PC52,ssl_resumed_F,-0.00011890810163665139
69,PC52,ssl_resumed_T,0.00020863027312000623
69,PC52,ssl_resumed_n/a,-8.972217148301223e-05
69,PC52,ssl_established_F,-8.185758805649701e-05
69,PC52,ssl_established_T,0.00017157975953931842
69,PC52,ssl_established_n/a,-8.972217148286998e-05
69,PC52,http_trans_depth_1,0.04724891414344904
69,PC52,http_trans_depth_10,-0.014272362058902538
69,PC52,http_trans_depth_2,-0.38826798162740483
69,PC52,http_trans_depth_6,-0.014277508940967845
69,PC52,http_trans_depth_7,-0.014267787052628355
69,PC52,http_trans_depth_8,-0.014275793313609498
69,PC52,http_trans_depth_9,-0.014278652692536814
69,PC52,http_trans_depth_n/a,0.4123911715425977
69,PC52,http_method_GET,-0.03240413307091296
69,PC52,http_method_HEAD,0.11412379826558147
69,PC52,http_method_POST,-0.0336150875076785
69,PC52,http_method_n/a,-0.04810457768699382
69,PC52,http_version_1.1,-0.01741745193581161
69,PC52,http_version_n/a,0.01741745193581119
69,PC52,weird_addl_43,-0.0003477982906928169
69,PC52,weird_addl_46,4.4699847155327266e-05
69,PC52,weird_addl_48,9.393790700687465e-05
69,PC52,weird_addl_n/a,0.00020916053652987598
69,PC52,weird_notice_F,3.1111258899430005e-05
69,PC52,weird_notice_n/a,-3.1111258899374494e-05
69,PC53,duration,-0.011525436348952374
69,PC53,src_bytes,0.002982991579335997
69,PC53,dst_bytes,-5.3414066246766645e-05
69,PC53,missed_bytes,-0.004764710973369242
69,PC53,src_pkts,-0.0023366260075994892
69,PC53,src_ip_bytes,-0.002798519524946651
69,PC53,dst_pkts,0.0205399111645387
69,PC53,dst_ip_bytes,0.01636982476585185
69,PC53,dns_qclass,1.7499347419843575e-05
69,PC53,dns_qtype,1.6239867859183313e-05
69,PC53,dns_rcode,-9.68670580865031e-06
69,PC53,http_request_body_len,0.09322084724051796
69,PC53,http_response_body_len,-0.27941715860440913
69,PC53,http_status_code,0.6919454284709925
69,PC53,dns_query,-1.527451596250798e-05
69,PC53,ssl_version,1.7175041546468005e-05
69,PC53,ssl_cipher,1.7175041546743826e-05
69,PC53,ssl_subject,8.738715744727437e-05
69,PC53,ssl_issuer,8.738715744710523e-05
69,PC53,http_uri,-0.015243758568889739
69,PC53,http_user_agent,-0.015243758568889916
69,PC53,http_orig_mime_types,-0.060392827031026906
69,PC53,http_resp_mime_types,0.01334730210260823
69,PC53,weird_name,3.9333591308103946e-05
69,PC53,proto_icmp,1.606099545970255e-05
69,PC53,proto_tcp,-5.0616943196874625e-06
69,PC53,proto_udp,-1.0999301138819861e-05
69,PC53,service_dce_rpc,-7.431084888276113e-06
69,PC53,service_dhcp,-8.60775215574339e-06
69,PC53,service_dns,-1.2949459988175968e-05
69,PC53,service_ftp,1.861676726111483e-07
69,PC53,service_gssapi,-5.645298117975921e-06
69,PC53,service_http,-2.502405945709529e-05
69,PC53,service_n/a,-5.680854659267931e-06
69,PC53,service_smb,5.162734490911369e-05
69,PC53,service_smb;gssapi,6.040419516550985e-05
69,PC53,service_ssl,-4.687919848878064e-05
69,PC53,conn_state_OTH,5.171974166814919e-06
69,PC53,conn_state_REJ,5.426077207396074e-06
69,PC53,conn_state_RSTO,0.0005750411847475064
69,PC53,conn_state_RSTOS0,8.981033930016702e-07
69,PC53,conn_state_RSTR,-5.0238416357657745e-05
69,PC53,conn_state_RSTRH,-1.478702671484089e-05
69,PC53,conn_state_S0,1.1718628018299662e-05
69,PC53,conn_state_S1,-2.8689420018462863e-05
69,PC53,conn_state_S2,-0.0004482016749749393
69,PC53,conn_state_S3,-0.0001137033211803494
69,PC53,conn_state_SF,3.328748997394326e-05
69,PC53,conn_state_SH,5.7995720503523085e-06
69,PC53,conn_state_SHR,1.8276829691410423e-05
69,PC53,dns_AA_F,1.6589702715313903e-06
69,PC53,dns_AA_T,-2.5572830811421143e-06
69,PC53,dns_AA_n/a,8.983128090261222e-07
69,PC53,dns_RD_F,-7.3021310748599966e-06
69,PC53,dns_RD_T,6.403818264971717e-06
69,PC53,dns_RD_n/a,8.98312809428578e-07
69,PC53,dns_RA_F,8.644268049765036e-06
69,PC53,dns_RA_T,-9.54258085887616e-06
69,PC53,dns_RA_n/a,8.983128092585752e-07
69,PC53,dns_rejected_F,5.787231205024029e-06
69,PC53,dns_rejected_T,-6.685544015588851e-06
69,PC53,dns_rejected_n/a,8.983128091510223e-07
69,PC53,ssl_resumed_F,1.4560305085807579e-05
69,PC53,ssl_resumed_T,-2.4025786921931264e-05
69,PC53,ssl_resumed_n/a,9.465481836428563e-06
69,PC53,ssl_established_F,-7.282685236163072e-05
69,PC53,ssl_established_T,6.336137052526591e-05
69,PC53,ssl_established_n/a,9.465481836563872e-06
69,PC53,http_trans_depth_1,0.1751167232790876
69,PC53,http_trans_depth_10,-0.12904999886704008
69,PC53,http_trans_depth_2,0.4362988249040001
69,PC53,http_trans_depth_6,-0.12904699680006662
69,PC53,http_trans_depth_7,-0.12905266737101728
69,PC53,http_trans_depth_8,-0.1290479974890577
69,PC53,http_trans_depth_9,-0.12904632967406932
69,PC53,http_trans_depth_n/a,0.03382844201817031
69,PC53,http_method_GET,0.015627313974237812
69,PC53,http_method_HEAD,-0.00614342835046203
69,PC53,http_method_POST,-0.02472764419266291
69,PC53,http_method_n/a,0.015243758568890802
69,PC53,http_version_1.1,-0.24771801349994987
69,PC53,http_version_n/a,0.24771801349994862
69,PC53,weird_addl_43,-3.596850468756598e-05
69,PC53,weird_addl_46,-2.6314697241468926e-05
69,PC53,weird_addl_48,-2.9492964931203403e-05
69,PC53,weird_addl_n/a,9.177616686002407e-05
69,PC53,weird_notice_F,3.9333591309406724e-05
69,PC53,weird_notice_n/a,-3.933359130918468e-05
69,PC54,duration,0.004248825437029053
69,PC54,src_bytes,-0.003407720324426383
69,PC54,dst_bytes,0.0005330863849840161
69,PC54,missed_bytes,0.008485707393338659
69,PC54,src_pkts,0.003930077154039004
69,PC54,src_ip_bytes,-0.003179242460032504
69,PC54,dst_pkts,-0.015180668076426446
69,PC54,dst_ip_bytes,-0.0007197463777543853
69,PC54,dns_qclass,-3.185686020789561e-05
69,PC54,dns_qtype,-2.6937147130562823e-05
69,PC54,dns_rcode,2.0814848860780354e-05
69,PC54,http_request_body_len,-0.058109453472940824
69,PC54,http_response_body_len,-0.10609938425637946
69,PC54,http_status_code,-0.28359476952612933
69,PC54,dns_query,0.0008576970763006099
69,PC54,ssl_version,-0.00023738232043787975
69,PC54,ssl_cipher,-0.00023738232043826052
69,PC54,ssl_subject,4.002626062729847e-05
69,PC54,ssl_issuer,4.0026260627254234e-05
69,PC54,http_uri,0.04237178322489859
69,PC54,http_user_agent,0.04237178322489864
69,PC54,http_orig_mime_types,0.03452446025137751
69,PC54,http_resp_mime_types,-0.012872871818458826
69,PC54,weird_name,-0.0001196115588937962
69,PC54,proto_icmp,-3.3499409738046645e-06
69,PC54,proto_tcp,6.271678276245467e-06
69,PC54,proto_udp,-2.921737302923489e-06
69,PC54,service_dce_rpc,7.616998512757355e-05
69,PC54,service_dhcp,9.52800272227593e-06
69,PC54,service_dns,-0.0007094425768933146
69,PC54,service_ftp,9.332404917872066e-05
69,PC54,service_gssapi,7.271412316712383e-05
69,PC54,service_http,0.00010176311068741664
69,PC54,service_n/a,7.229730130978163e-05
69,PC54,service_smb,7.010378932582537e-05
69,PC54,service_smb;gssapi,7.732648699288792e-05
69,PC54,service_ssl,0.00013621572838497242
69,PC54,conn_state_OTH,-4.641354756920041e-05
69,PC54,conn_state_REJ,-4.673571277466742e-05
69,PC54,conn_state_RSTO,-0.0004783246914851682
69,PC54,conn_state_RSTOS0,-2.2463943419361206e-05
69,PC54,conn_state_RSTR,-4.303409834509331e-05
69,PC54,conn_state_RSTRH,-3.347094730089817e-05
69,PC54,conn_state_S0,-4.047991062833961e-05
69,PC54,conn_state_S1,3.707956533678669e-05
69,PC54,conn_state_S2,4.034736008641168e-06
69,PC54,conn_state_S3,2.7503491530515844e-05
69,PC54,conn_state_SF,-8.50852612638564e-05
69,PC54,conn_state_SH,-4.673304408198131e-05
69,PC54,conn_state_SHR,0.000774123363990839
69,PC54,dns_AA_F,-2.6561010281894726e-06
69,PC54,dns_AA_T,-1.2364683804749754e-06
69,PC54,dns_AA_n/a,3.892569408865676e-06
69,PC54,dns_RD_F,1.0283758816211075e-05
69,PC54,dns_RD_T,-1.4176328224778378e-05
69,PC54,dns_RD_n/a,3.892569408851798e-06
69,PC54,dns_RA_F,-1.8070161349949265e-05
69,PC54,dns_RA_T,1.4177591941272674e-05
69,PC54,dns_RA_n/a,3.892569408907309e-06
69,PC54,dns_rejected_F,-1.3761961835400544e-05
69,PC54,dns_rejected_T,9.869392427100387e-06
69,PC54,dns_rejected_n/a,3.892569408973229e-06
69,PC54,ssl_resumed_F,-3.455657567250081e-05
69,PC54,ssl_resumed_T,0.00011496984717706497
69,PC54,ssl_resumed_n/a,-8.04132715048339e-05
69,PC54,ssl_established_F,-7.45828362995471e-05
69,PC54,ssl_established_T,0.00015499610780441656
69,PC54,ssl_established_n/a,-8.041327150503513e-05
69,PC54,http_trans_depth_1,0.19314380665375544
69,PC54,http_trans_depth_10,-0.21858063411025688
69,PC54,http_trans_depth_2,0.23888977525420355
69,PC54,http_trans_depth_6,-0.2185781291955129
69,PC54,http_trans_depth_7,-0.21858286070115365
69,PC54,http_trans_depth_8,-0.21857896416708855
69,PC54,http_trans_depth_9,-0.21857757254780227
69,PC54,http_trans_depth_n/a,0.6608645788138587
69,PC54,http_method_GET,0.02521044039258294
69,PC54,http_method_HEAD,0.002113740175544047
69,PC54,http_method_POST,0.015047602656772071
69,PC54,http_method_n/a,-0.04237178322489909
69,PC54,http_version_1.1,0.25196124790927066
69,PC54,http_version_n/a,-0.251961247909269
69,PC54,weird_addl_43,-0.00010323216502266478
69,PC54,weird_addl_46,0.00011984541850284386
69,PC54,weird_addl_48,0.00016235834703918345
69,PC54,weird_addl_n/a,-0.00017897160051901732
69,PC54,weird_notice_F,-0.00011961155889402691
69,PC54,weird_notice_n/a,0.0001196115588940061
69,PC55,duration,-0.0023636670930078144
69,PC55,src_bytes,0.07394222645790594
69,PC55,dst_bytes,-0.27033550283596985
69,PC55,missed_bytes,0.9597781711031794
69,PC55,src_pkts,-0.004014768327462567
69,PC55,src_ip_bytes,0.0030664294864710456
69,PC55,dst_pkts,0.01155748732065281
69,PC55,dst_ip_bytes,-0.004350946326341635
69,PC55,dns_qclass,-2.0821364293977223e-05
69,PC55,dns_qtype,-2.0646582091501118e-05
69,PC55,dns_rcode,1.3445910788057337e-05
69,PC55,http_request_body_len,-0.0007851773423733967
69,PC55,http_response_body_len,-0.0037108243159272
69,PC55,http_status_code,0.003963740195818858
69,PC55,dns_query,0.00015004145568284092
69,PC55,ssl_version,1.8328646288268092e-05
69,PC55,ssl_cipher,1.8328646289903936e-05
69,PC55,ssl_subject,1.332771934356024e-05
69,PC55,ssl_issuer,1.3327719344393774e-05
69,PC55,http_uri,-0.00020893080802911223
69,PC55,http_user_agent,-0.0002089308080285298
69,PC55,http_orig_mime_types,-0.00016956845307157758
69,PC55,http_resp_mime_types,0.0014061552368666652
69,PC55,weird_name,8.661232196313044e-06
69,PC55,proto_icmp,2.6776177721198925e-06
69,PC55,proto_tcp,-4.054252529162375e-06
69,PC55,proto_udp,1.3766347533757106e-06
69,PC55,service_dce_rpc,-1.9528831144480273e-05
69,PC55,service_dhcp,-2.9820386884494557e-05
69,PC55,service_dns,-0.00013674819551200233
69,PC55,service_ftp,1.630595998930841e-05
69,PC55,service_gssapi,-2.131460470588273e-05
69,PC55,service_http,2.019697952528065e-05
69,PC55,service_n/a,-2.098437339448367e-05
69,PC55,service_smb,1.7747395623234075e-05
69,PC55,service_smb;gssapi,1.7658955379370057e-05
69,PC55,service_ssl,0.00015648710115870323
69,PC55,conn_state_OTH,1.5402614079729204e-05
69,PC55,conn_state_REJ,1.5284677622046106e-05
69,PC55,conn_state_RSTO,-7.872086438071024e-06
69,PC55,conn_state_RSTOS0,1.524168254975894e-05
69,PC55,conn_state_RSTR,-2.3295875517553855e-05
69,PC55,conn_state_RSTRH,5.017085788847769e-06
69,PC55,conn_state_S0,9.739295750599286e-06
69,PC55,conn_state_S1,-1.2768953493974555e-05
69,PC55,conn_state_S2,-1.4245316969929006e-05
69,PC55,conn_state_S3,-0.0001280748007305571
69,PC55,conn_state_SF,-1.974653314940067e-05
69,PC55,conn_state_SH,1.5224534320845695e-05
69,PC55,conn_state_SHR,0.0001300936761917948
69,PC55,dns_AA_F,-2.1335650282894303e-06
69,PC55,dns_AA_T,2.5420392639056207e-06
69,PC55,dns_AA_n/a,-4.084742349919068e-07
69,PC55,dns_RD_F,9.416023104641402e-06
69,PC55,dns_RD_T,-9.007548871805757e-06
69,PC55,dns_RD_n/a,-4.0847423371515035e-07
69,PC55,dns_RA_F,-1.1962785640529106e-05
69,PC55,dns_RA_T,1.2371259873867821e-05
69,PC55,dns_RA_n/a,-4.084742338816838e-07
69,PC55,dns_rejected_F,-8.336185547935804e-06
69,PC55,dns_rejected_T,8.744659782554745e-06
69,PC55,dns_rejected_n/a,-4.084742334375946e-07
69,PC55,ssl_resumed_F,-1.3182439336094885e-05
69,PC55,ssl_resumed_T,-4.054651173451829e-05
69,PC55,ssl_resumed_n/a,5.372895107269571e-05
69,PC55,ssl_established_F,-2.6510158681549876e-05
69,PC55,ssl_established_T,-2.7218792389351043e-05
69,PC55,ssl_established_n/a,5.372895107204345e-05
69,PC55,http_trans_depth_1,-0.0010767337588325418
69,PC55,http_trans_depth_10,0.0012817606958597549
69,PC55,http_trans_depth_2,7.774298750789707e-05
69,PC55,http_trans_depth_6,0.0012818876702575463
69,PC55,http_trans_depth_7,0.001281647829728718
69,PC55,http_trans_depth_8,0.0012818453454581647
69,PC55,http_trans_depth_9,0.0012819158867905245
69,PC55,http_trans_depth_n/a,-0.00541006665676938
69,PC55,http_method_GET,-0.0011083558696648801
69,PC55,http_method_HEAD,0.0008684304481581672
69,PC55,http_method_POST,3.099461347725013e-05
69,PC55,http_method_n/a,0.00020893080802988906
69,PC55,http_version_1.1,-0.0032033387752064928
69,PC55,http_version_n/a,0.0032033387752056983
69,PC55,weird_addl_43,-4.321644917638055e-05
69,PC55,weird_addl_46,4.186328104553716e-07
69,PC55,weird_addl_48,6.807931709124082e-06
69,PC55,weird_addl_n/a,3.598988465915165e-05
69,PC55,weird_notice_F,8.661232198739488e-06
69,PC55,weird_notice_n/a,-8.661232198420299e-06
69,PC56,duration,-0.1221041900806527
69,PC56,src_bytes,0.28397357609801904
69,PC56,dst_bytes,-0.2474677289436522
69,PC56,missed_bytes,-0.10429944891130816
69,PC56,src_pkts,-0.2545088196303889
69,PC56,src_ip_bytes,0.2515644420415611
69,PC56,dst_pkts,0.7863691114431031
69,PC56,dst_ip_bytes,-0.2920193874861077
69,PC56,dns_qclass,2.337970016248747e-05
69,PC56,dns_qtype,6.15866274929211e-06
69,PC56,dns_rcode,-3.2418771601025465e-06
69,PC56,http_request_body_len,0.00433979401452516
69,PC56,http_response_body_len,0.010662264678383583
69,PC56,http_status_code,-0.012474299268241892
69,PC56,dns_query,-0.0005053351609144718
69,PC56,ssl_version,0.0002553830973369489
69,PC56,ssl_cipher,0.0002553830973416188
69,PC56,ssl_subject,0.0009608317646961143
69,PC56,ssl_issuer,0.000960831764693533
69,PC56,http_uri,0.00019118501915938585
69,PC56,http_user_agent,0.0001911850191552017
69,PC56,http_orig_mime_types,0.00034667366482445117
69,PC56,http_resp_mime_types,-0.004578439612825891
69,PC56,weird_name,-2.22107176533759e-05
69,PC56,proto_icmp,0.00023124587503892124
69,PC56,proto_tcp,-0.00011788350756677946
69,PC56,proto_udp,-0.0001133623674625106
69,PC56,service_dce_rpc,-5.488528226750555e-05
69,PC56,service_dhcp,-4.59838346504593e-06
69,PC56,service_dns,0.00043531195235707587
69,PC56,service_ftp,-4.79413539841711e-05
69,PC56,service_gssapi,-5.40457085247692e-05
69,PC56,service_http,1.6349143271587874e-05
69,PC56,service_n/a,-4.350214094246685e-05
69,PC56,service_smb,-0.00014597689247032586
69,PC56,service_smb;gssapi,-0.0002168720209573074
69,PC56,service_ssl,0.00011616068700848192
69,PC56,conn_state_OTH,5.062989815973751e-05
69,PC56,conn_state_REJ,4.304388333568627e-05
69,PC56,conn_state_RSTO,9.417223071017666e-05
69,PC56,conn_state_RSTOS0,0.00013401305915819797
69,PC56,conn_state_RSTR,0.00013259714444877058
69,PC56,conn_state_RSTRH,-0.00048442516821861625
69,PC56,conn_state_S0,4.73053026878445e-05
69,PC56,conn_state_S1,0.00014867163776621783
69,PC56,conn_state_S2,3.486161980402122e-05
69,PC56,conn_state_S3,0.0001609605380127662
69,PC56,conn_state_SF,5.122915895126867e-05
69,PC56,conn_state_SH,4.553256306549791e-05
69,PC56,conn_state_SHR,-0.00045859186783796246
69,PC56,dns_AA_F,-4.5003712739744017e-07
69,PC56,dns_AA_T,3.795509040380174e-06
69,PC56,dns_AA_n/a,-3.3454719156056356e-06
69,PC56,dns_RD_F,9.102942231664635e-07
69,PC56,dns_RD_T,2.4351776869470376e-06
69,PC56,dns_RD_n/a,-3.3454719164105473e-06
69,PC56,dns_RA_F,1.827740019944013e-06
69,PC56,dns_RA_T,1.5177318825497152e-06
69,PC56,dns_RA_n/a,-3.3454719169379032e-06
69,PC56,dns_rejected_F,3.178969013861721e-06
69,PC56,dns_rejected_T,1.665028883119507e-07
69,PC56,dns_rejected_n/a,-3.345471916632592e-06
69,PC56,ssl_resumed_F,0.0005296990038718241
69,PC56,ssl_resumed_T,-0.0006339869771471197
69,PC56,ssl_resumed_n/a,0.00010428797327610793
69,PC56,ssl_established_F,-0.0004311327608245005
69,PC56,ssl_established_T,0.0003268447875482781
69,PC56,ssl_established_n/a,0.00010428797327805255
69,PC56,http_trans_depth_1,0.0017278568695689306
69,PC56,http_trans_depth_10,-0.0021795653625133584
69,PC56,http_trans_depth_2,-0.0015390655510507008
69,PC56,http_trans_depth_6,-0.002180222515596876
69,PC56,http_trans_depth_7,-0.0021789812264398157
69,PC56,http_trans_depth_8,-0.002180003464568859
69,PC56,http_trans_depth_9,-0.0021803685496160803
69,PC56,http_trans_depth_n/a,0.010710349800219385
69,PC56,http_method_GET,0.0033559404500277563
69,PC56,http_method_HEAD,-0.0024243463517448403
69,PC56,http_method_POST,-0.0007404090791296028
69,PC56,http_method_n/a,-0.00019118501915336923
69,PC56,http_version_1.1,0.008509094226442072
69,PC56,http_version_n/a,-0.008509094226441256
69,PC56,weird_addl_43,0.00013284222807235743
69,PC56,weird_addl_46,-1.2543736395281835e-06
69,PC56,weird_addl_48,-1.9554453196214683e-05
69,PC56,weird_addl_n/a,-0.00011203340123345715
69,PC56,weird_notice_F,-2.2210717650829326e-05
69,PC56,weird_notice_n/a,2.2210717650822387e-05
69,PC57,duration,0.04666134556873809
69,PC57,src_bytes,0.6763527049706987
69,PC57,dst_bytes,-0.5872799017694803
69,PC57,missed_bytes,-0.21205400740975439
69,PC57,src_pkts,0.10430810797683693
69,PC57,src_ip_bytes,-0.11163549371598369
69,PC57,dst_pkts,-0.3347849377519504
69,PC57,dst_ip_bytes,0.12276394368838771
69,PC57,dns_qclass,-2.8111326769532374e-05
69,PC57,dns_qtype,-2.0871847650764247e-05
69,PC57,dns_rcode,1.3435536621857203e-05
69,PC57,http_request_body_len,-0.0002622788239841911
69,PC57,http_response_body_len,-0.0012083565367071794
69,PC57,http_status_code,0.002076784778936731
69,PC57,dns_query,0.00037161462410399
69,PC57,ssl_version,-0.00015673415578413424
69,PC57,ssl_cipher,-0.00015673415578411343
69,PC57,ssl_subject,-0.00033657711815110285
69,PC57,ssl_issuer,-0.0003365771181533875
69,PC57,http_uri,6.861791766546096e-05
69,PC57,http_user_agent,6.86179176677057e-05
69,PC57,http_orig_mime_types,-4.3168989286593296e-05
69,PC57,http_resp_mime_types,0.0005682481176926407
69,PC57,weird_name,2.5778468777049035e-05
69,PC57,proto_icmp,-9.013772627097794e-05
69,PC57,proto_tcp,4.3858470347699074e-05
69,PC57,proto_udp,4.62792559568076e-05
69,PC57,service_dce_rpc,2.5419521542575235e-05
69,PC57,service_dhcp,-6.240789570399752e-06
69,PC57,service_dns,-0.00030994447244103024
69,PC57,service_ftp,4.696660832679417e-05
69,PC57,service_gssapi,2.3237198073185195e-05
69,PC57,service_http,1.6247908395071453e-05
69,PC57,service_n/a,1.9057131869060218e-05
69,PC57,service_smb,7.877842954030767e-05
69,PC57,service_smb;gssapi,0.00010850571448569072
69,PC57,service_ssl,-2.027250226355193e-06
69,PC57,conn_state_OTH,1.5020497053513937e-06
69,PC57,conn_state_REJ,4.507176396845863e-06
69,PC57,conn_state_RSTO,-0.0005427266840028477
69,PC57,conn_state_RSTOS0,-3.467034446815245e-05
69,PC57,conn_state_RSTR,-4.96849862327009e-05
69,PC57,conn_state_RSTRH,0.000195617172011546
69,PC57,conn_state_S0,-1.7838353624302639e-06
69,PC57,conn_state_S1,-2.917487008118058e-05
69,PC57,conn_state_S2,-3.950417452519561e-06
69,PC57,conn_state_S3,0.00014312887553100465
69,PC57,conn_state_SF,-2.9761900467356606e-05
69,PC57,conn_state_SH,3.3216421057302714e-06
69,PC57,conn_state_SHR,0.00034367612229618816
69,PC57,dns_AA_F,-1.684956385250569e-06
69,PC57,dns_AA_T,4.874368474266921e-07
69,PC57,dns_AA_n/a,1.1975195359226198e-06
69,PC57,dns_RD_F,7.943264375906423e-06
69,PC57,dns_RD_T,-9.14078391542339e-06
69,PC57,dns_RD_n/a,1.1975195405300454e-06
69,PC57,dns_RA_F,-1.151394051765453e-05
69,PC57,dns_RA_T,1.0316420983584595e-05
69,PC57,dns_RA_n/a,1.1975195409741346e-06
69,PC57,dns_rejected_F,-8.888042112020766e-06
69,PC57,dns_rejected_T,7.690522586312198e-06
69,PC57,dns_rejected_n/a,1.1975195405855565e-06
69,PC57,ssl_resumed_F,-0.00017798058390695176
69,PC57,ssl_resumed_T,0.0002485107779162041
69,PC57,ssl_resumed_n/a,-7.053019400672655e-05
69,PC57,ssl_established_F,0.00015859653424401057
69,PC57,ssl_established_T,-8.80663402365589e-05
69,PC57,ssl_established_n/a,-7.053019400819066e-05
69,PC57,http_trans_depth_1,-0.0001618115041128014
69,PC57,http_trans_depth_10,0.00011498745267043304
69,PC57,http_trans_depth_2,0.0002625282499968927
69,PC57,http_trans_depth_6,0.00011510763374248093
69,PC57,http_trans_depth_7,0.00011488062505101599
69,PC57,http_trans_depth_8,0.00011506757338546434
69,PC57,http_trans_depth_9,0.0001151343406476636
69,PC57,http_trans_depth_n/a,-0.0006758943713811843
69,PC57,http_method_GET,-0.00030785195919747974
69,PC57,http_method_HEAD,0.0003181720994532267
69,PC57,http_method_POST,5.829777741340851e-05
69,PC57,http_method_n/a,-6.861791766896858e-05
69,PC57,http_version_1.1,-0.001087646797772724
69,PC57,http_version_n/a,0.0010876467977738655
69,PC57,weird_addl_43,-0.00010534206930619058
69,PC57,weird_addl_46,-5.0212085018486174e-06
69,PC57,weird_addl_48,9.074869051427584e-06
69,PC57,weird_addl_n/a,0.00010128840875496536
69,PC57,weird_notice_F,2.577846877677148e-05
69,PC57,weird_notice_n/a,-2.5778468776993524e-05
69,PC58,duration,0.0
69,PC58,src_bytes,-8.078406475977878e-17
69,PC58,dst_bytes,6.315516902758123e-17
69,PC58,missed_bytes,1.185074344344652e-16
69,PC58,src_pkts,-2.2234417382853736e-17
69,PC58,src_ip_bytes,2.966152105494317e-17
69,PC58,dst_pkts,-2.2807206031461628e-17
69,PC58,dst_ip_bytes,3.3074012329071393e-17
69,PC58,dns_qclass,2.8663419670600826e-19
69,PC58,dns_qtype,7.29117767292135e-20
69,PC58,dns_rcode,-2.0574215481606684e-19
69,PC58,http_request_body_len,1.5595731498492525e-15
69,PC58,http_response_body_len,6.870788483508633e-16
69,PC58,http_status_code,8.671914846408119e-16
69,PC58,dns_query,-1.4037464373494055e-17
69,PC58,ssl_version,6.922552330867713e-17
69,PC58,ssl_cipher,-6.163471294495275e-17
69,PC58,ssl_subject,5.725929262794323e-17
69,PC58,ssl_issuer,-4.0909320079757345e-17
69,PC58,http_uri,-6.646015626111336e-16
69,PC58,http_user_agent,-6.793243248181684e-16
69,PC58,http_orig_mime_types,2.3280510631047104e-16
69,PC58,http_resp_mime_types,2.287964525306724e-16
69,PC58,weird_name,4.869299478557307e-17
69,PC58,proto_icmp,1.1277735983182857e-17
69,PC58,proto_tcp,1.1263300372354951e-17
69,PC58,proto_udp,1.1440881371919867e-17
69,PC58,service_dce_rpc,1.1075269773736767e-17
69,PC58,service_dhcp,1.3064254627417144e-17
69,PC58,service_dns,2.5284353706206183e-17
69,PC58,service_ftp,1.1764202692489728e-17
69,PC58,service_gssapi,1.2418171904544847e-17
69,PC58,service_http,1.2024389243114408e-17
69,PC58,service_n/a,1.2294223917706614e-17
69,PC58,service_smb,1.3035407992400099e-17
69,PC58,service_smb;gssapi,1.796076831659224e-17
69,PC58,service_ssl,1.1595279250458282e-17
69,PC58,conn_state_OTH,-2.0425715584052992e-17
69,PC58,conn_state_REJ,-2.0433860670617954e-17
69,PC58,conn_state_RSTO,-1.7538540988234802e-17
69,PC58,conn_state_RSTOS0,-2.2208470119774538e-17
69,PC58,conn_state_RSTR,-2.0379711047345776e-17
69,PC58,conn_state_RSTRH,-2.043336284444399e-17
69,PC58,conn_state_S0,-2.058014094973011e-17
69,PC58,conn_state_S1,-2.1444867372314748e-17
69,PC58,conn_state_S2,-1.8790257513311913e-17
69,PC58,conn_state_S3,-2.1002481437720292e-17
69,PC58,conn_state_SF,-2.0086627367649466e-17
69,PC58,conn_state_SH,-2.0373539560748963e-17
69,PC58,conn_state_SHR,-3.408510733322669e-17
69,PC58,dns_AA_F,1.4428711518862438e-18
69,PC58,dns_AA_T,1.4547534059575308e-18
69,PC58,dns_AA_n/a,-3.2888974774446766e-17
69,PC58,dns_RD_F,-6.062522772840173e-17
69,PC58,dns_RD_T,-6.038798755469083e-17
69,PC58,dns_RD_n/a,5.120444273948694e-17
69,PC58,dns_RA_F,1.873082938880335e-17
69,PC58,dns_RA_T,1.8335514122503854e-17
69,PC58,dns_RA_n/a,-2.941359621242325e-17
69,PC58,dns_rejected_F,1.9624515290580895e-17
69,PC58,dns_rejected_T,1.9347440454937392e-17
69,PC58,dns_rejected_n/a,-1.0428715144525587e-17
69,PC58,ssl_resumed_F,4.4122975730484184e-17
69,PC58,ssl_resumed_T,5.547697180968601e-17
69,PC58,ssl_resumed_n/a,2.9787423265091843e-17
69,PC58,ssl_established_F,2.188408612707755e-17
69,PC58,ssl_established_T,2.8393675831083547e-18
69,PC58,ssl_established_n/a,3.636601571171343e-17
69,PC58,http_trans_depth_1,-4.656571810729785e-16
69,PC58,http_trans_depth_10,0.5485315871784238
69,PC58,http_trans_depth_2,-9.66329687261156e-17
69,PC58,http_trans_depth_6,-0.525289049705114
69,PC58,http_trans_depth_7,-0.3941046695357496
69,PC58,http_trans_depth_8,0.5009438716973217
69,PC58,http_trans_depth_9,-0.1300817396348631
69,PC58,http_trans_depth_n/a,-6.596448259971903e-15
69,PC58,http_method_GET,-2.74141600165339e-16
69,PC58,http_method_HEAD,2.1054896333232609e-16
69,PC58,http_method_POST,-8.144940021610347e-16
69,PC58,http_method_n/a,6.348731422656978e-16
69,PC58,http_version_1.1,-2.4746259428319946e-15
69,PC58,http_version_n/a,2.320859396342922e-15
69,PC58,weird_addl_43,6.079774194871832e-17
69,PC58,weird_addl_46,4.94647223293664e-17
69,PC58,weird_addl_48,5.1718377314602725e-17
69,PC58,weird_addl_n/a,5.2723952260702816e-17
69,PC58,weird_notice_F,-1.5468018837257576e-17
69,PC58,weird_notice_n/a,2.9190076699559675e-17
69,PC59,duration,0.0
69,PC59,src_bytes,-1.9796468951648337e-16
69,PC59,dst_bytes,1.2251093021492725e-16
69,PC59,missed_bytes,1.6681796455963611e-16
69,PC59,src_pkts,6.645887610703405e-17
69,PC59,src_ip_bytes,-1.263191331156414e-16
69,PC59,dst_pkts,-1.5188074734594567e-16
69,PC59,dst_ip_bytes,1.727550638757721e-16
69,PC59,dns_qclass,-2.3544744024728094e-17
69,PC59,dns_qtype,-3.7358212919076915e-18
69,PC59,dns_rcode,-8.417870653984609e-20
69,PC59,http_request_body_len,7.581336872137995e-16
69,PC59,http_response_body_len,6.349108033329075e-16
69,PC59,http_status_code,1.7356551787307407e-15
69,PC59,dns_query,-5.810728242068062e-18
69,PC59,ssl_version,2.4172551789259192e-17
69,PC59,ssl_cipher,-2.0794998941513242e-17
69,PC59,ssl_subject,-1.1313953686056632e-16
69,PC59,ssl_issuer,-2.918411442662581e-17
69,PC59,http_uri,-4.981927325253256e-16
69,PC59,http_user_agent,-5.415093757258178e-16
69,PC59,http_orig_mime_types,-4.2660245251872137e-16
69,PC59,http_resp_mime_types,1.693117268950806e-16
69,PC59,weird_name,8.169577534710338e-17
69,PC59,proto_icmp,-5.319791077800267e-17
69,PC59,proto_tcp,-5.29959783964661e-17
69,PC59,proto_udp,-5.359522457887974e-17
69,PC59,service_dce_rpc,7.376788468986164e-19
69,PC59,service_dhcp,1.9277453062420027e-17
69,PC59,service_dns,8.456673452691182e-17
69,PC59,service_ftp,7.590351995815796e-17
69,PC59,service_gssapi,-3.3588260657127925e-17
69,PC59,service_http,7.244109645451012e-17
69,PC59,service_n/a,7.200543653830548e-17
69,PC59,service_smb,8.6482304307423e-17
69,PC59,service_smb;gssapi,4.148219259607253e-17
69,PC59,service_ssl,7.081354105617601e-17
69,PC59,conn_state_OTH,4.390290680037943e-18
69,PC59,conn_state_REJ,4.13919307776285e-18
69,PC59,conn_state_RSTO,-6.0121570126282276e-18
69,PC59,conn_state_RSTOS0,-4.46896454856832e-17
69,PC59,conn_state_RSTR,9.595715057201074e-18
69,PC59,conn_state_RSTRH,-3.635760397806551e-18
69,PC59,conn_state_S0,4.777204451165616e-18
69,PC59,conn_state_S1,2.9416843780038314e-18
69,PC59,conn_state_S2,1.6399312718662166e-17
69,PC59,conn_state_S3,2.8982223473752175e-18
69,PC59,conn_state_SF,3.0588467318036068e-18
69,PC59,conn_state_SH,4.138864795526032e-18
69,PC59,conn_state_SHR,-7.888922588739567e-18
69,PC59,dns_AA_F,2.4192219442168498e-17
69,PC59,dns_AA_T,2.3631711458016545e-17
69,PC59,dns_AA_n/a,-3.0019835223317054e-17
69,PC59,dns_RD_F,2.370097918177136e-17
69,PC59,dns_RD_T,2.086593903434114e-17
69,PC59,dns_RD_n/a,1.5204471447321786e-17
69,PC59,dns_RA_F,-3.4177607032025655e-18
69,PC59,dns_RA_T,-1.4977353506476254e-18
69,PC59,dns_RA_n/a,5.300115053055468e-18
69,PC59,dns_rejected_F,-2.655880260610963e-17
69,PC59,dns_rejected_T,-2.4648334088604722e-17
69,PC59,dns_rejected_n/a,3.140356726986356e-17
69,PC59,ssl_resumed_F,1.250430368193015e-16
69,PC59,ssl_resumed_T,3.5389315038046053e-17
69,PC59,ssl_resumed_n/a,2.7215240260133535e-17
69,PC59,ssl_established_F,-5.111639560480436e-17
69,PC59,ssl_established_T,2.731684753142041e-17
69,PC59,ssl_established_n/a,3.364693417928743e-17
69,PC59,http_trans_depth_1,6.130449239451942e-16
69,PC59,http_trans_depth_10,-0.5265774819722745
69,PC59,http_trans_depth_2,4.996303488349016e-16
69,PC59,http_trans_depth_6,0.1540220312046464
69,PC59,http_trans_depth_7,0.102908666057861
69,PC59,http_trans_depth_8,0.7058087168516587
69,PC59,http_trans_depth_9,-0.43616193214188326
69,PC59,http_trans_depth_n/a,-5.277958036063841e-15
69,PC59,http_method_GET,-2.3309395252586215e-16
69,PC59,http_method_HEAD,5.608073753582937e-17
69,PC59,http_method_POST,4.6456507027025355e-17
69,PC59,http_method_n/a,5.702887820918432e-16
69,PC59,http_version_1.1,-2.7223414981586926e-15
69,PC59,http_version_n/a,2.478302901662695e-15
69,PC59,weird_addl_43,7.2753628300629e-17
69,PC59,weird_addl_46,4.4808812851160716e-17
69,PC59,weird_addl_48,3.4938792282312295e-17
69,PC59,weird_addl_n/a,5.212255570375379e-17
69,PC59,weird_notice_F,-5.080275186999759e-17
69,PC59,weird_notice_n/a,2.448603456929748e-17
69,PC60,duration,0.0
69,PC60,src_bytes,1.9265234439283364e-16
69,PC60,dst_bytes,-1.5914800628418095e-16
69,PC60,missed_bytes,-8.240349945129389e-17
69,PC60,src_pkts,-6.295344088708362e-17
69,PC60,src_ip_bytes,9.809118181567642e-17
69,PC60,dst_pkts,7.031078832875911e-17
69,PC60,dst_ip_bytes,-5.444183281221026e-17
69,PC60,dns_qclass,-2.1645623718334116e-17
69,PC60,dns_qtype,-2.604797131199094e-18
69,PC60,dns_rcode,1.087648782059747e-18
69,PC60,http_request_body_len,-2.487313318116646e-15
69,PC60,http_response_body_len,5.180973266496815e-15
69,PC60,http_status_code,4.064066789192361e-15
69,PC60,dns_query,3.0990809090947743e-17
69,PC60,ssl_version,-1.0671369853263434e-16
69,PC60,ssl_cipher,-3.174460382758847e-17
69,PC60,ssl_subject,-2.009596202470725e-17
69,PC60,ssl_issuer,-2.1245474186760786e-19
69,PC60,http_uri,-2.3142274772239746e-16
69,PC60,http_user_agent,-1.5318306621952213e-16
69,PC60,http_orig_mime_types,-1.084484579416251e-15
69,PC60,http_resp_mime_types,6.030690037709812e-16
69,PC60,weird_name,-3.1478884352670084e-17
69,PC60,proto_icmp,4.10541845490538e-17
69,PC60,proto_tcp,4.114581031829606e-17
69,PC60,proto_udp,4.038238132662654e-17
69,PC60,service_dce_rpc,9.688523991953326e-18
69,PC60,service_dhcp,-3.1199281845149263e-17
69,PC60,service_dns,-6.047561391433585e-17
69,PC60,service_ftp,-4.734210019696113e-17
69,PC60,service_gssapi,-1.9366377861511818e-16
69,PC60,service_http,-5.1811528673359075e-17
69,PC60,service_n/a,-5.123727812097912e-17
69,PC60,service_smb,-2.4227875415063814e-17
69,PC60,service_smb;gssapi,-6.111340140777891e-17
69,PC60,service_ssl,-6.245982496473354e-17
69,PC60,conn_state_OTH,3.2259564937654434e-17
69,PC60,conn_state_REJ,3.196740392116179e-17
69,PC60,conn_state_RSTO,2.9474322028150146e-17
69,PC60,conn_state_RSTOS0,2.014666323941052e-17
69,PC60,conn_state_RSTR,3.969533495082368e-17
69,PC60,conn_state_RSTRH,1.3866221968998354e-17
69,PC60,conn_state_S0,3.2795539721124333e-17
69,PC60,conn_state_S1,3.0922951230784905e-17
69,PC60,conn_state_S2,4.9124697819517696e-17
69,PC60,conn_state_S3,3.096787401323305e-17
69,PC60,conn_state_SF,3.151873178840447e-17
69,PC60,conn_state_SH,3.1910412003697317e-17
69,PC60,conn_state_SHR,4.232743719437089e-17
69,PC60,dns_AA_F,1.166957122254475e-16
69,PC60,dns_AA_T,1.1566553628841908e-16
69,PC60,dns_AA_n/a,-2.3020688525984212e-17
69,PC60,dns_RD_F,-2.04888549687243e-17
69,PC60,dns_RD_T,-2.3013238334682445e-17
69,PC60,dns_RD_n/a,1.0303856016822859e-16
69,PC60,dns_RA_F,-5.016779699646751e-17
69,PC60,dns_RA_T,-4.88859795851503e-17
69,PC60,dns_RA_n/a,7.654017473712307e-17
69,PC60,dns_rejected_F,7.585915630073238e-17
69,PC60,dns_rejected_T,7.682363408670129e-17
69,PC60,dns_rejected_n/a,-1.538925900973943e-17
69,PC60,ssl_resumed_F,-7.585344028637057e-17
69,PC60,ssl_resumed_T,2.6430379236752815e-17
69,PC60,ssl_resumed_n/a,-4.708648784690334e-17
69,PC60,ssl_established_F,5.227524657743363e-17
69,PC60,ssl_established_T,2.2006220569722423e-17
69,PC60,ssl_established_n/a,-4.7732384591393473e-17
69,PC60,http_trans_depth_1,-7.641880632990552e-16
69,PC60,http_trans_depth_10,0.4088909591026973
69,PC60,http_trans_depth_2,-3.3329658141874103e-15
69,PC60,http_trans_depth_6,0.614340618540317
69,PC60,http_trans_depth_7,-0.2584691947769791
69,PC60,http_trans_depth_8,-0.16311341883126781
69,PC60,http_trans_depth_9,-0.6016489640347541
69,PC60,http_trans_depth_n/a,-5.866775717134372e-15
69,PC60,http_method_GET,-9.871146946201173e-16
69,PC60,http_method_HEAD,-3.2158670787248954e-16
69,PC60,http_method_POST,1.2058487700497145e-15
69,PC60,http_method_n/a,1.2109910728170806e-16
69,PC60,http_version_1.1,-3.1794688617226866e-15
69,PC60,http_version_n/a,3.1508625849596636e-15
69,PC60,weird_addl_43,-3.933971599111041e-17
69,PC60,weird_addl_46,-2.5475039609324602e-17
69,PC60,weird_addl_48,1.9561841387911553e-17
69,PC60,weird_addl_n/a,-1.567928236415082e-17
69,PC60,weird_notice_F,2.3378187669613603e-17
69,PC60,weird_notice_n/a,-1.2839984047726391e-17
69,PC61,duration,7.235430782439423e-08
69,PC61,src_bytes,-1.5515883683744436e-07
69,PC61,dst_bytes,1.1031876257374388e-07
69,PC61,missed_bytes,2.802172613141558e-07
69,PC61,src_pkts,3.784840568940063e-07
69,PC61,src_ip_bytes,-4.0970464597046453e-07
69,PC61,dst_pkts,-8.471180200418763e-07
69,PC61,dst_ip_bytes,4.813854737685185e-07
69,PC61,dns_qclass,-3.948442963021052e-10
69,PC61,dns_qtype,-3.8762850625498653e-10
69,PC61,dns_rcode,2.366300748910453e-10
69,PC61,http_request_body_len,9.042387017932861e-06
69,PC61,http_response_body_len,-9.38051834862771e-06
69,PC61,http_status_code,-1.5129415902556088e-06
69,PC61,dns_query,1.1732687849944867e-09
69,PC61,ssl_version,-1.2607092593950558e-10
69,PC61,ssl_cipher,-1.260709094773276e-10
69,PC61,ssl_subject,-9.087991756954456e-10
69,PC61,ssl_issuer,-9.087992703734566e-10
69,PC61,http_uri,-3.737334248471951e-07
69,PC61,http_user_agent,-3.73733424846411e-07
69,PC61,http_orig_mime_types,1.1124797025016805e-06
69,PC61,http_resp_mime_types,-7.412263244894566e-07
69,PC61,weird_name,-5.209487620401709e-10
69,PC61,proto_icmp,-2.7279731216369266e-10
69,PC61,proto_tcp,6.406361510358365e-11
69,PC61,proto_udp,2.0873382835402749e-10
69,PC61,service_dce_rpc,-9.973250697564388e-11
69,PC61,service_dhcp,-1.7219181295203514e-10
69,PC61,service_dns,-7.778165376673614e-10
69,PC61,service_ftp,4.201318272298184e-10
69,PC61,service_gssapi,-1.371039251302316e-10
69,PC61,service_http,3.3960456700924933e-10
69,PC61,service_n/a,-1.5788443312386202e-10
69,PC61,service_smb,4.5551175877464255e-10
69,PC61,service_smb;gssapi,5.765968214443526e-10
69,PC61,service_ssl,-4.471159555894285e-10
69,PC61,conn_state_OTH,-5.730056030821177e-10
69,PC61,conn_state_REJ,-5.550524526290464e-10
69,PC61,conn_state_RSTO,5.888743829678832e-09
69,PC61,conn_state_RSTOS0,-5.321129946962046e-10
69,PC61,conn_state_RSTR,-1.1474512413502313e-09
69,PC61,conn_state_RSTRH,-4.709547781938616e-11
69,PC61,conn_state_S0,-7.030953832355607e-10
69,PC61,conn_state_S1,-6.249232362234394e-10
69,PC61,conn_state_S2,7.774840457833647e-10
69,PC61,conn_state_S3,-6.486469084016566e-10
69,PC61,conn_state_SF,-1.2261779054003935e-09
69,PC61,conn_state_SH,-5.559468832496519e-10
69,PC61,conn_state_SHR,-5.271977112282759e-11
69,PC61,dns_AA_F,-3.9007797153655356e-11
69,PC61,dns_AA_T,5.598752425231844e-11
69,PC61,dns_AA_n/a,-1.6979712665221664e-11
69,PC61,dns_RD_F,1.7181894746782562e-10
69,PC61,dns_RD_T,-1.5483912776199162e-10
69,PC61,dns_RD_n/a,-1.6979686193747997e-11
69,PC61,dns_RA_F,-2.070919262051258e-10
69,PC61,dns_RA_T,2.2407158080306255e-10
69,PC61,dns_RA_n/a,-1.697969240355829e-11
69,PC61,dns_rejected_F,-1.4298036152643051e-10
69,PC61,dns_rejected_T,1.5996022221913004e-10
69,PC61,dns_rejected_n/a,-1.6979716504610256e-11
69,PC61,ssl_resumed_F,-7.487378195594612e-10
69,PC61,ssl_resumed_T,8.557895089297343e-10
69,PC61,ssl_resumed_n/a,-1.070517299448982e-10
69,PC61,ssl_established_F,1.6006144890435958e-10
69,PC61,ssl_established_T,-5.3009724701180095e-11
69,PC61,ssl_established_n/a,-1.0705166605849695e-10
69,PC61,http_trans_depth_1,-9.344207563901986e-08
69,PC61,http_trans_depth_10,0.23374534388935797
69,PC61,http_trans_depth_2,5.446920062006956e-06
69,PC61,http_trans_depth_6,-0.3506209623138398
69,PC61,http_trans_depth_7,0.7531820598792096
69,PC61,http_trans_depth_8,-0.155832193801666
69,PC61,http_trans_depth_9,-0.48048014196889194
69,PC61,http_trans_depth_n/a,5.408378434126912e-07
69,PC61,http_method_GET,1.4695864652230835e-06
69,PC61,http_method_HEAD,1.2862803979797679e-06
69,PC61,http_method_POST,-3.129600288334067e-06
69,PC61,http_method_n/a,3.737334248000562e-07
69,PC61,http_version_1.1,8.870629746770757e-07
69,PC61,http_version_n/a,-8.870629747758098e-07
69,PC61,weird_addl_43,1.856143893650864e-10
69,PC61,weird_addl_46,4.125523787467933e-10
69,PC61,weird_addl_48,4.722499032658326e-10
69,PC61,weird_addl_n/a,-1.0704166387963782e-09
69,PC61,weird_notice_F,-5.209487660769049e-10
69,PC61,weird_notice_n/a,5.209487613730398e-10
69,PC62,duration,0.00027995351796199664
69,PC62,src_bytes,-0.0011150251416851011
69,PC62,dst_bytes,0.0008758027719963232
69,PC62,missed_bytes,0.0017857074455845821
69,PC62,src_pkts,0.0014568140355647589
69,PC62,src_ip_bytes,-0.001361146880631492
69,PC62,dst_pkts,-0.004362416959780464
69,PC62,dst_ip_bytes,0.0029851928509695017
69,PC62,dns_qclass,-8.69826748644184e-06
69,PC62,dns_qtype,-8.851354251398846e-06
69,PC62,dns_rcode,5.2469511535342e-06
69,PC62,http_request_body_len,0.8269528322567197
69,PC62,http_response_body_len,0.03779457451443768
69,PC62,http_status_code,-0.08880471760825404
69,PC62,dns_query,-2.5527099953180567e-06
69,PC62,ssl_version,8.231795366493515e-06
69,PC62,ssl_cipher,8.231795367365539e-06
69,PC62,ssl_subject,-1.7181251837191668e-05
69,PC62,ssl_issuer,-1.7181251834163884e-05
69,PC62,http_uri,-0.04601849458198689
69,PC62,http_user_agent,-0.046018494581988936
69,PC62,http_orig_mime_types,0.2521813859230888
69,PC62,http_resp_mime_types,0.029710435228543608
69,PC62,weird_name,-5.754843201904937e-05
69,PC62,proto_icmp,-1.9466232275219017e-06
69,PC62,proto_tcp,-7.270633985911271e-07
69,PC62,proto_udp,2.6736866240945154e-06
69,PC62,service_dce_rpc,-1.5087698395285803e-05
69,PC62,service_dhcp,-1.4217142262669624e-05
69,PC62,service_dns,-1.855008690601124e-06
69,PC62,service_ftp,1.2622545912117922e-05
69,PC62,service_gssapi,-1.5842204325986755e-05
69,PC62,service_http,-6.512988319807038e-07
69,PC62,service_n/a,-1.5957805165882355e-05
69,PC62,service_smb,3.3476731613163446e-05
69,PC62,service_smb;gssapi,3.523149721526477e-05
69,PC62,service_ssl,-1.771961705906988e-05
69,PC62,conn_state_OTH,-7.753987448247401e-06
69,PC62,conn_state_REJ,-7.561276490208879e-06
69,PC62,conn_state_RSTO,0.0001737883173536653
69,PC62,conn_state_RSTOS0,5.201634215482032e-06
69,PC62,conn_state_RSTR,-5.662871506512124e-05
69,PC62,conn_state_RSTRH,-5.225886250626033e-06
69,PC62,conn_state_S0,-1.0821322706827674e-05
69,PC62,conn_state_S1,-4.650252607915628e-06
69,PC62,conn_state_S2,-8.80235396028689e-06
69,PC62,conn_state_S3,-2.1954821144032355e-05
69,PC62,conn_state_SF,-2.27112775604138e-05
69,PC62,conn_state_SH,-7.522779062407725e-06
69,PC62,conn_state_SHR,-2.5357279270624145e-05
69,PC62,dns_AA_F,-9.417204737101684e-07
69,PC62,dns_AA_T,1.4903886623729434e-06
69,PC62,dns_AA_n/a,-5.486681941314908e-07
69,PC62,dns_RD_F,3.837404573769909e-06
69,PC62,dns_RD_T,-3.288736385331781e-06
69,PC62,dns_RD_n/a,-5.486681937567905e-07
69,PC62,dns_RA_F,-4.528632621347839e-06
69,PC62,dns_RA_T,5.07730081208968e-06
69,PC62,dns_RA_n/a,-5.486681944923133e-07
69,PC62,dns_rejected_F,-3.0186675017973563e-06
69,PC62,dns_rejected_T,3.5673356952869995e-06
69,PC62,dns_rejected_n/a,-5.486681939337323e-07
69,PC62,ssl_resumed_F,-1.4187221519815219e-05
69,PC62,ssl_resumed_T,1.4108728239283636e-05
69,PC62,ssl_resumed_n/a,7.849328165221436e-08
69,PC62,ssl_established_F,2.9940303168385363e-06
69,PC62,ssl_established_T,-3.072523597717064e-06
69,PC62,ssl_established_n/a,7.849328237385933e-08
69,PC62,http_trans_depth_1,0.012923398565936838
69,PC62,http_trans_depth_10,-0.005276525694670397
69,PC62,http_trans_depth_2,-0.0024664817409038066
69,PC62,http_trans_depth_6,-0.005271037426684326
69,PC62,http_trans_depth_7,-0.005281404155095671
69,PC62,http_trans_depth_8,-0.005272866849347807
69,PC62,http_trans_depth_9,-0.005269817811576665
69,PC62,http_trans_depth_n/a,0.01591473511233507
69,PC62,http_method_GET,0.13530408992885107
69,PC62,http_method_HEAD,0.2256487232580956
69,PC62,http_method_POST,-0.4069713077689403
69,PC62,http_method_n/a,0.04601849458198819
69,PC62,http_version_1.1,0.016584818120838545
69,PC62,http_version_n/a,-0.016584818120838177
69,PC62,weird_addl_43,4.811167859778212e-05
69,PC62,weird_addl_46,4.1292420640139105e-05
69,PC62,weird_addl_48,4.237783533185546e-05
69,PC62,weird_addl_n/a,-0.0001317819345694471
69,PC62,weird_notice_F,-5.7548432019285944e-05
69,PC62,weird_notice_n/a,5.7548432018411644e-05
69,PC63,duration,-1.0774008963050893e-05
69,PC63,src_bytes,0.0005823219319750579
69,PC63,dst_bytes,-0.00043603951511841677
69,PC63,missed_bytes,-0.0011373839853685852
69,PC63,src_pkts,-6.888936993327565e-05
69,PC63,src_ip_bytes,-0.00022212341283117798
69,PC63,dst_pkts,0.0026841688966592657
69,PC63,dst_ip_bytes,-0.0027194028479415222
69,PC63,dns_qclass,1.2613357920593807e-05
69,PC63,dns_qtype,1.2644192980823195e-05
69,PC63,dns_rcode,-7.825173061517494e-06
69,PC63,http_request_body_len,-0.47879363901565575
69,PC63,http_response_body_len,-0.031980087770091814
69,PC63,http_status_code,0.09279605635658476
69,PC63,dns_query,-3.87473974421358e-05
69,PC63,ssl_version,7.459699224782671e-07
69,PC63,ssl_cipher,7.459699225159389e-07
69,PC63,ssl_subject,7.773871063802588e-06
69,PC63,ssl_issuer,7.773871061782208e-06
69,PC63,http_uri,-0.054369197891522336
69,PC63,http_user_agent,-0.054369197891521524
69,PC63,http_orig_mime_types,0.7459055972016874
69,PC63,http_resp_mime_types,-0.028536749343885136
69,PC63,weird_name,5.0282780906754805e-05
69,PC63,proto_icmp,1.3069115893515989e-06
69,PC63,proto_tcp,1.4001506227269783e-06
69,PC63,proto_udp,-2.7070622104344472e-06
69,PC63,service_dce_rpc,-4.798282939849748e-06
69,PC63,service_dhcp,-2.960652038824501e-06
69,PC63,service_dns,1.6967639696140753e-05
69,PC63,service_ftp,-9.539123880553481e-06
69,PC63,service_gssapi,-3.53149515221603e-06
69,PC63,service_http,-2.119123272930147e-05
69,PC63,service_n/a,-3.3338023189000143e-06
69,PC63,service_smb,1.3158168719650323e-05
69,PC63,service_smb;gssapi,1.3572187470831717e-05
69,PC63,service_ssl,1.6565931645899819e-06
69,PC63,conn_state_OTH,1.8370185733345562e-05
69,PC63,conn_state_REJ,1.8158951918579008e-05
69,PC63,conn_state_RSTO,-0.00017949820915334758
69,PC63,conn_state_RSTOS0,6.886721106588722e-06
69,PC63,conn_state_RSTR,1.7586097431146475e-06
69,PC63,conn_state_RSTRH,1.7096036049629726e-05
69,PC63,conn_state_S0,2.2203046401797488e-05
69,PC63,conn_state_S1,1.5685650823604735e-05
69,PC63,conn_state_S2,7.849013917093917e-06
69,PC63,conn_state_S3,1.267377395569591e-05
69,PC63,conn_state_SF,3.969389303043469e-05
69,PC63,conn_state_SH,1.81408804000166e-05
69,PC63,conn_state_SHR,9.81446072204073e-07
69,PC63,dns_AA_F,1.3294680422104577e-06
69,PC63,dns_AA_T,-1.8842038772282077e-06
69,PC63,dns_AA_n/a,5.54735837897391e-07
69,PC63,dns_RD_F,-5.577545604540379e-06
69,PC63,dns_RD_T,5.022809769994474e-06
69,PC63,dns_RD_n/a,5.547358374810574e-07
69,PC63,dns_RA_F,6.820111577876542e-06
69,PC63,dns_RA_T,-7.374847413366137e-06
69,PC63,dns_RA_n/a,5.547358379667799e-07
69,PC63,dns_rejected_F,4.642030891344184e-06
69,PC63,dns_rejected_T,-5.196766727971758e-06
69,PC63,dns_rejected_n/a,5.547358378418799e-07
69,PC63,ssl_resumed_F,1.0386808827173022e-05
69,PC63,ssl_resumed_T,-1.0832695725077057e-05
69,PC63,ssl_resumed_n/a,4.458868965717677e-07
69,PC63,ssl_established_F,2.612937763490919e-06
69,PC63,ssl_established_T,-3.0588246609855596e-06
69,PC63,ssl_established_n/a,4.4588689643298984e-07
69,PC63,http_trans_depth_1,-0.009403378784465826
69,PC63,http_trans_depth_10,0.004253832625555613
69,PC63,http_trans_depth_2,0.0013649398674759096
69,PC63,http_trans_depth_6,0.004252845578527465
69,PC63,http_trans_depth_7,0.0042547100006913845
69,PC63,http_trans_depth_8,0.004253174594203419
69,PC63,http_trans_depth_9,0.004252626234742434
69,PC63,http_trans_depth_n/a,-0.013228750116724431
69,PC63,http_method_GET,0.16186824055523494
69,PC63,http_method_HEAD,0.16078454560524574
69,PC63,http_method_POST,-0.37702198405201154
69,PC63,http_method_n/a,0.05436919789152192
69,PC63,http_version_1.1,-0.015722953511501176
69,PC63,http_version_n/a,0.015722953511500784
69,PC63,weird_addl_43,-3.158080028557199e-05
69,PC63,weird_addl_46,-3.825921574440727e-05
69,PC63,weird_addl_48,-4.037972870034323e-05
69,PC63,weird_addl_n/a,0.0001102197447302028
69,PC63,weird_notice_F,5.0282780906490965e-05
69,PC63,weird_notice_n/a,-5.028278090596361e-05
69,PC64,duration,0.016853829047257782
69,PC64,src_bytes,0.000707091016262127
69,PC64,dst_bytes,-0.0013162828591402973
69,PC64,missed_bytes,-9.832925843632125e-05
69,PC64,src_pkts,-0.5661330890832138
69,PC64,src_ip_bytes,0.6906746755073144
69,PC64,dst_pkts,-0.26821147574173143
69,PC64,dst_ip_bytes,0.3608730727377061
69,PC64,dns_qclass,9.70279143499772e-06
69,PC64,dns_qtype,8.76001743388942e-06
69,PC64,dns_rcode,1.026481975295937e-05
69,PC64,http_request_body_len,-0.0011930219313889198
69,PC64,http_response_body_len,-0.001908729838424795
69,PC64,http_status_code,1.2052951218193865e-05
69,PC64,dns_query,-5.719387587581337e-06
69,PC64,ssl_version,-6.422636763339824e-05
69,PC64,ssl_cipher,-6.42263676302237e-05
69,PC64,ssl_subject,-7.080633688084145e-05
69,PC64,ssl_issuer,-7.080633688178774e-05
69,PC64,http_uri,-5.68277350005697e-05
69,PC64,http_user_agent,-5.68277350001898e-05
69,PC64,http_orig_mime_types,0.0012294006898619057
69,PC64,http_resp_mime_types,-0.00036432992404930586
69,PC64,weird_name,0.0003742967428342833
69,PC64,proto_icmp,0.00023644656777440515
69,PC64,proto_tcp,-0.0001103963434861549
69,PC64,proto_udp,-0.0001260502243063573
69,PC64,service_dce_rpc,2.2738898058521223e-05
69,PC64,service_dhcp,1.1341184237817492e-05
69,PC64,service_dns,2.9677460254382004e-05
69,PC64,service_ftp,0.0001319665299239839
69,PC64,service_gssapi,1.990379485369495e-05
69,PC64,service_http,-3.416350704855617e-05
69,PC64,service_n/a,1.9747217429921804e-05
69,PC64,service_smb,1.61013509604388e-05
69,PC64,service_smb;gssapi,-0.00015752209487735337
69,PC64,service_ssl,-5.979083380472372e-05
69,PC64,conn_state_OTH,-4.755357813281125e-06
69,PC64,conn_state_REJ,7.5125126044149615e-06
69,PC64,conn_state_RSTO,-0.00011934654203161338
69,PC64,conn_state_RSTOS0,-4.7754816118565635e-06
69,PC64,conn_state_RSTR,-1.2898569253246006e-05
69,PC64,conn_state_RSTRH,6.105106630233809e-05
69,PC64,conn_state_S0,2.4431024876925278e-05
69,PC64,conn_state_S1,-1.1480591204354046e-05
69,PC64,conn_state_S2,4.2682997267631806e-05
69,PC64,conn_state_S3,1.6129931665952862e-05
69,PC64,conn_state_SF,5.785189967411064e-06
69,PC64,conn_state_SH,2.69131937763456e-07
69,PC64,conn_state_SHR,-4.605312683120255e-06
69,PC64,dns_AA_F,-2.5269206982841963e-06
69,PC64,dns_AA_T,4.9677075078941035e-06
69,PC64,dns_AA_n/a,-2.440786808971529e-06
69,PC64,dns_RD_F,2.0820574316710028e-06
69,PC64,dns_RD_T,3.587293665174851e-07
69,PC64,dns_RD_n/a,-2.4407868139050826e-06
69,PC64,dns_RA_F,-6.629785778623776e-06
69,PC64,dns_RA_T,9.070572588140008e-06
69,PC64,dns_RA_n/a,-2.440786813537321e-06
69,PC64,dns_rejected_F,-4.976226315688698e-06
69,PC64,dns_rejected_T,7.417013120403215e-06
69,PC64,dns_rejected_n/a,-2.440786813745488e-06
69,PC64,ssl_resumed_F,-4.6601985871856655e-05
69,PC64,ssl_resumed_T,0.0001006583127188699
69,PC64,ssl_resumed_n/a,-5.4056326846925636e-05
69,PC64,ssl_established_F,2.4204351006133773e-05
69,PC64,ssl_established_T,2.9851975838521977e-05
69,PC64,ssl_established_n/a,-5.405632684553265e-05
69,PC64,http_trans_depth_1,-1.804157849376667e-05
69,PC64,http_trans_depth_10,-4.9788375177407647e-05
69,PC64,http_trans_depth_2,0.0001609166790904554
69,PC64,http_trans_depth_6,-4.983686411012074e-05
69,PC64,http_trans_depth_7,-4.97452739037257e-05
69,PC64,http_trans_depth_8,-4.982070113250215e-05
69,PC64,http_trans_depth_9,-4.9847639428571194e-05
69,PC64,http_trans_depth_n/a,0.000106163753161366
69,PC64,http_method_GET,0.0003544079472621361
69,PC64,http_method_HEAD,7.190264019312116e-05
69,PC64,http_method_POST,-0.00048313832245764515
69,PC64,http_method_n/a,5.682773500262535e-05
69,PC64,http_version_1.1,0.00014244521112095378
69,PC64,http_version_n/a,-0.00014244521112160777
69,PC64,weird_addl_43,-0.0002850340313656713
69,PC64,weird_addl_46,-0.0002806768620564216
69,PC64,weird_addl_48,-0.00028514631293419246
69,PC64,weird_addl_n/a,0.0008508572063485043
69,PC64,weird_notice_F,0.00037429674283437353
69,PC64,weird_notice_n/a,-0.0003742967428293775
69,PC65,duration,-0.0
69,PC65,src_bytes,-4.1327844692635274e-15
69,PC65,dst_bytes,-2.0268682880742316e-15
69,PC65,missed_bytes,-1.02546966167906e-15
69,PC65,src_pkts,-8.975046876185261e-15
69,PC65,src_ip_bytes,7.102116966090119e-15
69,PC65,dst_pkts,1.087288712434294e-14
69,PC65,dst_ip_bytes,-1.7313237634062651e-15
69,PC65,dns_qclass,-5.037100433379014e-15
69,PC65,dns_qtype,-4.922827141073385e-15
69,PC65,dns_rcode,-1.966017148067229e-15
69,PC65,http_request_body_len,9.056710263561757e-16
69,PC65,http_response_body_len,-5.278613426356463e-16
69,PC65,http_status_code,9.86958767792204e-16
69,PC65,dns_query,4.002428608680051e-15
69,PC65,ssl_version,0.00033081796285295043
69,PC65,ssl_cipher,-0.00033081796285451553
69,PC65,ssl_subject,0.0006345038413389065
69,PC65,ssl_issuer,-0.000990016043925886
69,PC65,http_uri,0.0008642999853889978
69,PC65,http_user_agent,-0.00028172689229238803
69,PC65,http_orig_mime_types,-5.782696048487477e-16
69,PC65,http_resp_mime_types,-1.1490171336094035e-15
69,PC65,weird_name,-0.006776558113707484
69,PC65,proto_icmp,-0.05922668711457683
69,PC65,proto_tcp,-0.059226687114576966
69,PC65,proto_udp,-0.05922668711457696
69,PC65,service_dce_rpc,0.02271789662411768
69,PC65,service_dhcp,0.022717896624117738
69,PC65,service_dns,0.02271789662411476
69,PC65,service_ftp,0.022717896624115747
69,PC65,service_gssapi,0.02271789662411552
69,PC65,service_http,0.02271789662411572
69,PC65,service_n/a,0.02271789662411544
69,PC65,service_smb,0.022717896624124174
69,PC65,service_smb;gssapi,0.022717896624116836
69,PC65,service_ssl,0.022717896624115677
69,PC65,conn_state_OTH,-0.036831496663589564
69,PC65,conn_state_REJ,-0.03683149666358951
69,PC65,conn_state_RSTO,-0.036831496663589904
69,PC65,conn_state_RSTOS0,-0.036831496663589335
69,PC65,conn_state_RSTR,-0.0368314966635902
69,PC65,conn_state_RSTRH,-0.03683149666358948
69,PC65,conn_state_S0,-0.03683149666358969
69,PC65,conn_state_S1,-0.03683149666358953
69,PC65,conn_state_S2,-0.03683149666358962
69,PC65,conn_state_S3,-0.036831496663589654
69,PC65,conn_state_SF,-0.036831496663589855
69,PC65,conn_state_SH,-0.03683149666358925
69,PC65,conn_state_SHR,-0.03683149666358884
69,PC65,dns_AA_F,-0.23740147227941305
69,PC65,dns_AA_T,-0.23740147227941305
69,PC65,dns_AA_n/a,0.1707827305468122
69,PC65,dns_RD_F,0.14024404474082597
69,PC65,dns_RD_T,0.14024404474082572
69,PC65,dns_RD_n/a,0.17305745304882553
69,PC65,dns_RA_F,0.2468523805901237
69,PC65,dns_RA_T,0.24685238059012382
69,PC65,dns_RA_n/a,0.17087239147075592
69,PC65,dns_rejected_F,0.5362050600013083
69,PC65,dns_rejected_T,0.5362050600013086
69,PC65,dns_rejected_n/a,0.17118743798645214
69,PC65,ssl_resumed_F,-0.0008708082836047402
69,PC65,ssl_resumed_T,-0.0012263204861958001
69,PC65,ssl_resumed_n/a,-0.0013485320080231387
69,PC65,ssl_established_F,-0.0018991482118441714
69,PC65,ssl_established_T,-0.001543636009258882
69,PC65,ssl_established_n/a,-0.001421424487427031
69,PC65,http_trans_depth_1,0.0004942203210713883
69,PC65,http_trans_depth_10,0.0004942203210711647
69,PC65,http_trans_depth_2,0.0004942203210712879
69,PC65,http_trans_depth_6,0.0004942203210712145
69,PC65,http_trans_depth_7,0.000494220321071161
69,PC65,http_trans_depth_8,0.0004942203210711692
69,PC65,http_trans_depth_9,0.0004942203210711936
69,PC65,http_trans_depth_n/a,0.0004942203210709624
69,PC65,http_method_GET,-1.1039228722401276e-06
69,PC65,http_method_HEAD,-1.10392287162693e-06
69,PC65,http_method_POST,-1.103922871743075e-06
69,PC65,http_method_n/a,0.0005814691702259326
69,PC65,http_version_1.1,5.9804211444089775e-05
69,PC65,http_version_n/a,5.9804211443702064e-05
69,PC65,weird_addl_43,0.0020513786731869332
69,PC65,weird_addl_46,0.002051378673189431
69,PC65,weird_addl_48,0.0020513786731823176
69,PC65,weird_addl_n/a,0.002051378673190246
69,PC65,weird_notice_F,0.0033619916354667464
69,PC65,weird_notice_n/a,-0.0034145664782415245
69,PC66,duration,0.0
69,PC66,src_bytes,-1.1522258461163903e-14
69,PC66,dst_bytes,2.1641290208959654e-15
69,PC66,missed_bytes,-1.8519029195027717e-15
69,PC66,src_pkts,5.863173184735429e-15
69,PC66,src_ip_bytes,3.5735821198713806e-15
69,PC66,dst_pkts,-1.3676321161266535e-14
69,PC66,dst_ip_bytes,-7.593108437626228e-16
69,PC66,dns_qclass,1.1181507397597942e-16
69,PC66,dns_qtype,6.196474662361291e-16
69,PC66,dns_rcode,-3.3269724982869177e-16
69,PC66,http_request_body_len,-8.131195155093015e-16
69,PC66,http_response_body_len,-6.885497688404344e-17
69,PC66,http_status_code,2.787412462002888e-16
69,PC66,dns_query,-2.946858704549095e-15
69,PC66,ssl_version,-0.07690042671515616
69,PC66,ssl_cipher,0.07690042671515863
69,PC66,ssl_subject,0.008691200005394395
69,PC66,ssl_issuer,-0.048962838445886656
69,PC66,http_uri,0.25415154051354494
69,PC66,http_user_agent,-0.054200793687657914
69,PC66,http_orig_mime_types,-1.6314532190475628e-16
69,PC66,http_resp_mime_types,1.812135511092272e-15
69,PC66,weird_name,-0.1007000444228592
69,PC66,proto_icmp,0.26704512840251604
69,PC66,proto_tcp,0.2670451284025165
69,PC66,proto_udp,0.26704512840251676
69,PC66,service_dce_rpc,0.08978919918651555
69,PC66,service_dhcp,0.08978919918651486
69,PC66,service_dns,0.08978919918651934
69,PC66,service_ftp,0.08978919918651732
69,PC66,service_gssapi,0.08978919918651873
69,PC66,service_http,0.08978919918651755
69,PC66,service_n/a,0.08978919918651826
69,PC66,service_smb,0.08978919918650606
69,PC66,service_smb;gssapi,0.08978919918651565
69,PC66,service_ssl,0.08978919918651769
69,PC66,conn_state_OTH,0.19138518827568077
69,PC66,conn_state_REJ,0.19138518827568035
69,PC66,conn_state_RSTO,0.19138518827568124
69,PC66,conn_state_RSTOS0,0.19138518827568088
69,PC66,conn_state_RSTR,0.19138518827568163
69,PC66,conn_state_RSTRH,0.19138518827568032
69,PC66,conn_state_S0,0.19138518827568113
69,PC66,conn_state_S1,0.19138518827568085
69,PC66,conn_state_S2,0.19138518827568096
69,PC66,conn_state_S3,0.19138518827568063
69,PC66,conn_state_SF,0.19138518827568113
69,PC66,conn_state_SH,0.1913851882756805
69,PC66,conn_state_SHR,0.19138518827567996
69,PC66,dns_AA_F,-0.040177309538006356
69,PC66,dns_AA_T,-0.04017730953800625
69,PC66,dns_AA_n/a,0.030262380770564812
69,PC66,dns_RD_F,0.1452570626199178
69,PC66,dns_RD_T,0.14525706261991797
69,PC66,dns_RD_n/a,0.06366859384075993
69,PC66,dns_RA_F,0.0006026389233729553
69,PC66,dns_RA_T,0.0006026389233728877
69,PC66,dns_RA_n/a,0.020041869002772272
69,PC66,dns_rejected_F,0.03137237985066977
69,PC66,dns_rejected_T,0.031372379850669666
69,PC66,dns_rejected_n/a,0.02308192824185578
69,PC66,ssl_resumed_F,0.07862646269898449
69,PC66,ssl_resumed_T,0.03835482425849774
69,PC66,ssl_resumed_n/a,-0.052958850734104924
69,PC66,ssl_established_F,0.015354075554482226
69,PC66,ssl_established_T,0.055625713994976574
69,PC66,ssl_established_n/a,0.14693938898757267
69,PC66,http_trans_depth_1,0.005931888439144037
69,PC66,http_trans_depth_10,0.005931888439144111
69,PC66,http_trans_depth_2,0.0059318884391439085
69,PC66,http_trans_depth_6,0.005931888439144165
69,PC66,http_trans_depth_7,0.00593188843914423
69,PC66,http_trans_depth_8,0.00593188843914419
69,PC66,http_trans_depth_9,0.005931888439144236
69,PC66,http_trans_depth_n/a,0.005931888439144273
69,PC66,http_method_GET,-0.03297600586937058
69,PC66,http_method_HEAD,-0.03297600586937146
69,PC66,http_method_POST,-0.03297600586937078
69,PC66,http_method_n/a,0.16697474095651435
69,PC66,http_version_1.1,-0.0007137093479863549
69,PC66,http_version_n/a,-0.0007137093479860981
69,PC66,weird_addl_43,0.04294971186113791
69,PC66,weird_addl_46,0.042949711861134485
69,PC66,weird_addl_48,0.04294971186114516
69,PC66,weird_addl_n/a,0.04294971186113339
69,PC66,weird_notice_F,0.0990652798699264
69,PC66,weird_notice_n/a,-0.0016347645529314423
69,PC67,duration,0.0
69,PC67,src_bytes,6.0332233760006725e-15
69,PC67,dst_bytes,3.019943256562365e-15
69,PC67,missed_bytes,-9.058512699955359e-15
69,PC67,src_pkts,1.0067991496307404e-15
69,PC67,src_ip_bytes,-7.736076681062492e-16
69,PC67,dst_pkts,-2.4086845753281057e-15
69,PC67,dst_ip_bytes,6.534501196306807e-15
69,PC67,dns_qclass,4.960481056950239e-16
69,PC67,dns_qtype,-2.294577600308359e-15
69,PC67,dns_rcode,-1.1414075412616155e-16
69,PC67,http_request_body_len,-1.244799792052768e-15
69,PC67,http_response_body_len,-2.8061930125489344e-16
69,PC67,http_status_code,3.032810424610031e-15
69,PC67,dns_query,-5.130721385602469e-16
69,PC67,ssl_version,-0.06960852250912643
69,PC67,ssl_cipher,0.06960852250912618
69,PC67,ssl_subject,0.013659204019102136
69,PC67,ssl_issuer,-0.050211496916286985
69,PC67,http_uri,0.23336755365931022
69,PC67,http_user_agent,-0.05250890186032607
69,PC67,http_orig_mime_types,5.03449278793644e-16
69,PC67,http_resp_mime_types,-3.5344990823027445e-17
69,PC67,weird_name,-0.09157303623882226
69,PC67,proto_icmp,-0.17754135682357025
69,PC67,proto_tcp,-0.17754135682357067
69,PC67,proto_udp,-0.17754135682357142
69,PC67,service_dce_rpc,0.21248510502241605
69,PC67,service_dhcp,0.21248510502241566
69,PC67,service_dns,0.21248510502241647
69,PC67,service_ftp,0.21248510502241577
69,PC67,service_gssapi,0.21248510502241577
69,PC67,service_http,0.21248510502241547
69,PC67,service_n/a,0.21248510502241558
69,PC67,service_smb,0.21248510502241527
69,PC67,service_smb;gssapi,0.2124851050224153
69,PC67,service_ssl,0.21248510502241563
69,PC67,conn_state_OTH,-0.08048011639697977
69,PC67,conn_state_REJ,-0.08048011639697986
69,PC67,conn_state_RSTO,-0.08048011639698002
69,PC67,conn_state_RSTOS0,-0.08048011639698002
69,PC67,conn_state_RSTR,-0.08048011639698005
69,PC67,conn_state_RSTRH,-0.08048011639697983
69,PC67,conn_state_S0,-0.08048011639697993
69,PC67,conn_state_S1,-0.08048011639698008
69,PC67,conn_state_S2,-0.08048011639698019
69,PC67,conn_state_S3,-0.08048011639697984
69,PC67,conn_state_SF,-0.08048011639698009
69,PC67,conn_state_SH,-0.08048011639697998
69,PC67,conn_state_SHR,-0.08048011639698002
69,PC67,dns_AA_F,0.3074631142280679
69,PC67,dns_AA_T,0.30746311422806794
69,PC67,dns_AA_n/a,0.05699507563122991
69,PC67,dns_RD_F,0.007597779937656465
69,PC67,dns_RD_T,0.007597779937656375
69,PC67,dns_RD_n/a,0.10281044951405559
69,PC67,dns_RA_F,-0.06964356809695699
69,PC67,dns_RA_T,-0.06964356809695704
69,PC67,dns_RA_n/a,0.04621633060709185
69,PC67,dns_rejected_F,0.01328233638898671
69,PC67,dns_rejected_T,0.013282336388986765
69,PC67,dns_rejected_n/a,0.05267780670537663
69,PC67,ssl_resumed_F,0.07383329245838702
69,PC67,ssl_resumed_T,0.03728099956120316
69,PC67,ssl_resumed_n/a,-0.03589603259401215
69,PC67,ssl_established_F,0.0291785790738539
69,PC67,ssl_established_T,0.06573087197103727
69,PC67,ssl_established_n/a,0.13890790412625248
69,PC67,http_trans_depth_1,0.006062113040257604
69,PC67,http_trans_depth_10,0.006062113040257451
69,PC67,http_trans_depth_2,0.006062113040257437
69,PC67,http_trans_depth_6,0.006062113040257461
69,PC67,http_trans_depth_7,0.006062113040257463
69,PC67,http_trans_depth_8,0.006062113040257187
69,PC67,http_trans_depth_9,0.006062113040257444
69,PC67,http_trans_depth_n/a,0.006062113040257328
69,PC67,http_method_GET,-0.03064829824181269
69,PC67,http_method_HEAD,-0.030648298241812675
69,PC67,http_method_POST,-0.030648298241812293
69,PC67,http_method_n/a,0.15021035355717272
69,PC67,http_version_1.1,0.0026538979275131103
69,PC67,http_version_n/a,0.0026538979275128813
69,PC67,weird_addl_43,0.042216298460154095
69,PC67,weird_addl_46,0.0422162984601544
69,PC67,weird_addl_48,0.042216298460154546
69,PC67,weird_addl_n/a,0.04221629846015432
69,PC67,weird_notice_F,0.09140185675088913
69,PC67,weird_notice_n/a,-0.00017117948793355644
69,PC68,duration,-0.0
69,PC68,src_bytes,4.774060479650243e-15
69,PC68,dst_bytes,8.645885763713567e-16
69,PC68,missed_bytes,1.565511270302033e-15
69,PC68,src_pkts,1.1504698861368337e-15
69,PC68,src_ip_bytes,-3.4986328667937787e-15
69,PC68,dst_pkts,3.5114634443272683e-15
69,PC68,dst_ip_bytes,-2.052860072542428e-15
69,PC68,dns_qclass,-1.3524861472374646e-15
69,PC68,dns_qtype,-2.593260086216672e-15
69,PC68,dns_rcode,-4.2816538219715473e-16
69,PC68,http_request_body_len,2.971437481229646e-15
69,PC68,http_response_body_len,2.168893012597298e-16
69,PC68,http_status_code,-1.0891782116093463e-15
69,PC68,dns_query,-5.852901420455965e-16
69,PC68,ssl_version,0.0329421454275865
69,PC68,ssl_cipher,-0.03294214542758623
69,PC68,ssl_subject,-0.0038095034200476903
69,PC68,ssl_issuer,0.016938138786121666
69,PC68,http_uri,-0.09123387345225967
69,PC68,http_user_agent,0.015601028036393247
69,PC68,http_orig_mime_types,-7.115076756936123e-19
69,PC68,http_resp_mime_types,-6.537739100087592e-17
69,PC68,weird_name,0.03651637217031038
69,PC68,proto_icmp,-0.10718484991389793
69,PC68,proto_tcp,-0.10718484991389829
69,PC68,proto_udp,-0.10718484991389814
69,PC68,service_dce_rpc,-0.09740071341749756
69,PC68,service_dhcp,-0.09740071341749791
69,PC68,service_dns,-0.09740071341749747
69,PC68,service_ftp,-0.09740071341749792
69,PC68,service_gssapi,-0.09740071341749758
69,PC68,service_http,-0.09740071341749773
69,PC68,service_n/a,-0.09740071341749755
69,PC68,service_smb,-0.09740071341749745
69,PC68,service_smb;gssapi,-0.09740071341749736
69,PC68,service_ssl,-0.09740071341749766
69,PC68,conn_state_OTH,0.11532941711177304
69,PC68,conn_state_REJ,0.11532941711177291
69,PC68,conn_state_RSTO,0.11532941711177291
69,PC68,conn_state_RSTOS0,0.115329417111773
69,PC68,conn_state_RSTR,0.11532941711177319
69,PC68,conn_state_RSTRH,0.115329417111773
69,PC68,conn_state_S0,0.11532941711177333
69,PC68,conn_state_S1,0.11532941711177301
69,PC68,conn_state_S2,0.11532941711177314
69,PC68,conn_state_S3,0.11532941711177286
69,PC68,conn_state_SF,0.11532941711177326
69,PC68,conn_state_SH,0.1153294171117727
69,PC68,conn_state_SHR,0.11532941711177279
69,PC68,dns_AA_F,0.47675176641061956
69,PC68,dns_AA_T,0.4767517664106195
69,PC68,dns_AA_n/a,0.13864551450156726
69,PC68,dns_RD_F,-0.12797096505881966
69,PC68,dns_RD_T,-0.12797096505881972
69,PC68,dns_RD_n/a,0.12353419797506442
69,PC68,dns_RA_F,-0.03488617610070059
69,PC68,dns_RA_T,-0.03488617610070063
69,PC68,dns_RA_n/a,0.14222377718869963
69,PC68,dns_rejected_F,0.22864409331558735
69,PC68,dns_rejected_T,0.2286440933155875
69,PC68,dns_rejected_n/a,0.13813522890135532
69,PC68,ssl_resumed_F,-0.03919898214951591
69,PC68,ssl_resumed_T,-0.026070346783440893
69,PC68,ssl_resumed_n/a,0.010240054500777064
69,PC68,ssl_established_F,-0.023713530589638092
69,PC68,ssl_established_T,-0.03684216595571263
69,PC68,ssl_established_n/a,-0.07315256723993079
69,PC68,http_trans_depth_1,-0.0021281539827485776
69,PC68,http_trans_depth_10,-0.0021281539827485716
69,PC68,http_trans_depth_2,-0.0021281539827486574
69,PC68,http_trans_depth_6,-0.002128153982748706
69,PC68,http_trans_depth_7,-0.0021281539827484614
69,PC68,http_trans_depth_8,-0.002128153982748529
69,PC68,http_trans_depth_9,-0.002128153982748628
69,PC68,http_trans_depth_n/a,-0.0021281539827485464
69,PC68,http_method_GET,0.012027439616795015
69,PC68,http_method_HEAD,0.012027439616795239
69,PC68,http_method_POST,0.012027439616794953
69,PC68,http_method_n/a,-0.06360540579907187
69,PC68,http_version_1.1,0.0013762904808175512
69,PC68,http_version_n/a,0.0013762904808174922
69,PC68,weird_addl_43,-0.022363766571037478
69,PC68,weird_addl_46,-0.02236376657103792
69,PC68,weird_addl_48,-0.02236376657103789
69,PC68,weird_addl_n/a,-0.022363766571037558
69,PC68,weird_notice_F,-0.03378984204587641
69,PC68,weird_notice_n/a,0.002726530124433769
69,PC69,duration,-0.0
69,PC69,src_bytes,-8.456929650041238e-15
69,PC69,dst_bytes,1.4382765524905749e-15
69,PC69,missed_bytes,6.3840525809281765e-15
69,PC69,src_pkts,-9.940510506267583e-15
69,PC69,src_ip_bytes,1.1576441192392989e-14
69,PC69,dst_pkts,3.563261699347992e-15
69,PC69,dst_ip_bytes,-3.788406583044536e-15
69,PC69,dns_qclass,-2.41934887323179e-15
69,PC69,dns_qtype,5.219975268480215e-16
69,PC69,dns_rcode,-3.538680411891068e-16
69,PC69,http_request_body_len,5.165369437062192e-15
69,PC69,http_response_body_len,7.73004471721973e-17
69,PC69,http_status_code,-1.8808826142246344e-15
69,PC69,dns_query,2.9230516982219967e-17
69,PC69,ssl_version,0.03478197097403
69,PC69,ssl_cipher,-0.03478197097403
69,PC69,ssl_subject,0.0063696699072375495
69,PC69,ssl_issuer,-0.03238643943144734
69,PC69,http_uri,0.19427607159058727
69,PC69,http_user_agent,-0.04770552235294508
69,PC69,http_orig_mime_types,-4.1210524576174024e-16
69,PC69,http_resp_mime_types,3.5735303605122226e-16
69,PC69,weird_name,-0.12220123011694475
69,PC69,proto_icmp,0.2891585941479922
69,PC69,proto_tcp,0.2891585941479931
69,PC69,proto_udp,0.28915859414799344
69,PC69,service_dce_rpc,-0.1179979347091322
69,PC69,service_dhcp,-0.11799793470913157
69,PC69,service_dns,-0.11799793470913231
69,PC69,service_ftp,-0.11799793470913131
69,PC69,service_gssapi,-0.11799793470913218
69,PC69,service_http,-0.11799793470913139
69,PC69,service_n/a,-0.11799793470913188
69,PC69,service_smb,-0.11799793470913145
69,PC69,service_smb;gssapi,-0.11799793470913177
69,PC69,service_ssl,-0.11799793470913164
69,PC69,conn_state_OTH,-0.12338677713027926
69,PC69,conn_state_REJ,-0.12338677713027905
69,PC69,conn_state_RSTO,-0.12338677713027912
69,PC69,conn_state_RSTOS0,-0.12338677713027929
69,PC69,conn_state_RSTR,-0.12338677713027946
69,PC69,conn_state_RSTRH,-0.1233867771302791
69,PC69,conn_state_S0,-0.12338677713027937
69,PC69,conn_state_S1,-0.1233867771302791
69,PC69,conn_state_S2,-0.12338677713027932
69,PC69,conn_state_S3,-0.12338677713027918
69,PC69,conn_state_SF,-0.12338677713027939
69,PC69,conn_state_SH,-0.12338677713027912
69,PC69,conn_state_SHR,-0.12338677713027926
69,PC69,dns_AA_F,0.22727429366965737
69,PC69,dns_AA_T,0.22727429366965743
69,PC69,dns_AA_n/a,0.11164244121053227
69,PC69,dns_RD_F,0.23878545848863764
69,PC69,dns_RD_T,0.23878545848863766
69,PC69,dns_RD_n/a,0.1353228140834254
69,PC69,dns_RA_F,0.012131346039427133
69,PC69,dns_RA_T,0.01213134603942708
69,PC69,dns_RA_n/a,0.10015829438376503
69,PC69,dns_rejected_F,-0.024653456755169098
69,PC69,dns_rejected_T,-0.024653456755169154
69,PC69,dns_rejected_n/a,0.10641409176483024
69,PC69,ssl_resumed_F,0.017885316830427087
69,PC69,ssl_resumed_T,-0.008131452693783008
69,PC69,ssl_resumed_n/a,-0.07962543111954444
69,PC69,ssl_established_F,-0.07584384137584069
69,PC69,ssl_established_T,-0.04982707185163056
69,PC69,ssl_established_n/a,0.021666906574130926
69,PC69,http_trans_depth_1,0.002785938652434237
69,PC69,http_trans_depth_10,0.0027859386524343587
69,PC69,http_trans_depth_2,0.002785938652434399
69,PC69,http_trans_depth_6,0.0027859386524344536
69,PC69,http_trans_depth_7,0.0027859386524343964
69,PC69,http_trans_depth_8,0.0027859386524343153
69,PC69,http_trans_depth_9,0.002785938652434432
69,PC69,http_trans_depth_n/a,0.002785938652434445
69,PC69,http_method_GET,-0.022338112965853103
69,PC69,http_method_HEAD,-0.02233811296585302
69,PC69,http_method_POST,-0.022338112965852638
69,PC69,http_method_n/a,0.1242324362717887
69,PC69,http_version_1.1,-0.0011371484939781719
69,PC69,http_version_n/a,-0.0011371484939781545
69,PC69,weird_addl_43,0.09956479366736375
69,PC69,weird_addl_46,0.09956479366736425
69,PC69,weird_addl_48,0.09956479366736515
69,PC69,weird_addl_n/a,0.09956479366736427
69,PC69,weird_notice_F,0.09994961924913656
69,PC69,weird_notice_n/a,-0.022251610867809996
