,duration,src_bytes,dst_bytes,missed_bytes,src_pkts,src_ip_bytes,dst_pkts,dst_ip_bytes,dns_qclass,dns_qtype,dns_rcode,http_request_body_len,http_response_body_len,http_status_code,dns_query,ssl_version,ssl_cipher,ssl_subject,ssl_issuer,http_uri,http_user_agent,http_orig_mime_types,http_resp_mime_types,weird_name,proto_icmp,proto_tcp,proto_udp,service_dce_rpc,service_dhcp,service_dns,service_ftp,service_gssapi,service_http,service_n/a,service_smb,service_smb;gssapi,service_ssl,conn_state_OTH,conn_state_REJ,conn_state_RSTO,conn_state_RSTOS0,conn_state_RSTR,conn_state_RSTRH,conn_state_S0,conn_state_S1,conn_state_S2,conn_state_S3,conn_state_SF,conn_state_SH,conn_state_SHR,dns_AA_F,dns_AA_T,dns_AA_n/a,dns_RD_F,dns_RD_T,dns_RD_n/a,dns_RA_F,dns_RA_T,dns_RA_n/a,dns_rejected_F,dns_rejected_T,dns_rejected_n/a,ssl_resumed_F,ssl_resumed_T,ssl_resumed_n/a,ssl_established_F,ssl_established_T,ssl_established_n/a,http_trans_depth_1,http_trans_depth_10,http_trans_depth_2,http_trans_depth_6,http_trans_depth_7,http_trans_depth_8,http_trans_depth_9,http_trans_depth_n/a,http_method_GET,http_method_HEAD,http_method_POST,http_method_n/a,http_version_1.1,http_version_n/a,weird_addl_43,weird_addl_46,weird_addl_48,weird_addl_n/a,weird_notice_F,weird_notice_n/a
duration,0.9999999999999998,0.020154318279591465,0.00875046444655266,0.0030394853020192323,0.20928126514567988,0.14802299879834485,0.4662992696756097,0.34327442519333073,0.0004261016495300591,-0.0031219391590205175,-0.0027297434769768176,-7.436974476962093e-05,0.0003323152588599673,0.000589945681180574,-0.0077293631213165084,0.008511196911371916,0.008511196911371916,0.019826695557082878,0.019826695557082878,0.00044084707472756806,0.00044084707472756806,-9.251379237515021e-05,0.00012726101877512388,0.018323636583058866,0.04019013685536753,0.0023257844422339023,-0.010783527081162321,-0.0002473620829177384,-9.661364163707305e-05,-0.008737848529618513,-0.00021507910451030727,-0.0004040082859710353,-0.0037987537859434893,0.00899881415536165,-0.00028005510704394963,-7.00865701112998e-05,0.008935892486122168,0.006217951733705312,-0.0057412652828502655,0.0012702558882816118,0.0006120604436549372,0.008733517277981688,0.009817246438133592,-0.007880575988846221,0.021317198881054253,-0.00014402980608276507,0.008297591624707815,-0.0076680071949961825,-0.0028964282002705705,0.0014245023476479057,-0.006940813919966803,-0.002999357685075573,0.007782665829159894,-0.006035739430009606,-0.0043373535584025754,0.007782665829159894,-0.007193081341412786,-0.002519549563525109,0.007782665829159894,-0.007404486932488178,-0.0019989811914491178,0.007782665829159894,0.005711857531395358,0.003191353292443822,-0.006454277291744717,0.003431422195772999,0.009154742670103666,-0.006454277291744717,0.0006922230516844028,-2.567359766290207e-05,0.00030989119889642685,-2.567359766290207e-05,-2.567359766290207e-05,-2.5673597662902065e-05,-2.5673597662902065e-05,-0.0007357116036644976,0.0004241749678927063,0.0004446916867849687,-9.67289154291986e-05,-0.0004408470747275664,0.000751773831658345,-0.0007517738316583462,-7.768880987877374e-05,-0.0006776469565686188,-0.00016070838312201265,0.0007008301176670672,0.018323636583058866,-0.018323636583058866
src_bytes,0.020154318279591465,1.0,0.6609272905984226,0.22282585961105714,0.01624132811003804,0.01817284767954526,0.027502846702146685,0.012558038044971579,-0.0006430710071907531,-0.0018848693659445715,-0.0016276381551969335,-4.187607019005005e-05,-5.21440523383519e-05,-0.00021305684247961029,-0.004676952024943365,-0.0002460069735205756,-0.0002460069735205756,-4.007347670489579e-05,-4.007347670489579e-05,-0.0002149897014666764,-0.0002149897014666764,-5.249917628149767e-05,-0.0001831404959344342,0.00016216550709264408,-0.0009635595538708987,0.007441481114196182,-0.007288832483816164,-0.00013939993505653118,-9.925991370951195e-05,-0.00523622182070199,-0.0004862855664222935,-0.00022768335785167728,-0.003864062483318932,0.00619250556682042,-0.00015280189289338164,-5.538552596493281e-05,0.007906096798709449,-0.005913474157548594,-0.0032501279458747017,0.01078416500935408,-0.00012137882855471463,-0.0006607591357267323,0.0004664361969168739,-0.005677511143319637,-0.0009127766631841994,-0.00039581735468818266,0.06571724827637586,-0.003916138534476961,-0.0017408851715374739,0.0005235803287910845,-0.004215472304320203,-0.0017746071151853663,0.004705799454207145,-0.00372393292382181,-0.0025198118835923766,0.004705799454207145,-0.004379331324346376,-0.0014453719133772165,0.004705799454207145,-0.004478350022173046,-0.0012048565904100043,0.004705799454207145,-0.0003487618141897573,-0.0001252660660085289,0.00037062759819614914,-0.0003464464209521522,-0.000131520708801337,0.00037062759819614914,-0.0002097678587600906,-1.636452812562726e-05,-6.348076389754657e-05,-1.636452812562726e-05,-1.636452812562726e-05,-1.6364528125627257e-05,-1.6364528125627257e-05,0.00022207576716693218,-0.00020580246260394172,-2.897950399924749e-05,-5.500299832108479e-05,0.000214989701466675,-0.00021889430252551578,0.00021889430252551546,-4.439576700812031e-05,-0.0003862153905531422,-9.191423009119554e-05,0.0003995153514219442,0.00016216550709264408,-0.00016216550709264438
dst_bytes,0.00875046444655266,0.6609272905984226,0.9999999999999999,0.18467133616963266,0.0026777214883291203,0.0002659949299679879,0.0013469596685009636,0.0072351520357627095,-0.0006281648533790397,-0.0018328220313918392,-0.0015809682011918853,-3.940163589816409e-05,0.005331945156170396,0.0026762424167153607,-0.004541525595813397,-0.0002040126335078014,-0.0002040126335078014,-3.7908973616544154e-05,-3.7908973616544154e-05,0.0030198048396004457,0.0030198048396004457,-4.448353309559546e-05,-0.00012790919836340133,-0.0002600582114558124,-0.000968706758541838,0.007247537152573122,-0.007092510625322453,-0.00013560300937775244,-9.646343479830793e-05,-0.005082969111765014,-0.00047247275752100885,-0.00022148131974292361,-0.0033472421517613,0.005574943200577707,-0.00015401603682549828,-6.709464423966433e-05,0.008783840191411638,-0.006013338830287344,-0.0031615866948313913,-0.00030521466058975417,-0.00011873246044708694,-0.0006337732290790216,-0.0006555537353090867,-0.005537040598730108,-0.0007555971636988434,-0.00037194928289490466,0.07479644623027981,-0.0055152018042196015,-0.001724670259662297,0.0020450187806543,-0.00409360792337214,-0.0017229876752040093,0.004569618708196432,-0.0036140783525977598,-0.0024497749753063045,0.004569618708196432,-0.004252878849800416,-0.0014028146424040898,0.004569618708196432,-0.004348294336103172,-0.0011714279098051174,0.004569618708196432,-0.0003025545415114069,-0.00012054953476052701,0.0003255289321214674,-0.00030017803965899095,-0.0001263663223911802,0.0003255289321214674,0.001701819747942454,3.783080968429915e-07,0.00416398489309364,3.783080968429915e-07,3.783080968429915e-07,3.7830809684299147e-07,3.7830809684299147e-07,-0.0029166520159930906,0.0031633384429329563,-2.5562083871401737e-05,-4.73214955480603e-05,-0.003019804839600447,0.002962429122992096,-0.0029624291229920947,-4.308883157239009e-05,-0.0003724358993189214,-8.845900281285101e-05,0.00038525164884865783,-0.0002600582114558124,0.00026005821145581203
missed_bytes,0.0030394853020192323,0.2228258596110571,0.18467133616963266,1.0,0.0015305078134315727,0.00017745646525555749,0.00021262228872481387,0.0032142977967681654,-0.00027690464511974546,-0.000809403519375107,-0.0006983915319260935,-1.6107411663603586e-05,0.014173388397329742,0.0074973615935235785,-0.002006953508100494,-7.122532013048181e-05,-7.122532013048181e-05,-1.7625917646966523e-05,-1.7625917646966523e-05,0.00838786884374377,0.00838786884374377,-1.4658866236092805e-05,2.728778372808099e-05,-0.00019346939045893216,-0.00043561492768710576,0.0032017772564752367,-0.0031316804125870183,-5.9777618992539205e-05,-4.2572348095206703e-05,-0.00224667959240574,-0.00020866927359544356,-9.763202120169462e-05,-0.0010631540938889775,0.002737824124144206,-6.789239377028047e-05,-2.7863577396928305e-05,-0.00022437844256334484,-0.002684850505373346,-0.001393679828326037,8.039085737381807e-05,-5.2389271797012064e-05,-0.00027131841111598207,-0.00029072361457792685,-0.0024408038825004807,0.0018283925437533534,-0.00014041246990437357,0.03165126046171357,-0.002154254362694218,-0.0007603452632085925,-0.0008526326461665624,-0.001808827245247023,-0.0007616832947654324,0.0020193177768389075,-0.0015978374706682005,-0.0010814888072268364,0.0020193177768389075,-0.0018792331592560252,-0.0006202091658507659,0.0020193177768389075,-0.0019217114828942704,-0.0005170344863899678,0.0020193177768389075,-8.747185453644954e-05,-5.327095604501355e-05,0.00010032432663701106,-8.600500418386091e-05,-5.611111455403224e-05,0.00010032432663701106,0.004899860189303252,3.3402533525066936e-05,0.011118063708901858,3.3402533525066936e-05,3.3402533525066936e-05,3.3402533525066936e-05,3.3402533525066936e-05,-0.008131762562940644,0.00874750575086662,-5.492901844147095e-06,-1.5844810519711276e-05,-0.008387868843743769,0.00824522188807274,-0.00824522188807274,-1.9038193381936457e-05,-0.00016562246425747023,-3.941406217902022e-05,0.00017132547508339296,-0.00019346939045893216,0.00019346939045893188
src_pkts,0.20928126514567988,0.01624132811003804,0.0026777214883291207,0.0015305078134315725,0.9999999999999998,0.8921014354333158,0.36036755687137384,0.4305881390015124,-0.00030266950672944506,-0.001945631873711856,-0.0021951208237128202,8.723090771314411e-06,0.020102378218262718,0.011913781269646227,-0.006143149236838747,0.00023603665636744966,0.00023603665636744966,0.00034865609203931777,0.00034865609203931777,0.013814936502249462,0.013814936502249462,3.2661903105476095e-05,0.00033275150207191356,0.02919694018039155,0.017016187731573627,0.005570786322743557,-0.009182390094802187,-0.00023163154977203805,-0.00013299960575424924,-0.007248298410045001,0.0014493948193922965,-0.0003996485277825647,0.0013753958579425694,0.004878330308293113,2.2109643643085157e-05,0.00031276178256544105,0.0018381351229754526,0.011273188338982578,-0.004425941829827964,0.004866377085143336,0.00030783611415780547,0.0004599969671461988,0.004083622007733796,-0.00487160727949413,-0.001066199503179759,-0.00016152507396765143,-0.0006271905355860716,-0.0026972298013852145,-0.0009309446495876503,-0.0034453486102407906,-0.005576816326976376,-0.0022947588331526402,0.006201891755511432,-0.005176849038711397,-0.0029494283418064655,0.006201891755511432,-0.0058334675694072125,-0.001744092072487728,0.006201891755511432,-0.005936101587060439,-0.001480993697774087,0.006201891755511432,0.0004077938664690558,0.00031476865608010804,-0.0004901069895930978,0.00036978262506005957,0.00040701331992580076,-0.0004901069895930978,0.008865473485354805,0.00011069132242269718,0.015874252829734863,0.00011069132242269717,0.00011069132242269717,0.00011069132242269712,0.00011069132242269712,-0.013378961930364445,0.01439149092445773,1.1847148913744061e-06,2.9076336902700694e-05,-0.013814936502249455,0.013565950465094007,-0.013565950465094009,-7.622252058626645e-05,-0.000652587072254106,-0.00015968732585999517,0.0006762034864067208,0.02919694018039155,-0.029196940180391547
src_ip_bytes,0.14802299879834485,0.018172847679545263,0.0002659949299679879,0.00017745646525555746,0.8921014354333158,1.0,0.2951951350574448,0.1577666896586303,-0.00041614992019213727,-0.0016386782234270587,-0.001536517215422998,8.512924569290371e-06,0.0026802495419211577,0.001429432059105934,-0.004364094437810377,-6.077394737144344e-05,-6.077394737144344e-05,6.284729761705903e-05,6.284729761705903e-05,0.0016508489231627703,0.0016508489231627703,-2.92681005364174e-06,-6.133752564689335e-05,0.017112598497557776,0.0036470453765127817,0.005280887649285846,-0.00608228021059464,-0.0001390206063885888,-6.217447208643172e-05,-0.004950321850295787,-0.00022030239349101323,-0.0002299180425375286,-0.0022160867567758437,0.005743926052102627,0.00024113710459599508,0.0008574868689201852,0.0005905541070897536,0.010813545591293295,-0.003165557055941864,4.107276124417807e-05,3.1499192180273093e-06,0.00023096363549322986,0.004320578876512961,-0.0042861570685397265,-0.0013562449624869278,-0.0002532786777303144,-0.0003913365694951377,-0.004046878141110381,0.00026078841420998654,-0.001988062842614462,-0.003948358956689906,-0.0016330336904014063,0.004394633827093035,-0.0035102193496106917,-0.0023082686245814426,0.004394633827093035,-0.004090120497507069,-0.0013488427769373446,0.004394633827093035,-0.004183461679021934,-0.0011212922071814364,0.004394633827093035,1.5007578517221486e-05,2.64712669862701e-05,-2.3056426655712934e-05,7.757907850594541e-06,4.457603771469417e-05,-2.3056426655712934e-05,0.0009594549861099287,2.8502248181611644e-05,0.002138210098063516,2.8502248181611644e-05,2.8502248181611644e-05,2.850224818161163e-05,2.850224818161163e-05,-0.0015879486944002012,0.0017248832976634065,-1.88140502349331e-05,-6.338171789438648e-06,-0.0016508489231627718,0.0016145214810961504,-0.0016145214810961504,-4.457777598619157e-05,-0.0003858317639984544,-9.25840622832315e-05,0.0003993190404150776,0.017112598497557776,-0.017112598497557776
dst_pkts,0.46629926967560975,0.027502846702146685,0.0013469596685009634,0.00021262228872481384,0.36036755687137384,0.2951951350574448,1.0,0.6299505457649612,-0.0006492505276619588,-0.0017962100755049989,-0.0013519435072377553,-6.784082330532445e-06,0.003157152924274799,0.0018229671418747283,-0.004221903155762859,0.00017179168370230828,0.00017179168370230828,7.840345665017074e-05,7.840345665017074e-05,0.002230181213225043,0.002230181213225043,1.7174224480120618e-07,5.055672575279396e-05,0.03270037652663966,0.00497988853327774,0.005729759149647011,-0.006814124971481185,-0.0001209818821176671,-9.484075188198863e-05,-0.004661863177317555,0.0002880453293296087,-0.00020223886803380915,0.0004230308139454074,0.0036088530383248025,-8.471025130065895e-05,2.63862972281282e-05,0.000608342993995372,0.00315886681883516,-0.0028423558188113564,0.0019984834733607366,-0.00010500604565937311,4.092544673572172e-05,0.025167898994254444,-0.005723326079716267,-0.0006047260127786702,-0.00024012222081428364,-0.0006249020051144602,-0.002210099986625339,-0.0017769722707731037,0.008015893807464028,-0.0038034670631019447,-0.001604202379293238,0.004247226039590948,-0.0034218000054775416,-0.0021903452063604368,0.004247226039590948,-0.004000285908719424,-0.001180446114698349,0.004247226039590948,-0.0040864704394046126,-0.0009472986380292209,0.004247226039590948,9.460792380857183e-05,6.528216843574531e-05,-0.00011109345520728089,8.607997606805054e-05,8.62939904496781e-05,-0.00011109345520728089,0.0014769856367082995,1.8557183767989824e-05,0.002472969103294726,1.8557183767989824e-05,1.8557183767989824e-05,1.855718376798982e-05,1.855718376798982e-05,-0.0021742384478399893,0.0023265183481902584,-1.3316093234721829e-05,-7.694756517017973e-07,-0.002230181213225041,0.002208828660103394,-0.002208828660103395,-3.9436474136056256e-05,-0.00034127844301781046,-8.164386255234756e-05,0.00035315157785554527,0.03270037652663966,-0.03270037652663966
dst_ip_bytes,0.34327442519333073,0.012558038044971577,0.007235152035762709,0.003214297796768165,0.43058813900151244,0.15776668965863033,0.6299505457649613,1.0,-0.001270963443839934,-0.0032461468883921065,-0.0026694299692620574,1.086198153336188e-05,0.045642035603336975,0.02485395028688241,-0.007576379471480791,0.0007531285965258832,0.0007531285965258832,0.0002443151218201884,0.0002443151218201884,0.028758961528571624,0.028758961528571624,0.00016678374610713006,0.001424164936603394,0.03615053392464962,0.0023199438950668944,0.0120694555813916,-0.012637469903638412,-0.000254136728330265,-0.00017797632741652157,-0.008297544804603681,-0.0004323303592964527,-0.00039826609730593825,0.02219038034800708,-0.009177712016979932,-0.00027297229777162665,-5.773256688439189e-05,0.0056915814822697,-0.0002713982291838894,-0.006221829732460271,0.01699238826658814,-0.0002035514314853701,0.0009242175960872486,0.0102264299587742,-0.011205488720551313,0.0006782241362699989,-0.00022197003358082745,-0.00045883644538327183,0.01164908635476826,-0.0034737766648679485,0.0024224703283223775,-0.006867815186107951,-0.00278467473206524,0.007619179236017482,-0.005805751147959344,-0.004388768977604775,0.007619179236017482,-0.007136570603544796,-0.002220647853633951,0.007619179236017482,-0.007203382093503667,-0.0021003879342345088,0.007619179236017482,0.000688033741472699,0.00015740305748318656,-0.0007009189134662239,0.0006641343316589399,0.00022512466377500143,-0.0007009189134662239,0.01756172946324925,0.0003145769228136243,0.03572042536533787,0.0003145769228136243,0.0003145769228136243,0.00031457692281362435,0.00031457692281362435,-0.027900378188743212,0.02993821527696774,-1.9823947362648696e-05,0.000152653195414109,-0.02875896152857163,0.028292404701837238,-0.028292404701837234,-6.0869564033029134e-05,-0.00028517356017137245,-5.199691083956275e-05,0.0002944635734836741,0.03615053392464962,-0.03615053392464963
dns_qclass,0.00042610164953005904,-0.0006430710071907533,-0.0006281648533790397,-0.00027690464511974546,-0.00030266950672944506,-0.00041614992019213727,-0.0006492505276619588,-0.001270963443839934,1.0,0.043005275308040415,-0.010286218099531634,-0.00027041542081300844,-0.0004073890237194965,-0.0013998749261301421,0.13797262567473406,-0.0015767232021868442,-0.0015767232021868442,-0.0002615020430239042,-0.0002615020430239042,-0.001416635858144482,-0.001416635858144482,-0.00033759955905215153,-0.0011696576640254106,-0.0028905394303013823,-0.006462880165645751,-0.08648466865074182,0.08842046717372373,-0.0008868740797925997,-0.0006316128457083337,0.12325061662363568,-0.0030958708737996708,-0.0014484904287062588,-0.024667743790282325,-0.08741518479442316,-0.0010072666871768243,-0.00044018024563437,-0.004233866452922594,-0.03983304055035824,-0.020676944583999154,-0.0036213426689116535,-0.0007772589139386291,-0.0042770962728070905,-0.004313240348113514,0.11331107948915645,-0.011138106558940142,-0.0025260314840377237,-0.007439784594777068,-0.03797756766359209,-0.011280651805769199,-0.012649847990172483,0.14705989549485382,0.0012524211357696567,-0.13712782024492517,0.17321286691080756,-0.01592537771069126,-0.13712782024492517,0.14732348644752652,-0.009133114700112913,-0.13712782024492517,0.14407501647739704,-0.007615103554501899,-0.13712782024492517,-0.002253430095593896,-0.0008060604533302695,0.002393593108876554,-0.002238168225675124,-0.0008474304721229406,0.002393593108876554,-0.0013632887906073787,-0.00010675702159366129,-0.00046535468770917933,-0.00010675702159366129,-0.0001067570215936613,-0.00010675702159366129,-0.00010675702159366129,0.0014602571108622863,-0.0013590986034353978,-0.00018490909844230403,-0.00035407789582802483,0.001416635858144488,-0.0014405926905972982,0.0014405926905972863,-0.00028215352734264605,-0.002452736709646609,-0.0005844646676568659,0.0025373957516985355,-0.0028905394303013823,0.0028905394303013836
dns_qtype,-0.0031219391590205175,-0.0018848693659445713,-0.0018328220313918394,-0.0008094035193751071,-0.001945631873711856,-0.0016386782234270587,-0.0017962100755049989,-0.0032461468883921065,0.043005275308040415,1.0,0.013900545141041718,-0.0007904352532789694,-0.0011908146553870592,-0.004091891240772449,0.4032995862177024,-0.004608825931318418,-0.004608825931318418,-0.0007643810881387909,-0.0007643810881387909,-0.004140884125505602,-0.004140884125505602,-0.0009868172168730498,-0.003418956837350369,-0.005727961470667286,-0.018891261102214296,-0.2527981975442387,0.2584566152158729,-0.0025923689402763354,-0.0018462299900305218,0.3602665560817139,-0.009049356249335158,-0.004233996328479743,-0.0721048165525104,-0.2555181340090305,-0.0029442814193227198,-0.0012866647282922077,-0.012375763527108053,-0.11643359465829252,-0.060439548455300966,-0.01058533163939081,-0.0022719593603622713,-0.012502126045661262,-0.012607776645147995,0.15943230765991612,-0.03255713765322475,-0.007383692578895739,-0.02174679240863256,0.05646217869827432,-0.03297380319671475,-0.036976019229933495,0.30714984605346907,0.2593163310664021,-0.4008301856492127,0.44993144138046265,0.03131179964853103,-0.4008301856492127,0.4252490434142084,-0.012697184389691639,-0.4008301856492127,0.41690394304655365,-0.008936208030028436,-0.4008301856492127,-0.0065868676534867774,-0.0023561474292800454,0.006996569831607,-0.006542256588117295,-0.002477073673738442,0.006996569831607,-0.003984948481326699,-0.0003120551082071996,-0.0013602506445011995,-0.0003120551082071995,-0.0003120551082071995,-0.00031205510820719943,-0.00031205510820719943,0.004268390818121976,-0.003972700394111022,-0.00054049680162987,-0.0010349840642514183,0.004140884125505573,-0.004210910919357246,0.004210910919357248,0.0002934880612583708,-0.005675540505584802,-0.0005023413234043817,0.005570253231113852,-0.005727961470667286,0.0057279614706672935
dns_rcode,-0.002729743476976818,-0.0016276381551969337,-0.0015809682011918853,-0.0006983915319260934,-0.0021951208237128202,-0.001536517215422998,-0.0013519435072377553,-0.0026694299692620574,-0.010286218099531633,0.01390054514104172,0.9999999999999999,-0.0006820248173026051,-0.0010274910492826723,-0.0035306767560441734,0.33645545912323405,-0.003976712388203136,-0.003976712388203136,-0.0006595440547784202,-0.0006595440547784202,-0.0035729501277348336,-0.0035729501277348336,-0.0008514724378207577,-0.0029500372139100546,-0.007302225162003713,-0.016300271082805844,-0.21812620803451116,0.223008557680112,-0.0022368181904064773,-0.001593014312590149,0.3108549765114711,-0.007808211383609385,-0.0036532917280856017,-0.06221543653558211,-0.22047309750177252,-0.0025404648752328685,-0.0011101950129411792,-0.010678392472428404,-0.1004643970461691,-0.05215009303049106,-0.009133523394224316,-0.0019603536927814253,-0.010787424013307519,-0.010878584333540917,-0.0913324186477409,-0.028091833920266485,-0.006370998207948929,-0.018764158174737516,0.26188305888391566,-0.028451352603164053,-0.008797110718321866,0.38564772302021977,-0.027555319758794307,-0.34585518928049513,0.17988000776026652,0.3147597219860523,-0.34585518928049513,0.3697346425787948,-0.01826213219627237,-0.34585518928049513,0.16023465479693022,0.6201417421729297,-0.34585518928049513,-0.005683460080164443,-0.0020329951293627585,0.006036970442995339,-0.0056449675488888474,-0.0021373359965516634,0.006036970442995339,-0.0034384014992534205,-0.00026925586539880403,-0.0011736884121162432,-0.0002692558653988041,-0.0002692558653988041,-0.0002692558653988041,-0.0002692558653988041,0.003682968915960478,-0.0034278332719243124,-0.0004663661329059616,-0.0008930330655217493,0.0035729501277348644,-0.0036333725482744768,0.003633372548274524,-0.0007123899878733304,-0.006197425508655429,-0.0014748344401412864,0.006410826419740633,-0.007302225162003713,0.007302225162003721
http_request_body_len,-7.436974476962091e-05,-4.187607019005005e-05,-3.940163589816409e-05,-1.610741166360359e-05,8.723090771314413e-06,8.512924569290371e-06,-6.784082330532445e-06,1.086198153336188e-05,-0.00027041542081300844,-0.0007904352532789693,-0.000682024817302605,1.0,0.0032906164395314504,0.2374622327961255,-0.0019599208139337745,-0.00010378469706371027,-0.00010378469706371027,-1.7212856561718402e-05,-1.7212856561718402e-05,0.19088562474142018,0.19088562474142018,0.8009945912614402,0.03771204999384418,-0.00019057431172989745,-0.0004254063485717193,0.0031267440233256837,-0.0030582898898476535,-5.8376738274205094e-05,-4.157467066030922e-05,-0.002194028948664542,-0.0002037795983087072,-9.534402749604751e-05,0.010962308637222834,-0.005753932243829709,-6.630134436153527e-05,-2.8973997073950075e-05,-0.00027868591431605015,-0.002621931383334398,-0.0013610191229996033,-0.00023836774351744785,-5.116153603327856e-05,-0.00028153143200399644,-0.00028391054452110145,-0.0023836039612949297,-0.0007331439110426269,-0.00016627104363063324,-0.0004897091571413936,0.007095434717004156,-0.0007425266709585566,-0.0008326513111122651,-0.0017664376142551813,-0.0007438333459200917,0.0019719953276440653,-0.0015603923575737873,-0.0010561442578340564,0.0019719953276440653,-0.0018351935748359017,-0.0006056746447972699,0.0019719953276440653,-0.0018766764244901352,-0.000504917850516786,0.0019719953276440653,-0.00014832759453344935,-5.305734059592058e-05,0.00015755354862159192,-0.00014732301202718045,-5.578044054267094e-05,0.00015755354862159192,0.19835520006918592,-7.027070528394221e-06,-3.063105510471963e-05,-7.027070528394219e-06,-7.027070528394219e-06,-7.027070528394218e-06,-7.027070528394215e-06,-0.18518343023395833,-8.945998678881593e-05,-1.217127694927109e-05,0.763717317571138,-0.19088562474142018,0.18771122648198185,-0.18771122648198185,-1.8592035798712008e-05,-0.00016174112337083213,-3.8490398763373707e-05,0.0001673104848805636,-0.00019057431172989745,0.0001905743117298972
http_response_body_len,0.0003323152588599673,-5.2144052338351895e-05,0.005331945156170396,0.014173388397329742,0.020102378218262718,0.0026802495419211577,0.003157152924274799,0.04564203560333697,-0.0004073890237194965,-0.0011908146553870592,-0.0010274910492826723,0.003290616439531451,1.0,0.2580448766970906,-0.0029526800822063477,-0.00015635479029520532,-0.00015635479029520532,-2.593168987559803e-05,-2.593168987559803e-05,0.28751540296618433,0.28751540296618433,0.012639943526758946,0.017368813324727554,-0.00019992020265599693,-0.0006408875518550247,0.004710534596191694,-0.0046074063702816834,-8.794632473975039e-05,-6.26335008589411e-05,-0.003305371079509702,-0.0003070001383772491,-0.00014363866588052178,0.016511124007548558,-0.008665713401475365,-9.98849838871181e-05,-4.3650204362312064e-05,-0.00041984877273733084,-0.003950019060691007,-0.002050416541021821,0.0495981959271491,-7.70764039784528e-05,-0.00042413563133950484,-0.0004277198364219793,-0.0035909715792330813,-0.0011016260618966754,-3.85592299102693e-05,-0.0006831741628528094,0.004247357673977839,-0.0011186389247256705,-0.001247486395926968,-0.0026611917802958508,-0.00112060747014103,0.002970870702909587,-0.002350778358941762,-0.0015911133204326278,0.002970870702909587,-0.0027647747178800287,-0.0009124672013665936,0.002970870702909587,-0.0028272698876116026,-0.0007606740383449593,0.002970870702909587,-0.00022346001476531398,-7.993249098567798e-05,0.00023735919410038626,-0.00022194658078568974,-8.403492355207343e-05,0.00023735919410038626,0.033584511767125194,0.0028183180165744894,0.7734501542177812,0.0028133555098790596,0.002822729133637093,0.0028150096787775357,0.0028122527306134078,-0.2789844477997,0.2965379299342666,-1.833639745424174e-05,0.012048538007876053,-0.28751540296618433,0.2827926494272123,-0.2827926494272123,-2.8009465178513137e-05,-0.00024366790232315395,-5.798695180785719e-05,0.0002520583141619788,-0.00019992020265599693,0.00019992020265599658
http_status_code,0.000589945681180574,-0.00021305684247961029,0.0026762424167153607,0.0074973615935235785,0.011913781269646227,0.001429432059105934,0.001822967141874728,0.024853950286882406,-0.0013998749261301421,-0.004091891240772449,-0.003530676756044173,0.2374622327961255,0.25804487669709053,1.0,-0.010146033818550873,-0.0005372681583716366,-0.0005372681583716366,-8.910677592046897e-05,-8.910677592046897e-05,0.9336495675569072,0.9336495675569072,0.26077330003939575,0.787106817125517,0.003871129783229885,-0.0022022252983638748,0.016186394050757766,-0.015832023635203547,-0.0003022021892598774,-0.00021522196790592273,-0.011357954746829924,-0.001054917464660769,-0.0004935728629924313,0.05315626607906532,-0.027261035069131537,-0.00034322594939809856,-0.00014999134254861286,-0.0014426892613733657,-0.013573101676408008,-0.007045665289880787,0.03681177352923319,-0.00026485084045859705,0.0010311983460260592,-0.0014697359024279666,-0.012339338522963055,-0.0021563370969491713,0.010324927005534456,0.0041854931002671975,0.025352158333492858,-0.003843880151260133,0.0020297692223342,-0.009144418307707809,-0.0038506444900309107,0.010208540642079858,-0.008077772080177003,-0.005467402193533142,0.010208540642079858,-0.009500351208832816,-0.003135430465079779,0.010208540642079858,-0.009715097841701648,-0.002613837023676089,0.010208540642079858,-0.0007678559152295967,-0.0002746649600236331,0.000815616437757458,-0.0007626554356950909,-0.00028876178677020536,0.000815616437757458,0.9012275661466811,0.06569996205782543,0.2922683633406771,0.06569996205782541,0.06569996205782541,0.0656999620578254,0.0656999620578254,-0.9586496211640007,0.8824130440703837,0.13315201731600476,0.27855595822887996,-0.9336495675569072,0.9717354081184854,-0.9717354081184854,-9.624645170782517e-05,-0.0008372944947082687,-0.00019925544173332477,0.0008661257259619269,0.003871129783229885,-0.003871129783229885
dns_query,-0.0077293631213165084,-0.004676952024943365,-0.004541525595813397,-0.002006953508100494,-0.006143149236838747,-0.004364094437810377,-0.004221903155762859,-0.007576379471480792,0.13797262567473403,0.4032995862177024,0.3364554591232341,-0.001959920813933775,-0.002952680082206348,-0.010146033818550873,1.0,-0.011427797321940493,-0.011427797321940493,-0.001895318304954058,-0.001895318304954058,-0.010267513945006464,-0.010267513945006464,-0.002446858986709631,-0.008477461803059649,0.009295520208226236,-0.046841756718333585,-0.626824837374809,0.6408551460212979,-0.006427898834681586,-0.004577812755389028,0.893297609006823,-0.022438297877276015,-0.010498389964115208,-0.1787872316675007,-0.6335690457939118,-0.007300482122819179,-0.0031903447765940685,-0.03068627876158429,-0.28870248975520135,-0.14986265922592706,-0.02624681998477614,-0.00563342844377687,-0.030999600477925212,-0.031261566031813785,0.07051601697658544,-0.0807269304651608,-0.018308207672967865,-0.053922178826371035,0.4543440512374982,-0.08176007197516695,-0.08633276618032919,0.8880528344394513,0.37952214223753494,-0.9938770069375727,0.7816674817132188,0.5388708820915424,-0.9938770069375727,0.9234786776068562,0.309030161061258,-0.9938770069375727,0.9475355549241233,0.2491295847754046,-0.9938770069375727,-0.01633244337109494,-0.005842176659234704,0.017348318894208344,-0.016221828168665065,-0.006142018882214453,0.017348318894208344,-0.009880864294206454,-0.0007737550914290769,-0.0033728044634465143,-0.0007737550914290769,-0.0007737550914290769,-0.0007737550914290768,-0.000773755091429077,0.010583672693921076,-0.009850494594771367,-0.0013401868489349685,-0.0025662909152917644,0.010267513945006393,-0.010441148623158182,0.010441148623158265,0.0028956607222818133,0.011588936757790144,-0.002646404755502506,-0.010916873040875933,0.009295520208226236,-0.009295520208226236
ssl_version,0.008511196911371916,-0.0002460069735205756,-0.0002040126335078014,-7.122532013048181e-05,0.00023603665636744966,-6.0773947371443435e-05,0.0001717916837023083,0.0007531285965258832,-0.001576723202186844,-0.004608825931318418,-0.003976712388203136,-0.00010378469706371027,-0.00015635479029520532,-0.0005372681583716366,-0.011427797321940493,1.0,1.0,0.16585158552952853,0.16585158552952853,-0.0005437009581224038,-0.0005437009581224038,-0.0001295697851096179,-0.0004489114044019669,0.011404872097682678,-0.0024804356871880257,0.018231245222829495,-0.01783210666698901,-0.00034037984012967674,-0.00024241127838161916,-0.012792822018908162,-0.0011881867528843423,-0.0005559266549629003,-0.009467412430927621,-0.009649362107330788,-0.00038658619274269,-0.00016893997135681912,0.1991171850670294,-0.01478440704934982,-0.007935754637814452,0.02666069703183612,-0.000298309840025619,0.034028109675159346,0.005082381515542812,-0.013898185463309806,-0.00026094189519224547,-0.0009694839575200232,-0.002855368928542424,0.007464236306846523,-0.0043294832329569795,0.04563760622090909,-0.010299646237770256,-0.0043371021206792355,0.011498200725211358,-0.009098249010003471,-0.0061581072232373526,0.011498200725211358,-0.010700544670301414,-0.00353153404697467,0.011498200725211358,-0.010942420563865466,-0.0029440469323628255,0.011498200725211358,0.5165241826089199,0.511225085171749,-0.6587264963036662,0.5006366534741699,0.5374630568939152,-0.6587264963036662,-0.0005232264998724891,-4.097305217361943e-05,-0.00017860185320004013,-4.097305217361943e-05,-4.097305217361943e-05,-4.0973052173619424e-05,-4.097305217361941e-05,0.0005604426753116458,-0.0005216183175248366,-7.096760498517624e-05,-0.0001358941255827142,0.0005437009581224314,-0.000552895524731248,0.000552895524731249,-0.00010840540872847274,-0.0009430711503058155,-0.00022442767727214472,0.0009755446737733773,0.011404872097682678,-0.011404872097682678
ssl_cipher,0.008511196911371916,-0.0002460069735205756,-0.0002040126335078014,-7.122532013048181e-05,0.00023603665636744966,-6.0773947371443435e-05,0.0001717916837023083,0.0007531285965258832,-0.001576723202186844,-0.004608825931318418,-0.003976712388203136,-0.00010378469706371027,-0.00015635479029520532,-0.0005372681583716366,-0.011427797321940493,1.0,1.0,0.16585158552952853,0.16585158552952853,-0.0005437009581224038,-0.0005437009581224038,-0.0001295697851096179,-0.0004489114044019669,0.011404872097682678,-0.0024804356871880257,0.018231245222829495,-0.01783210666698901,-0.00034037984012967674,-0.00024241127838161916,-0.012792822018908162,-0.0011881867528843423,-0.0005559266549629003,-0.009467412430927621,-0.009649362107330788,-0.00038658619274269,-0.00016893997135681912,0.1991171850670294,-0.01478440704934982,-0.007935754637814452,0.02666069703183612,-0.000298309840025619,0.034028109675159346,0.005082381515542812,-0.013898185463309806,-0.00026094189519224547,-0.0009694839575200232,-0.002855368928542424,0.007464236306846523,-0.0043294832329569795,0.04563760622090909,-0.010299646237770256,-0.0043371021206792355,0.011498200725211358,-0.009098249010003471,-0.0061581072232373526,0.011498200725211358,-0.010700544670301414,-0.00353153404697467,0.011498200725211358,-0.010942420563865466,-0.0029440469323628255,0.011498200725211358,0.5165241826089199,0.511225085171749,-0.6587264963036662,0.5006366534741699,0.5374630568939152,-0.6587264963036662,-0.0005232264998724891,-4.097305217361943e-05,-0.00017860185320004013,-4.097305217361943e-05,-4.097305217361943e-05,-4.0973052173619424e-05,-4.097305217361941e-05,0.0005604426753116458,-0.0005216183175248366,-7.096760498517624e-05,-0.0001358941255827142,0.0005437009581224314,-0.000552895524731248,0.000552895524731249,-0.00010840540872847274,-0.0009430711503058155,-0.00022442767727214472,0.0009755446737733773,0.011404872097682678,-0.011404872097682678
ssl_subject,0.01982669555708288,-4.007347670489579e-05,-3.7908973616544154e-05,-1.762591764696652e-05,0.00034865609203931777,6.284729761705901e-05,7.840345665017075e-05,0.0002443151218201884,-0.0002615020430239042,-0.0007643810881387909,-0.0006595440547784202,-1.72128565617184e-05,-2.5931689875598026e-05,-8.910677592046896e-05,-0.0018953183049540579,0.16585158552952853,0.16585158552952853,1.0,1.0,-9.017366595853359e-05,-9.017366595853359e-05,-2.148935429715272e-05,-7.445266818236199e-05,-0.00018429264024740107,-0.00041138419152420594,0.0030236809263841755,-0.0029574831640519516,-5.645253616779637e-05,-4.020429486983265e-05,-0.002121709815233164,-0.00019706265687104884,-9.220131716372982e-05,-0.0015701853625314178,-0.00556427230613825,-6.411593301020325e-05,-2.8018962108843178e-05,0.06176435792947026,-0.002535507817376198,-0.001316157489054903,0.011843132741844597,-4.9475159947311644e-05,-0.00027225165052772375,-0.00027455234322467834,-0.002305036095073519,0.011384581717762916,-0.00016079045150015604,-0.00047356746407053974,0.0006699149188909591,-0.0007180516587094919,-0.0008052056289088608,-0.001708212658927539,-0.0007193152633181653,0.0019069948210132352,-0.0015089590238516499,-0.001021331846834842,0.0019069948210132352,-0.0017747022995991588,-0.0005857105210422976,0.0019069948210132352,-0.0018148178000481627,-0.0004882748516057418,0.0019069948210132352,0.11604621928819052,-5.130847538773704e-05,-0.10925083384228135,-0.00014246698103870947,0.30858229863837516,-0.10925083384228135,-8.677794459492178e-05,-6.79544566697893e-06,-2.9621400531740515e-05,-6.795445666978931e-06,-6.795445666978931e-06,-6.79544566697893e-06,-6.795445666978932e-06,9.295030629885615e-05,-8.651122500274636e-05,-1.1770089808024936e-05,-2.2538256192044325e-05,9.017366595853492e-05,-9.169859940886656e-05,9.169859940886693e-05,-1.79792089175963e-05,-0.0001564098455453887,-3.722168611229843e-05,0.00016179563090021727,-0.00018429264024740107,0.00018429264024740088
ssl_issuer,0.01982669555708288,-4.007347670489579e-05,-3.7908973616544154e-05,-1.762591764696652e-05,0.00034865609203931777,6.284729761705901e-05,7.840345665017075e-05,0.0002443151218201884,-0.0002615020430239042,-0.0007643810881387909,-0.0006595440547784202,-1.72128565617184e-05,-2.5931689875598026e-05,-8.910677592046896e-05,-0.0018953183049540579,0.16585158552952853,0.16585158552952853,1.0,1.0,-9.017366595853359e-05,-9.017366595853359e-05,-2.148935429715272e-05,-7.445266818236199e-05,-0.00018429264024740107,-0.00041138419152420594,0.0030236809263841755,-0.0029574831640519516,-5.645253616779637e-05,-4.020429486983265e-05,-0.002121709815233164,-0.00019706265687104884,-9.220131716372982e-05,-0.0015701853625314178,-0.00556427230613825,-6.411593301020325e-05,-2.8018962108843178e-05,0.06176435792947026,-0.002535507817376198,-0.001316157489054903,0.011843132741844597,-4.9475159947311644e-05,-0.00027225165052772375,-0.00027455234322467834,-0.002305036095073519,0.011384581717762916,-0.00016079045150015604,-0.00047356746407053974,0.0006699149188909591,-0.0007180516587094919,-0.0008052056289088608,-0.001708212658927539,-0.0007193152633181653,0.0019069948210132352,-0.0015089590238516499,-0.001021331846834842,0.0019069948210132352,-0.0017747022995991588,-0.0005857105210422976,0.0019069948210132352,-0.0018148178000481627,-0.0004882748516057418,0.0019069948210132352,0.11604621928819052,-5.130847538773704e-05,-0.10925083384228135,-0.00014246698103870947,0.30858229863837516,-0.10925083384228135,-8.677794459492178e-05,-6.79544566697893e-06,-2.9621400531740515e-05,-6.795445666978931e-06,-6.795445666978931e-06,-6.79544566697893e-06,-6.795445666978932e-06,9.295030629885615e-05,-8.651122500274636e-05,-1.1770089808024936e-05,-2.2538256192044325e-05,9.017366595853492e-05,-9.169859940886656e-05,9.169859940886693e-05,-1.79792089175963e-05,-0.0001564098455453887,-3.722168611229843e-05,0.00016179563090021727,-0.00018429264024740107,0.00018429264024740088
http_uri,0.0004408470747275681,-0.00021498970146667637,0.003019804839600446,0.008387868843743769,0.013814936502249462,0.0016508489231627705,0.0022301812132250426,0.028758961528571624,-0.0014166358581444818,-0.004140884125505602,-0.003572950127734834,0.19088562474142018,0.28751540296618433,0.9336495675569073,-0.010267513945006464,-0.0005437009581224038,-0.0005437009581224038,-9.017366595853359e-05,-9.017366595853359e-05,0.9999999999999999,0.9999999999999999,0.23831075368537685,0.7843555601527333,0.004573158688439254,-0.0022285929029384325,0.016380196400652254,-0.016021583050009888,-0.00030582050562101955,-0.00021779885581550085,-0.011493945401266538,-0.0010675481644296196,-0.0004994824918073556,0.057428675690339166,-0.030143350247689743,-0.00034733544996565165,-0.00015178721348555886,-0.0014599628164434625,-0.013735614648228284,-0.007130024195605473,0.0411168841054311,-0.0002680219429964092,0.0004154101769138449,-0.0014873332913659496,-0.012487079446259238,-0.00011833604160041106,0.008703140118258065,0.004013371576701992,0.027451575114031145,-0.0038899035585546094,-0.0043620430414297645,-0.00925390592742684,-0.0038967488878625667,0.010330769172982111,-0.008174488569726288,-0.005532864296432755,0.010330769172982111,-0.009614100471535918,-0.003172971488124043,0.010330769172982111,-0.009831418301049851,-0.002645132922925887,0.010330769172982111,-0.0007770495800005035,-0.0002779535686241012,0.0008253819470953773,-0.0007717868342718249,-0.00029221917898864474,0.0008253819470953773,0.8973673487906001,0.07535953645384409,0.3284928057085319,0.0753595364538441,0.0753595364538441,0.0753595364538441,0.0753595364538441,-0.9701276902585617,0.9593845839929128,0.13052690808243092,0.24994277378506852,-0.9999999999999999,0.9554193908664769,-0.9554193908664769,-9.739882625470847e-05,-0.0008473195589764056,-0.0002016411598071524,0.0008764959912890735,0.004573158688439254,-0.004573158688439256
http_user_agent,0.0004408470747275681,-0.00021498970146667637,0.003019804839600446,0.008387868843743769,0.013814936502249462,0.0016508489231627705,0.0022301812132250426,0.028758961528571624,-0.0014166358581444818,-0.004140884125505602,-0.003572950127734834,0.19088562474142018,0.28751540296618433,0.9336495675569073,-0.010267513945006464,-0.0005437009581224038,-0.0005437009581224038,-9.017366595853359e-05,-9.017366595853359e-05,0.9999999999999999,0.9999999999999999,0.23831075368537685,0.7843555601527333,0.004573158688439254,-0.0022285929029384325,0.016380196400652254,-0.016021583050009888,-0.00030582050562101955,-0.00021779885581550085,-0.011493945401266538,-0.0010675481644296196,-0.0004994824918073556,0.057428675690339166,-0.030143350247689743,-0.00034733544996565165,-0.00015178721348555886,-0.0014599628164434625,-0.013735614648228284,-0.007130024195605473,0.0411168841054311,-0.0002680219429964092,0.0004154101769138449,-0.0014873332913659496,-0.012487079446259238,-0.00011833604160041106,0.008703140118258065,0.004013371576701992,0.027451575114031145,-0.0038899035585546094,-0.0043620430414297645,-0.00925390592742684,-0.0038967488878625667,0.010330769172982111,-0.008174488569726288,-0.005532864296432755,0.010330769172982111,-0.009614100471535918,-0.003172971488124043,0.010330769172982111,-0.009831418301049851,-0.002645132922925887,0.010330769172982111,-0.0007770495800005035,-0.0002779535686241012,0.0008253819470953773,-0.0007717868342718249,-0.00029221917898864474,0.0008253819470953773,0.8973673487906001,0.07535953645384409,0.3284928057085319,0.0753595364538441,0.0753595364538441,0.0753595364538441,0.0753595364538441,-0.9701276902585617,0.9593845839929128,0.13052690808243092,0.24994277378506852,-0.9999999999999999,0.9554193908664769,-0.9554193908664769,-9.739882625470847e-05,-0.0008473195589764056,-0.0002016411598071524,0.0008764959912890735,0.004573158688439254,-0.004573158688439256
http_orig_mime_types,-9.251379237515021e-05,-5.2499176281497666e-05,-4.448353309559545e-05,-1.4658866236092804e-05,3.2661903105476095e-05,-2.92681005364174e-06,1.7174224480120618e-07,0.00016678374610713006,-0.00033759955905215153,-0.0009868172168730498,-0.0008514724378207577,0.8009945912614402,0.012639943526758946,0.26077330003939575,-0.002446858986709631,-0.0001295697851096179,-0.0001295697851096179,-2.148935429715272e-05,-2.148935429715272e-05,0.23831075368537685,0.23831075368537685,1.0,0.14426748256125455,-0.00023792209561586755,-0.0005310976543571368,0.0039035769497539653,-0.0038181155318807326,-7.288031518698852e-05,-5.1903809481205896e-05,-0.002739130791394405,-0.0002544082076606675,-0.00011903204907526185,0.013685870986918033,-0.007183484516129276,-8.277377286296436e-05,-3.617252524554701e-05,-0.00034792483913927396,-0.0032733446791512527,-0.001699161439849728,-0.00029758970424763017,-6.387251123969247e-05,-0.00035147731966659457,-0.0003544475176467718,-0.0029758053141672293,-0.0009152919620693883,-0.00020758073206060535,-0.0006113763594460569,0.008858280435864454,-0.0009270058488026081,-0.0010395217648111591,-0.0022053052960986654,-0.0009286371643892021,0.0024619333877630542,-0.0019480685320439819,-0.0013185410605217984,0.0024619333877630542,-0.0022911435293786397,-0.0007561532267570584,0.0024619333877630542,-0.002342932705119445,-0.0006303636204604619,0.0024619333877630542,-0.00018517927106082054,-6.623932442835298e-05,0.00019669739389060784,-0.0001839251021597693,-6.963897278610648e-05,0.00019669739389060784,0.24763612917388447,-8.772931309471162e-06,-3.824127583243677e-05,-8.772931309471162e-06,-8.772931309471162e-06,-8.77293130947116e-06,-8.77293130947116e-06,-0.23119186103657066,-0.00011168613092372445,-1.5195204914060754e-05,0.9534612666589983,-0.23831075368537685,0.23434768290553837,-0.23434768290553837,-2.3211187692831934e-05,-0.00020192536271203257,-4.805325676763796e-05,0.0002088784202863108,-0.00023792209561586755,0.00023792209561586728
http_resp_mime_types,0.0001272610187751239,-0.00018314049593443424,-0.00012790919836340136,2.728778372808099e-05,0.00033275150207191356,-6.133752564689335e-05,5.055672575279396e-05,0.001424164936603394,-0.0011696576640254108,-0.003418956837350369,-0.0029500372139100546,0.03771204999384418,0.017368813324727554,0.787106817125517,-0.00847746180305965,-0.0004489114044019669,-0.0004489114044019669,-7.445266818236199e-05,-7.445266818236199e-05,0.7843555601527332,0.7843555601527332,0.14426748256125455,1.0,0.005922618822850774,-0.0018400570294252738,0.013524451007021073,-0.013228358788552058,-0.0002525033488029033,-0.00017982751139324454,-0.00949007555554178,-0.0008814303866887026,-0.0004124020447669607,0.04469449957819237,-0.022974687953914608,-0.0002867805221111395,-0.00012532442725753757,-0.0012054309423466707,-0.01134092918164839,-0.005886966221510177,-0.0010310383084787995,-0.00022129463824482144,-0.0012177389740477811,-0.0012280296119885994,-0.010310065280107897,-0.002269604964155755,0.010874829306527004,0.0031929668180604182,0.02584417444790729,-0.0032117325588119023,0.0012017276965250604,-0.007640567565727276,-0.0032173844642341,0.008529689029813797,-0.006749337276829822,-0.004568257319712105,0.008529689029813797,-0.00793796531027468,-0.0026197913863902182,0.008529689029813797,-0.008117395658136599,-0.0021839769040708714,0.008529689029813797,-0.0006415777148022774,-0.00022949477094998087,0.0006814837522416038,-0.0006372324832172309,-0.00024127329568444516,0.0006814837522416038,0.7792850249269168,0.0912720233254066,0.1255479139060083,0.0912720233254066,0.0912720233254066,0.09127202332540658,0.09127202332540658,-0.8009943285499432,0.7816878291244883,-5.264576747098704e-05,0.13754467371980564,-0.7843555601527332,0.8119280846416096,-0.8119280846416096,-8.041818434916263e-05,-0.0006995967314659883,-0.0001664867697619436,0.000723686505466278,0.005922618822850774,-0.005922618822850774
weird_name,0.018323636583058866,0.0001621655070926441,-0.0002600582114558124,-0.00019346939045893213,0.02919694018039155,0.017112598497557776,0.03270037652663966,0.036150533924649626,-0.0028905394303013823,-0.005727961470667285,-0.007302225162003713,-0.00019057431172989742,-0.00019992020265599693,0.003871129783229885,0.009295520208226235,0.011404872097682678,0.011404872097682678,-0.00018429264024740107,-0.00018429264024740107,0.004573158688439255,0.004573158688439255,-0.00023792209561586755,0.005922618822850774,0.9999999999999999,-0.004554691946404839,-0.04396837284921266,0.04521908377613184,-0.0006250213720778389,-0.0004451269198654742,0.0679173123620665,-0.0021818040524655123,-0.0010208185083087993,-0.01701732675925712,-0.04689329093450975,-0.0007098676364685116,-0.0003102154717976313,0.006373359424195305,-0.02738583958515011,-0.01415076313500061,0.0007260017830376399,0.019754685467937374,-0.0011615860154259258,-0.0030397408853237375,-0.010863532878841118,-0.007849541217222186,-0.001780211757270319,-0.004705830395439842,-0.004864325117061108,-0.005787003400025412,0.13751793303609658,-0.014075675376772928,0.049620674670181726,-0.009046860748987296,0.013557987408286443,-0.003993042640029122,-0.009046860748987296,0.011981544103182485,-0.006484767883840759,-0.009046860748987296,0.01106323212448964,-0.005405996584362774,-0.009046860748987296,0.021195703914866734,-0.0005680682545553708,-0.019766156902890897,0.021361438080715493,-0.000597223629030533,-0.019766156902890897,0.0048285662817419,-7.523663351512172e-05,-0.000327957070842435,-7.523663351512172e-05,-7.523663351512172e-05,-7.52366335151217e-05,-7.52366335151217e-05,-0.0043761473892687235,0.0048493520837361494,-0.0001303140333575995,-0.0002495351451974102,-0.004573158688439312,0.004463712797533388,-0.004463712797533373,0.09755793228346199,0.848703699374167,0.2019705510883859,-0.8779277929005693,0.9999999999999999,-0.9999999999999999
proto_icmp,0.040190136855367535,-0.0009635595538708988,-0.0009687067585418379,-0.00043561492768710576,0.017016187731573627,0.0036470453765127813,0.00497988853327774,0.0023199438950668944,-0.00646288016564575,-0.0188912611022143,-0.016300271082805844,-0.00042540634857171937,-0.0006408875518550246,-0.0022022252983638748,-0.046841756718333585,-0.0024804356871880257,-0.0024804356871880257,-0.00041138419152420594,-0.00041138419152420594,-0.0022285929029384325,-0.0022285929029384325,-0.0005310976543571368,-0.0018400570294252736,-0.004554691946404838,0.9999999999999999,-0.1360541014544686,-0.07309258107568833,-0.001395193598032065,-0.0009936271888486836,-0.052436899243929226,-0.004870295932506441,-0.0022787051950084215,-0.03880627362809476,0.07393315224173667,-0.0015845902653832537,-0.0006924733450693223,-0.006660543480334713,0.1622492301956022,-0.03252811348055802,-0.005696946413325537,-0.0012227515556595503,-0.0067285508438613,-0.006785411207269539,-0.05696770812068491,-0.017522008275251577,-0.00397384818798744,-0.011703961220512784,-0.05995493800432142,-0.017746254558165222,-0.019900217329719864,-0.04221754287051107,-0.01777748385591178,0.04713033543523341,-0.03729309810834373,-0.02524165876152577,0.04713033543523341,-0.043860798024269974,-0.01447551562305874,0.04713033543523341,-0.044852230707505124,-0.012067446270536332,0.04713033543523341,-0.0035450029656075967,-0.0012680609454458253,0.003765501617297572,-0.0035209936234814514,-0.001333142546864917,0.003765501617297572,-0.0021446695041184454,-0.00016794572810977038,-0.0007320767354683534,-0.00016794572810977036,-0.00016794572810977036,-0.00016794572810977033,-0.00016794572810977033,0.0022972160523987467,-0.0021380776750751763,-0.00029089134099500094,-0.0005570206917981448,0.0022285929029384715,-0.0022662808002723565,0.002266280800272215,-0.00044434632847937687,-0.0038655839044234633,-0.0009199136424531994,0.003998690647849209,-0.004554691946404838,0.004554691946404829
proto_tcp,0.0023257844422339023,0.007441481114196182,0.007247537152573122,0.0032017772564752367,0.005570786322743557,0.005280887649285846,0.00572975914964701,0.0120694555813916,-0.08648466865074184,-0.25279819754423866,-0.21812620803451116,0.0031267440233256837,0.004710534596191694,0.016186394050757766,-0.626824837374809,0.018231245222829495,0.018231245222829495,0.0030236809263841755,0.0030236809263841755,0.016380196400652254,0.016380196400652254,0.0039035769497539658,0.013524451007021073,-0.04396837284921266,-0.1360541014544686,1.0,-0.978106895554183,0.01025469708826802,-0.013296474015832128,-0.7007909390828888,0.03579675938057787,0.016748522614520298,0.28522678267866636,0.38941997056871175,0.011646765870660257,0.005089691068968317,0.048955109835947704,0.3849702249334772,0.23908219695562963,0.04187265471913887,0.008987245092855742,0.04945496513468308,0.04987288978965659,-0.44882420537722756,0.12878706402772808,0.02920785294603829,0.08602431749865048,-0.15644625221618555,0.13043527808755015,-0.23998394096248296,-0.5649447479798396,-0.23789390508818123,0.6306865266017545,-0.4990470425251269,-0.3377776530330503,0.6306865266017545,-0.5869343832258909,-0.1937077804511351,0.6306865266017545,-0.600201490908763,-0.1614835901980083,0.6306865266017545,0.026055833140716668,0.009320269891828024,-0.027676502046192552,0.025879364060625323,0.009798620788444916,-0.027676502046192552,0.015763357967096634,0.001234404007776087,0.005380776673706794,0.001234404007776087,0.0012344040077760872,0.0012344040077760872,0.0012344040077760872,-0.016884577736654784,0.015714907909561933,0.0021380563899601195,0.004094111723523185,-0.016380196400652233,0.016657203098215563,-0.01665720309821549,-0.005946132993303417,-0.05081932573840325,-0.012310057515496596,0.0526306942594534,-0.04396837284921266,0.04396837284921266
proto_udp,-0.010783527081162321,-0.007288832483816164,-0.007092510625322453,-0.0031316804125870188,-0.009182390094802187,-0.00608228021059464,-0.006814124971481185,-0.012637469903638412,0.08842046717372373,0.2584566152158729,0.223008557680112,-0.0030582898898476535,-0.0046074063702816834,-0.015832023635203547,0.6408551460212979,-0.017832106666989006,-0.017832106666989006,-0.002957483164051952,-0.002957483164051952,-0.016021583050009888,-0.016021583050009888,-0.0038181155318807326,-0.013228358788552058,0.04521908377613184,-0.07309258107568833,-0.9781068955541831,1.0,-0.010030189933854435,0.013594090867030196,0.7164910743227124,-0.03501305718863774,-0.016381845459607726,-0.27898228293474225,-0.4075537282022502,-0.011391782008998047,-0.004978261930798542,-0.04788333050315369,-0.4216255830882686,-0.23384794544654555,-0.040955932315949885,-0.008790486397357735,-0.04837224241762553,-0.0487810174044778,0.46379143609497675,-0.1259675153837002,-0.02856840237085266,-0.08414097813077276,0.17008615366508206,-0.12757964492096213,0.24576862117233889,0.5775899858672857,0.24321871788194865,-0.6448032719822724,0.5102172827872422,0.34533817782939763,-0.6448032719822724,0.6000718182171066,0.19804356899189604,-0.6448032719822724,0.6136358854404128,0.1650981001483623,-0.6448032719822724,-0.025485390064344277,-0.009116220249623228,0.027070577496200517,-0.0253127844402549,-0.00958409856009863,0.027070577496200517,-0.01541824912470635,-0.001207379071905546,-0.005262974767989916,-0.001207379071905546,-0.001207379071905546,-0.001207379071905546,-0.001207379071905546,0.01651492191274291,-0.015370859789341558,-0.0020912476981037173,-0.0040044789079473125,0.016021583050009815,-0.01629252521101125,0.016292525211011287,0.006079226125825829,0.051971090087254,0.012585595267193904,-0.053822529188571784,0.04521908377613184,-0.045219083776131895
service_dce_rpc,-0.0002473620829177384,-0.0001393999350565312,-0.00013560300937775244,-5.9777618992539205e-05,-0.00023163154977203803,-0.0001390206063885888,-0.00012098188211766712,-0.000254136728330265,-0.0008868740797925997,-0.0025923689402763354,-0.0022368181904064773,-5.8376738274205094e-05,-8.794632473975038e-05,-0.00030220218925987736,-0.006427898834681585,-0.00034037984012967674,-0.00034037984012967674,-5.645253616779637e-05,-5.645253616779637e-05,-0.00030582050562101955,-0.00030582050562101955,-7.288031518698852e-05,-0.0002525033488029033,-0.0006250213720778388,-0.001395193598032065,0.010254697088268018,-0.010030189933854435,1.0,-0.0001363513133743839,-0.007195696898627269,-0.0006683303902831275,-0.00031269720637622353,-0.005325223016982562,-0.018871014635899956,-0.00021744671066783783,-9.502522790903169e-05,-0.0009139985917486292,0.020475575524255853,-0.004463697294560168,-0.0007817681866983978,-0.00016779309424688724,-0.0009233309584955121,-0.0009311336689251879,-0.007817440896705382,-0.002404472087821774,-0.0005453146065883673,-0.0016060857653754001,-0.006401390935039926,-0.0024352444695940963,-0.002730823793667534,-0.005793337262141257,-0.002439529935824521,0.006467499287952975,-0.005117576253891239,-0.00346380751504003,0.006467499287952975,-0.006018834310670896,-0.0019864146121671027,0.006467499287952975,-0.006154884481196322,-0.001655965302206584,0.006467499287952975,-0.00048646596600963854,-0.00017401071276103956,0.0005167240759854818,-0.0004831712641648171,-0.0001829415893811633,0.0005167240759854818,-0.0002943040477579803,-2.304649154168118e-05,-0.00010045983593464867,-2.304649154168118e-05,-2.304649154168118e-05,-2.3046491541681177e-05,-2.3046491541681177e-05,0.00031523737410228117,-0.00029339947856172656,-3.9917805026917866e-05,-7.643762545526969e-05,0.00030582050562101993,-0.0003109922585253934,0.0003109922585253899,-6.0975792692883886e-05,-0.0005304579506703659,-0.00012623591096057744,0.0005487236337039679,-0.0006250213720778388,0.0006250213720778405
service_dhcp,-9.661364163707305e-05,-9.925991370951195e-05,-9.646343479830791e-05,-4.2572348095206703e-05,-0.00013299960575424924,-6.217447208643172e-05,-9.484075188198862e-05,-0.00017797632741652157,-0.0006316128457083337,-0.001846229990030522,-0.001593014312590149,-4.157467066030922e-05,-6.26335008589411e-05,-0.00021522196790592276,-0.004577812755389028,-0.00024241127838161916,-0.00024241127838161916,-4.020429486983265e-05,-4.020429486983265e-05,-0.00021779885581550085,-0.00021779885581550085,-5.19038094812059e-05,-0.00017982751139324454,-0.0004451269198654742,-0.0009936271888486836,-0.013296474015832128,0.013594090867030196,-0.00013635131337438387,1.0,-0.005124622196715292,-0.00047597068095485455,-0.0002226962957475498,-0.003792510504506391,-0.01343953502212138,-0.00015486091976771644,-6.76749450471509e-05,-0.0006509303458759062,-0.006124079526607521,-0.003178950219468532,-0.0005567586654469379,-0.00011949867085107415,-0.0006575766588672206,-0.0006631335831826455,0.013497476835971014,-0.0017124138504200767,-0.0003883614577552524,-0.0011438201023505033,-0.0039365902611794255,-0.0017343292858389787,0.002501620022173473,-0.004125891507782919,-0.0017373813036875617,0.00460601535545594,-0.003644628898846017,-0.0024668499975464206,0.00460601535545594,-0.004286485706853453,-0.0014146822131061762,0.00460601535545594,-0.004383377742963856,-0.001179343246975428,0.00460601535545594,-0.00034645070831639045,-0.00012392672643723643,0.0003679998903063281,-0.0003441042917783655,-0.0001302871067045496,0.0003679998903063281,-0.0002095970796117644,-1.641322081443454e-05,-7.154535722693703e-05,-1.641322081443454e-05,-1.6413220814434544e-05,-1.641322081443454e-05,-1.641322081443454e-05,0.00022450534914373417,-0.0002089528646806841,-2.8428611233488075e-05,-5.4437250149740054e-05,0.00021779885581550736,-0.0002214820681718615,0.0002214820681718667,-4.342566190577947e-05,-0.0003777808635808399,-8.99025293094977e-05,0.0003907892943181159,-0.0004451269198654742,0.0004451269198654736
service_dns,-0.008737848529618515,-0.00523622182070199,-0.0050829691117650145,-0.00224667959240574,-0.007248298410045001,-0.004950321850295787,-0.004661863177317555,-0.008297544804603681,0.12325061662363568,0.3602665560817139,0.31085497651147115,-0.002194028948664542,-0.0033053710795097023,-0.011357954746829923,0.893297609006823,-0.012792822018908162,-0.012792822018908162,-0.002121709815233164,-0.002121709815233164,-0.011493945401266538,-0.011493945401266538,-0.002739130791394405,-0.00949007555554178,0.0679173123620665,-0.05243689924392922,-0.7007909390828888,0.7164910743227124,-0.007195696898627268,-0.005124622196715292,1.0,-0.025118502110649917,-0.011752399041778978,-0.20014296452251476,-0.7092474438595178,-0.008172508298702221,-0.003571424287300123,-0.03435168576763732,-0.3231571187179139,-0.16776341693396468,-0.02938194362118308,-0.006306328805738318,-0.034702433058553035,-0.0349956898088763,0.022905359773280353,-0.09036958081071535,-0.020495081917126262,-0.06036306185384535,0.37326305559562317,-0.09152612875127875,0.34261756565198026,0.8051113524871178,0.33902622222593587,-0.8988009610558694,0.7111995302174863,0.48137207053576575,-0.8988009610558694,0.8364491161125976,0.27605590398701574,-0.8988009610558694,0.8553562730484705,0.2301327203654887,-0.8988009610558694,-0.01828331701150941,-0.006540011526203571,0.019420536581863535,-0.018159489071845534,-0.006875669228582491,0.019420536581863535,-0.011061111318983569,-0.0008661783974652755,-0.0037756783735225985,-0.0008661783974652755,-0.0008661783974652755,-0.0008661783974652754,-0.0008661783974652753,0.01184786860191873,-0.011027114027231373,-0.001500269154895625,-0.002872828595326703,0.011493945401266484,-0.011688320351340499,0.011688320351340532,0.008473924562402806,0.07371877361476253,0.017543250186741233,-0.07625719112885967,0.0679173123620665,-0.06791731236206651
service_ftp,-0.00021507910451030727,-0.00048628556642229355,-0.00047247275752100885,-0.00020866927359544356,0.0014493948193922965,-0.0002203023934910132,0.00028804532932960873,-0.00043233035929645275,-0.0030958708737996708,-0.009049356249335156,-0.007808211383609385,-0.00020377959830870723,-0.0003070001383772491,-0.001054917464660769,-0.022438297877276015,-0.0011881867528843423,-0.0011881867528843423,-0.00019706265687104886,-0.00019706265687104886,-0.0010675481644296196,-0.0010675481644296196,-0.00025440820766066744,-0.0008814303866887025,-0.0021818040524655123,-0.004870295932506441,0.03579675938057787,-0.03501305718863774,-0.0006683303902831275,-0.0004759706809548545,-0.025118502110649917,1.0,-0.0010915531252926876,-0.01858911339321061,-0.06587431733712756,-0.0007590558270882526,-0.0003317109407781349,-0.003190556228174189,-0.030017374668804022,-0.015581727731764125,-0.0027289706784854526,-0.0005857266156940259,0.28967603301826456,-0.0032503707921127723,-0.027288865613729806,-0.008393452095581094,-0.001903566296569721,-0.005103813215932747,0.03680606091835051,-0.008500871313953684,-0.009532669898608077,-0.020223191206755583,-0.00851583087854784,0.022576533837335988,-0.017864266900861236,-0.01209134536976056,0.022576533837335988,-0.02101034888852518,-0.006934110806955181,0.022576533837335988,-0.02148526834992521,-0.005780589222230014,0.022576533837335988,-0.0016981393972143961,-0.0006074308739432584,0.0018037634125113043,-0.0016866383603572766,-0.0006386064843660786,0.0018037634125113043,-0.0010273468920282075,-8.044993481357097e-05,-0.0003506818917624741,-8.0449934813571e-05,-8.0449934813571e-05,-8.044993481357098e-05,-8.044993481357098e-05,0.0011004202592599808,-0.0010241892516237383,-0.0001393437611320749,-0.00026682594936669826,0.0010675481644296233,-0.0010856015494004594,0.0010856015494004594,-0.0002128522920062004,-0.001851705170636953,-0.00044066016684330783,0.0019154664163225032,-0.0021818040524655123,0.002181804052465511
service_gssapi,-0.00040400828597103523,-0.00022768335785167728,-0.00022148131974292364,-9.763202120169462e-05,-0.0003996485277825646,-0.00022991804253752864,-0.00020223886803380915,-0.0003982660973059382,-0.0014484904287062588,-0.004233996328479743,-0.0036532917280856017,-9.53440274960475e-05,-0.00014363866588052178,-0.0004935728629924313,-0.010498389964115208,-0.0005559266549629004,-0.0005559266549629004,-9.220131716372982e-05,-9.220131716372982e-05,-0.0004994824918073557,-0.0004994824918073557,-0.00011903204907526183,-0.0004124020447669607,-0.0010208185083087995,-0.0022787051950084215,0.016748522614520298,-0.016381845459607726,-0.00031269720637622353,-0.0002226962957475498,-0.011752399041778978,-0.0010915531252926878,1.0,-0.008697440534770643,-0.030821155678007327,-0.00035514565859189723,-0.00015520031112427148,-0.0014927916399456954,0.03636404373587976,-0.007290350406141811,-0.0012768258332282298,-0.0002740487026934744,-0.0015080337630587815,-0.0015207775692347456,-0.012767864766667763,-0.003927113087030023,-0.0008906371335846239,-0.0026231456210465127,-0.013437376467935792,-0.00397737219537626,-0.004460128238876788,-0.00946198988749494,-0.003984371449226029,0.010563067553462965,-0.008358300677441702,-0.005657276660503674,0.010563067553462965,-0.009830283790698478,-0.003244319141494442,0.010563067553462965,-0.010052488243754336,-0.0027046115623053156,0.010563067553462965,-0.0007945223698736366,-0.00028420365153266144,0.0008439415418726761,-0.0007891412856854498,-0.0002987900393851804,0.0008439415418726761,-0.0004806731936586097,-3.7640769049415586e-05,-0.00016407640513607904,-3.7640769049415586e-05,-3.764076904941558e-05,-3.764076904941557e-05,-3.764076904941557e-05,0.0005148626276961848,-0.00047919580261435163,-6.51959052969235e-05,-0.00012484203945940968,0.0004994824918073619,-0.000507929276703101,0.0005079292767030933,-9.958894290729068e-05,-0.000866372444391261,-0.0002061752766843438,0.0008962049399515523,-0.0010208185083087995,0.0010208185083087984
service_http,-0.0037987537859434884,-0.003864062483318932,-0.0033472421517613,-0.0010631540938889775,0.0013753958579425694,-0.0022160867567758437,0.00042303081394540735,0.02219038034800708,-0.024667743790282325,-0.07210481655251041,-0.062215436535582105,0.010962308637222834,0.016511124007548558,0.053156266079065324,-0.1787872316675007,-0.009467412430927621,-0.009467412430927621,-0.0015701853625314178,-0.0015701853625314178,0.05742867569033916,0.05742867569033916,0.013685870986918031,0.04469449957819237,-0.01701732675925712,-0.03880627362809476,0.2852267826786663,-0.27898228293474225,-0.005325223016982562,-0.0037925105045063913,-0.2001429645225148,-0.01858911339321061,-0.008697440534770643,1.0,-0.5248832553657542,-0.006048118745389677,-0.0026430561328630807,-0.02542219194319756,-0.2391030944089699,-0.1240411278530279,-0.013809122428598329,-0.004667040285616273,0.06774908076243001,-0.025898791387525086,-0.21689523395418267,-0.04146377061079359,0.057183082896455094,0.10483466977809668,0.5757424218768189,-0.06652251640992478,-0.07595583546014845,-0.16113737285750163,-0.06785371316716732,0.17988868886140563,-0.1423415823447467,-0.09634323323536931,0.17988868886140563,-0.16740940577101063,-0.05525064699790331,0.17988868886140563,-0.17119354021084748,-0.046059444887579265,0.17988868886140563,-0.013530689514597249,-0.0048399787263571714,0.01437229636890637,-0.01343904982997321,-0.005088384426001932,0.01437229636890637,0.05098402113333099,0.0043277983791822836,0.018864906805644767,0.0043277983791822836,0.0043277983791822836,0.004327798379182283,0.004327798379182283,-0.05519907933864526,0.055096186136440385,0.007495987473128751,0.01435388249684667,-0.05742867569033956,0.05434739125268923,-0.0543473912526891,-0.0016959963830594357,-0.014754293892222813,-0.0035111580997345126,0.015262340298689975,-0.01701732675925712,0.01701732675925712
service_n/a,0.00899881415536165,0.0061925055668204205,0.005574943200577707,0.0027378241241442056,0.004878330308293113,0.005743926052102628,0.003608853038324802,-0.009177712016979934,-0.08741518479442316,-0.2555181340090305,-0.2204730975017725,-0.005753932243829708,-0.008665713401475365,-0.027261035069131533,-0.6335690457939118,-0.009649362107330788,-0.009649362107330788,-0.00556427230613825,-0.00556427230613825,-0.030143350247689743,-0.030143350247689743,-0.007183484516129277,-0.022974687953914604,-0.04689329093450976,0.07393315224173666,0.3894199705687118,-0.40755372820225017,-0.018871014635899956,-0.013439535022121382,-0.7092474438595178,-0.06587431733712758,-0.030821155678007327,-0.5248832553657542,0.9999999999999999,-0.02143274319214931,-0.009366208853169834,-0.09008872580675156,0.4523544118933323,0.23645757500898665,0.019837739492481625,0.008891577770687465,-0.06657650280784619,0.04934200343174969,0.14161123530696362,0.10706745501355756,-0.02314499716361108,-0.02841990147460549,-0.7359373876828914,0.1281948417654033,-0.23758996549976003,-0.5710231687737698,-0.24045348151509674,0.6374722841673596,-0.5044164488808517,-0.3414119105728581,0.6374722841673596,-0.5932493975214163,-0.19579194426512095,0.6374722841673596,-0.6066592502488276,-0.16322104366766088,0.6374722841673596,-0.031215162923065684,-0.017151452453963763,0.03517495287788453,-0.03077659486412744,-0.01803172875012813,0.03517495287788453,-0.025998153455904394,-0.0022715889018318017,-0.00990187369631818,-0.0022715889018318017,-0.0022715889018318017,-0.0022715889018318012,-0.0022715889018318012,0.028261153658486755,-0.028919065537532367,-0.003934518307076775,-0.007534112572082397,0.030143350247689625,-0.02780440900356806,0.027804409003568037,-0.006010109335342649,-0.05228485175072951,-0.0124425053519341,0.0540852178840507,-0.04689329093450976,0.04689329093450976
service_smb,-0.00028005510704394963,-0.00015280189289338167,-0.0001540160368254983,-6.789239377028047e-05,2.2109643643085157e-05,0.00024113710459599508,-8.471025130065895e-05,-0.00027297229777162665,-0.0010072666871768243,-0.0029442814193227193,-0.0025404648752328685,-6.630134436153527e-05,-9.98849838871181e-05,-0.00034322594939809856,-0.007300482122819179,-0.00038658619274269,-0.00038658619274269,-6.411593301020325e-05,-6.411593301020325e-05,-0.0003473354499656516,-0.0003473354499656516,-8.277377286296436e-05,-0.0002867805221111396,-0.0007098676364685116,-0.0015845902653832539,0.011646765870660259,-0.011391782008998047,-0.00021744671066783783,-0.00015486091976771646,-0.008172508298702221,-0.0007590558270882526,-0.0003551456585918973,-0.006048118745389677,-0.02143274319214931,1.0,-0.00010792484378000473,-0.0010380733348416722,-0.009766396200912289,-0.0050696414394062125,-0.0008878927341524008,-0.00019057090293217108,0.23550245842742265,-0.0010575344881388492,-0.008878653659679107,-0.0027308776854497482,-0.0006193407268998863,-0.0018241109139077363,-0.009344225830539002,-0.0027658273990005177,-0.0031015314333625002,-0.006579779209580338,-0.0027706946146191323,0.007345458313110668,-0.005812284062735519,-0.003934017241217113,0.007345458313110668,-0.00683588734287241,-0.002256069166239651,0.007345458313110668,-0.006990406239835635,-0.0018807615669898785,0.007345458313110668,-0.00055250341978808,-0.0001976325593111069,0.0005868690494643173,-0.000548761464207116,-0.00020777579690446665,0.0005868690494643173,-0.00033425564007603443,-2.6175038503398894e-05,-0.00011409719648124829,-2.6175038503398894e-05,-2.6175038503398894e-05,-2.617503850339889e-05,-2.617503850339889e-05,0.00035803065251448907,-0.00033322827617128525,-4.53366223514354e-05,-8.68139857983013e-05,0.00034733544996564465,-0.0003532092651256297,0.0003532092651256233,-6.925321880881541e-05,-0.0006024672891368043,-0.00014337235773735315,0.000623212527336331,-0.0007098676364685116,0.000709867636468511
service_smb;gssapi,-7.00865701112998e-05,-5.5385525964932814e-05,-6.709464423966433e-05,-2.7863577396928305e-05,0.00031276178256544105,0.0008574868689201851,2.6386297228128196e-05,-5.773256688439189e-05,-0.0004401802456343701,-0.0012866647282922074,-0.0011101950129411792,-2.8973997073950072e-05,-4.365020436231206e-05,-0.00014999134254861286,-0.0031903447765940685,-0.00016893997135681912,-0.00016893997135681912,-2.8018962108843178e-05,-2.8018962108843178e-05,-0.00015178721348555886,-0.00015178721348555886,-3.617252524554702e-05,-0.00012532442725753757,-0.0003102154717976313,-0.0006924733450693223,0.005089691068968317,-0.004978261930798542,-9.50252279090317e-05,-6.76749450471509e-05,-0.003571424287300123,-0.00033171094077813495,-0.0001552003111242715,-0.002643056132863081,-0.009366208853169836,-0.00010792484378000473,1.0,-0.0004536428945126815,-0.004267960743077201,-0.002215456981239628,-0.00038801327075712255,-8.328037443446128e-05,0.10291567398960405,-0.0004621475093755919,-0.0038800131073270586,-0.001193406300120846,-0.0002706547896091546,-0.000797144986893886,-0.004083470319938797,-0.001208679488136952,-0.0013553837186919113,-0.0028753942382535196,-0.0012108064840893218,0.0032099995817636198,-0.00253999527533517,-0.001719183903939404,0.0032099995817636198,-0.0029873146883752292,-0.0009859127601518052,0.0032099995817636198,-0.003054840167859837,-0.0008219015868157425,0.0032099995817636198,-0.00024144657431071095,-8.636635124580429e-05,0.0002564645149463319,-0.00023981132224912356,-9.079899343700888e-05,0.0002564645149463319,-0.0001460712754888401,-1.1438614047893434e-05,-4.986100762854953e-05,-1.143861404789343e-05,-1.143861404789343e-05,-1.1438614047893429e-05,-1.1438614047893429e-05,0.00015646106693965688,-0.00014562231266528698,-1.9812315662718172e-05,-3.793811716368656e-05,0.0001517872134855598,-0.00015435409813770247,0.00015435409813770553,-3.0263979990914757e-05,-0.00026328101851774834,-6.265438979511051e-05,0.0002723467844788947,-0.0003102154717976313,0.00031021547179763094
service_ssl,0.008935892486122166,0.007906096798709449,0.008783840191411638,-0.00022437844256334484,0.0018381351229754524,0.0005905541070897536,0.000608342993995372,0.0056915814822697,-0.004233866452922593,-0.012375763527108053,-0.010678392472428404,-0.0002786859143160502,-0.00041984877273733084,-0.0014426892613733657,-0.030686278761584286,0.1991171850670294,0.1991171850670294,0.06176435792947026,0.06176435792947026,-0.0014599628164434625,-0.0014599628164434625,-0.00034792483913927396,-0.001205430942346671,0.006373359424195305,-0.0066605434803347135,0.048955109835947704,-0.04788333050315369,-0.0009139985917486292,-0.0006509303458759062,-0.03435168576763732,-0.0031905562281741894,-0.0014927916399456954,-0.025422191943197555,-0.09008872580675156,-0.0010380733348416724,-0.00045364289451268157,1.0,-0.04095722232780378,-0.02130933653609489,0.11235704408382818,-0.0008010309117728839,0.07495836096198079,-0.0044451582179186955,-0.03731984225765981,0.0065259856358448835,0.005972432344335595,0.05310154965577474,0.060585312387257,-0.011625663777309997,-0.013036736006036003,-0.027656932188595357,-0.011646122252894589,0.03087532818184184,-0.02443090278012245,-0.01653594210436192,0.03087532818184184,-0.028733437197318232,-0.009482985668062997,0.03087532818184184,-0.029382929911138625,-0.007905446894846721,0.03087532818184184,0.4109118204594596,0.19038400532776384,-0.4511035803742117,0.40648182281454454,0.200155220186019,-0.4511035803742117,-0.0014049841608329472,-0.00011002212108703304,-0.0004795872818036297,-0.00011002212108703304,-0.00011002212108703304,-0.00011002212108703303,-0.00011002212108703303,0.0015049181990200787,-0.0014006658192987397,-0.0001905644323456839,-0.0003649071559649398,0.001459962816443478,-0.001484652354252166,0.0014846523542521835,-0.0002910935937863259,-0.0025323641463899176,-0.0006026402177579679,0.0026195630671812455,0.006373359424195305,-0.006373359424195306
conn_state_OTH,0.006217951733705312,-0.005913474157548595,-0.006013338830287344,-0.002684850505373346,0.011273188338982578,0.010813545591293293,0.0031588668188351596,-0.0002713982291838894,-0.03983304055035824,-0.11643359465829252,-0.10046439704616908,-0.0026219313833343986,-0.003950019060691007,-0.013573101676408007,-0.28870248975520135,-0.014784407049349819,-0.014784407049349819,-0.0025355078173761978,-0.0025355078173761978,-0.013735614648228284,-0.013735614648228284,-0.0032733446791512527,-0.01134092918164839,-0.02738583958515011,0.16224923019560217,0.3849702249334772,-0.4216255830882686,0.020475575524255857,-0.006124079526607521,-0.3231571187179139,-0.030017374668804025,0.03636404373587976,-0.2391030944089699,0.4523544118933323,-0.009766396200912287,-0.004267960743077201,-0.04095722232780377,0.9999999999999999,-0.20048239021747202,-0.03511231705973473,-0.007536254897391395,-0.041470463901430235,-0.04182091464526162,-0.35111234766419125,-0.10799440006049998,-0.024492246793385814,-0.07213569646156799,-0.36952371319137983,-0.10937651005660425,-0.1226521525293438,-0.26020180693378636,-0.10956898738120305,0.29048110353692014,-0.22985069367284983,-0.15557336531640797,0.29048110353692014,-0.2703297758109171,-0.08921777690783471,0.29048110353692014,-0.27644032981502786,-0.07437598474882486,0.29048110353692014,-0.0214966664552852,-0.007815512862015348,0.022876264766841993,-0.021346290859658675,-0.008216634034305234,0.022876264766841993,-0.013218364743752233,-0.0010351095527991474,-0.004512050593927689,-0.0010351095527991474,-0.0010351095527991474,-0.0010351095527991474,-0.0010351095527991474,0.01415856364698467,-0.013177736945177392,-0.0017928673106450208,-0.0034331176248209843,0.01373561464822835,-0.013967898630644779,0.013967898630644827,-0.002738665249404876,-0.023824975315835023,-0.005669756592029428,0.0246453597531932,-0.02738583958515011,0.0273858395851504
conn_state_REJ,-0.005741265282850266,-0.0032501279458747017,-0.0031615866948313913,-0.0013936798283260368,-0.004425941829827965,-0.003165557055941864,-0.002842355818811356,-0.006221829732460272,-0.02067694458399915,-0.060439548455300966,-0.05215009303049106,-0.0013610191229996033,-0.0020504165410218213,-0.007045665289880788,-0.14986265922592706,-0.007935754637814452,-0.007935754637814452,-0.001316157489054903,-0.001316157489054903,-0.007130024195605472,-0.007130024195605472,-0.0016991614398497283,-0.005886966221510177,-0.014150763135000612,-0.03252811348055802,0.23908219695562966,-0.23384794544654552,-0.004463697294560169,-0.003178950219468532,-0.16776341693396468,-0.015581727731764123,-0.007290350406141811,-0.12404112785302789,0.23645757500898668,-0.0050696414394062125,-0.002215456981239628,-0.02130933653609489,-0.200482390217472,0.9999999999999998,-0.018226462856684923,-0.0039119967426853655,-0.021526915146699327,-0.021708830725061384,-0.1822590104873396,-0.05605884448138407,-0.012713687498804697,-0.03744493961936805,-0.19181617156421565,-0.05677628436053041,-0.0636675414660168,-0.13506823150556688,-0.056876197470836755,0.15078592037026417,-0.1193132633111158,-0.08075662336965898,0.15078592037026417,-0.14032556181044373,-0.04631208171765645,0.15078592037026417,-0.14349749106251214,-0.03860785151682295,0.15078592037026417,-0.011341666252705527,-0.00405695684061901,0.012047116189108621,-0.011264852228010826,-0.004265174946400101,0.012047116189108621,-0.0068615247925179245,-0.0005373153182855404,-0.002342161652784056,-0.0005373153182855404,-0.0005373153182855404,-0.0005373153182855403,-0.0005373153182855403,0.0073495729141645665,-0.006840435296760441,-0.0009306600128053029,-0.0017820980246042997,0.007130024195605418,-0.007250600555476915,0.007250600555476817,-0.0014216145394293455,-0.012367313353794183,-0.002943115595455135,0.012793166949564025,-0.014150763135000612,0.014150763135000612
conn_state_RSTO,0.0012702558882816118,0.010784165009354082,-0.00030521466058975417,8.039085737381807e-05,0.004866377085143337,4.107276124417807e-05,0.0019984834733607366,0.01699238826658814,-0.0036213426689116535,-0.010585331639390808,-0.009133523394224316,-0.00023836774351744788,0.04959819592714909,0.03681177352923319,-0.026246819984776144,0.026660697031836118,0.026660697031836118,0.011843132741844599,0.011843132741844599,0.0411168841054311,0.0411168841054311,-0.0002975897042476301,-0.0010310383084787995,0.0007260017830376399,-0.005696946413325537,0.04187265471913887,-0.04095593231594989,-0.0007817681866983979,-0.0005567586654469379,-0.02938194362118308,-0.0027289706784854526,-0.0012768258332282296,-0.013809122428598329,0.01983773949248162,-0.0008878927341524008,-0.00038801327075712255,0.11235704408382817,-0.03511231705973472,-0.018226462856684927,0.9999999999999999,-0.0006851438164559693,-0.0037702057977710424,-0.0038020663390316367,-0.03192068967395557,-0.009818098833007518,-0.002226664526356495,-0.006558075204369088,-0.03359452281989096,-0.009943750649511312,-0.01115067961801358,-0.023655736367550903,-0.009961249347545147,0.026408519164408818,-0.020896424500262196,-0.014143647037294009,0.026408519164408818,-0.02457650077160855,-0.008111059007241166,0.026408519164408818,-0.025132029790735175,-0.006761746615168258,0.026408519164408818,0.08919622489789601,-0.0007105320059829389,-0.08374683442490984,0.08841756282978586,0.0029793027491557913,-0.08374683442490984,0.028918497139129622,-9.410495254085845e-05,0.04029934124569313,-9.410495254085845e-05,-9.410495254085845e-05,-9.410495254085844e-05,-9.410495254085844e-05,-0.039814128159718305,0.042959429812152485,-0.00016299501122762019,-0.00031211514788682536,-0.04111688410543117,0.04039192642274708,-0.040391926422747054,-0.0002489803737426746,-0.0021660008501717324,-0.0005154547879191381,0.0022405844904579493,0.0007260017830376399,-0.000726001783037643
conn_state_RSTOS0,0.0006120604436549372,-0.00012137882855471463,-0.00011873246044708694,-5.2389271797012064e-05,0.0003078361141578054,3.149919218027309e-06,-0.00010500604565937311,-0.00020355143148537006,-0.0007772589139386291,-0.0022719593603622713,-0.0019603536927814253,-5.116153603327857e-05,-7.70764039784528e-05,-0.00026485084045859705,-0.00563342844377687,-0.00029830984002561896,-0.00029830984002561896,-4.9475159947311644e-05,-4.9475159947311644e-05,-0.0002680219429964092,-0.0002680219429964092,-6.387251123969247e-05,-0.00022129463824482144,0.019754685467937374,-0.0012227515556595503,0.008987245092855742,-0.008790486397357734,-0.00016779309424688724,-0.00011949867085107417,-0.006306328805738318,-0.000585726615694026,-0.0002740487026934744,-0.004667040285616273,0.008891577770687465,-0.00019057090293217108,-8.328037443446128e-05,-0.000801030911772884,-0.007536254897391396,-0.0039119967426853655,-0.0006851438164559694,1.0,-0.0008092098239853659,-0.0008160481411405645,-0.0068512269775363515,-0.002107286035480044,-0.0004779152402005906,-0.0014075780385642818,-0.007210486471064169,-0.002134255036582458,-0.002393301579543569,-0.005077296914016481,-0.0021380108311240807,0.0056681343913319296,-0.0044850580840380995,-0.003035690554697622,0.0056681343913319296,-0.005274923155475282,-0.0017408992993074434,0.0056681343913319296,-0.0053941579038944976,-0.0014512926035837933,0.0056681343913319296,-0.00042634012767313263,-0.00015250347337466777,0.00045285841954063915,-0.00042345264179885484,-0.0001603305185217102,0.00045285841954063915,-0.00025792888724587664,-2.0198009383668493e-05,-8.804328004633761e-05,-2.0198009383668493e-05,-2.01980093836685e-05,-2.01980093836685e-05,-2.01980093836685e-05,0.00027627491276428973,-0.00025713612028258374,-3.498407551756785e-05,-6.699014786778854e-05,0.00026802194299640434,-0.0002725544816478327,0.00027255448164783917,-5.343935456553344e-05,-0.00046489482557048305,-0.00011063350399891843,0.00048090292106061847,0.019754685467937374,-0.019754685467937374
conn_state_RSTR,0.008733517277981686,-0.0006607591357267323,-0.0006337732290790216,-0.0002713184111159821,0.0004599969671461988,0.00023096363549322986,4.092544673572171e-05,0.0009242175960872486,-0.0042770962728070905,-0.012502126045661262,-0.010787424013307519,-0.00028153143200399644,-0.00042413563133950484,0.0010311983460260592,-0.030999600477925212,0.03402810967515935,0.03402810967515935,-0.0002722516505277237,-0.0002722516505277237,0.00041541017691384486,0.00041541017691384486,-0.00035147731966659457,-0.0012177389740477813,-0.0011615860154259258,-0.006728550843861299,0.04945496513468308,-0.04837224241762553,-0.0009233309584955121,-0.0006575766588672206,-0.034702433058553035,0.28967603301826456,-0.0015080337630587815,0.06774908076243001,-0.06657650280784619,0.23550245842742268,0.10291567398960405,0.07495836096198079,-0.041470463901430235,-0.021526915146699327,-0.0037702057977710424,-0.0008092098239853659,1.0,-0.004490545428699916,-0.03770089585886649,-0.011595962537653798,-0.0026298694758243846,-0.007745613044077327,-0.039677827114568597,-0.011744367415395363,-0.013169847372605532,-0.027939322814365612,-0.01176503478188978,0.031190580184004658,-0.024680354088646765,-0.016704782054024744,0.031190580184004658,-0.029026819458783288,-0.009579811528527772,0.031190580184004658,-0.029682943806678092,-0.007986165323066077,0.031190580184004658,0.027384604314005582,0.062260449931783444,-0.04677770457362039,0.02760272546965541,0.05913796826982221,-0.04677770457362039,0.0005448481592147136,-0.00011114550004353874,-0.0004844840994150795,-0.00011114550004353874,-0.00011114550004353876,-0.00011114550004353874,-0.00011114550004353874,-0.0003135847410560644,-0.001414967293320138,0.014282456877685916,-0.0003686330341432694,-0.00041541017691385386,0.0003590644423763497,-0.00035906444237636745,-0.00029406579987001146,-0.0025582208065249266,-0.0006087934652348323,0.002646310070382527,-0.0011615860154259258,0.001161586015425922
conn_state_RSTRH,0.009817246438133592,0.00046643619691687384,-0.0006555537353090867,-0.00029072361457792685,0.004083622007733795,0.00432057887651296,0.02516789899425444,0.0102264299587742,-0.004313240348113514,-0.012607776645147993,-0.010878584333540917,-0.00028391054452110145,-0.0004277198364219793,-0.0014697359024279666,-0.031261566031813785,0.005082381515542812,0.005082381515542812,-0.00027455234322467834,-0.00027455234322467834,-0.0014873332913659494,-0.0014873332913659494,-0.0003544475176467718,-0.0012280296119885994,-0.0030397408853237375,-0.006785411207269539,0.04987288978965658,-0.04878101740447781,-0.000931133668925188,-0.0006631335831826455,-0.0349956898088763,-0.0032503707921127728,-0.0015207775692347456,-0.025898791387525086,0.049342003431749694,-0.0010575344881388492,-0.00046214750937559183,-0.0044451582179186955,-0.041820914645261616,-0.021708830725061384,-0.0038020663390316367,-0.0008160481411405645,-0.004490545428699917,1.0,-0.0380194914508581,-0.011693955502150953,-0.0026520934788201917,-0.007811068204144475,-0.040013128982879884,-0.011843614491732487,-0.013281140625047747,-0.02817542715324442,-0.01186445651009401,0.03145415963303132,-0.02488891815170993,-0.016845947663126203,0.03145415963303132,-0.029272113808385358,-0.009660766785838654,0.03145415963303132,-0.029933782807680758,-0.008053653296783467,0.03145415963303132,0.0023515117838925014,-0.0008462870258429666,-0.0019288176767267794,0.002399623674248755,-0.0008897216218692202,-0.0019288176767267794,-0.001431323930111597,-0.00011208474738971397,-0.0004885782859044748,-0.00011208474738971394,-0.00011208474738971394,-0.00011208474738971393,-0.00011208474738971393,0.0015331314694970683,-0.00142692463099589,-0.00019413701581006565,-0.00037174820838688314,0.0014873332913659676,-0.0015124856932749225,0.0015124856932749139,-0.00029655083544966347,-0.002579839334513041,-0.0006139381417747022,0.002668673006441779,-0.0030397408853237375,0.0030397408853237314
conn_state_S0,-0.007880575988846221,-0.005677511143319637,-0.005537040598730107,-0.0024408038825004807,-0.00487160727949413,-0.0042861570685397265,-0.005723326079716267,-0.011205488720551311,0.11331107948915645,0.15943230765991614,-0.0913324186477409,-0.0023836039612949297,-0.0035909715792330813,-0.012339338522963055,0.07051601697658544,-0.013898185463309808,-0.013898185463309808,-0.002305036095073519,-0.002305036095073519,-0.012487079446259238,-0.012487079446259238,-0.0029758053141672293,-0.010310065280107897,-0.01086353287884112,-0.05696770812068491,-0.4488242053772276,0.4637914360949768,-0.007817440896705382,0.013497476835971014,0.022905359773280357,-0.027288865613729806,-0.01276786476666776,-0.21689523395418267,0.14161123530696362,-0.008878653659679107,-0.003880013107327059,-0.03731984225765981,-0.3511123476641912,-0.1822590104873396,-0.03192068967395557,-0.006851226977536352,-0.03770089585886649,-0.0380194914508581,1.0,-0.09817796202374414,-0.022265958922037796,-0.0655787305989259,-0.33593487310686965,-0.09943444145817962,-0.11150335912242237,0.09553270205217788,-0.04740698702445277,-0.06758627899743,0.012759262873939432,0.09243608382764255,-0.06758627899743,0.1020708654756862,-0.08110808993978655,-0.06758627899743,0.09130148477975694,-0.06761538192774819,-0.06758627899743,-0.0198630865289043,-0.007105101047213529,0.021098567525820237,-0.01972855923942565,-0.007469761244389333,0.021098567525820237,-0.012016846346672681,-0.0009410205187324551,-0.0041019157624068775,-0.0009410205187324548,-0.0009410205187324548,-0.0009410205187324547,-0.0009410205187324547,0.012871583371598161,-0.011979911519835833,-0.0016298998710999027,-0.0031210552732725523,0.01248707944625925,-0.012698249358695724,0.012698249358695674,-0.002489726992336542,-0.021659340859010428,-0.005154388996691472,0.022405154272396904,-0.01086353287884112,0.010863532878841117
conn_state_S1,0.021317198881054253,-0.0009127766631841994,-0.0007555971636988434,0.0018283925437533534,-0.001066199503179759,-0.0013562449624869278,-0.0006047260127786704,0.0006782241362699989,-0.01113810655894014,-0.032557137653224745,-0.028091833920266485,-0.000733143911042627,-0.0011016260618966754,-0.0021563370969491713,-0.0807269304651608,-0.00026094189519224547,-0.00026094189519224547,0.011384581717762916,0.011384581717762916,-0.00011833604160041106,-0.00011833604160041106,-0.0009152919620693883,-0.002269604964155755,-0.007849541217222186,-0.017522008275251577,0.12878706402772808,-0.1259675153837002,-0.002404472087821774,-0.0017124138504200767,-0.09036958081071535,-0.008393452095581094,-0.003927113087030024,-0.04146377061079359,0.10706745501355756,-0.002730877685449748,-0.001193406300120846,0.006525985635844883,-0.1079944000605,-0.056058844481384075,-0.00981809883300752,-0.002107286035480044,-0.011595962537653798,-0.011693955502150953,-0.09817796202374415,1.0,-0.00684851698196893,-0.020170568522795994,-0.10332614424393555,-0.030583837116709395,-0.034295969518775164,-0.07275757543020865,-0.0306376575863986,0.08122426608288685,-0.06427080341853256,-0.04350139222830392,0.08122426608288685,-0.07558955599258918,-0.02494705632362977,0.08122426608288685,-0.07729818783920599,-0.02079699747025866,0.08122426608288685,-0.003299200136235715,-0.0008773899076565562,0.0034023317151484337,-0.00465338787664218,0.0026790647969688938,0.0034023317151484337,0.0001718200597381312,-0.00028943711903383783,-0.001261658653723926,-0.00028943711903383783,-0.000289437119033838,-0.00028943711903383794,-0.00028943711903383794,0.0003476877898356688,0.00019509472142214773,-0.0005013211865350523,-0.0009599676400873641,0.00011833604160039304,-0.0024414723317472374,0.00244147233174723,-0.0007657850105259708,-0.0066619346694462315,-0.0015853761654333184,0.0068913303961175955,-0.007849541217222186,0.007849541217222186
conn_state_S2,-0.00014402980608276507,-0.00039581735468818266,-0.0003719492828949047,-0.00014041246990437357,-0.00016152507396765143,-0.0002532786777303144,-0.0002401222208142836,-0.00022197003358082743,-0.0025260314840377237,-0.0073836925788957385,-0.006370998207948929,-0.00016627104363063324,-3.85592299102693e-05,0.010324927005534456,-0.018308207672967865,-0.0009694839575200232,-0.0009694839575200232,-0.000160790451500156,-0.000160790451500156,0.008703140118258065,0.008703140118258065,-0.00020758073206060535,0.010874829306527004,-0.0017802117572703192,-0.00397384818798744,0.02920785294603829,-0.028568402370852664,-0.0005453146065883673,-0.0003883614577552524,-0.020495081917126262,-0.0019035662965697212,-0.0008906371335846239,0.057183082896455094,-0.023144997163611077,-0.0006193407268998863,-0.0002706547896091546,0.005972432344335595,-0.024492246793385814,-0.012713687498804697,-0.002226664526356495,-0.00047791524020059057,-0.002629869475824384,-0.0026520934788201917,-0.022265958922037796,-0.00684851698196893,0.9999999999999998,-0.0045745199931334435,-0.023433524549547852,-0.006936164154174026,-0.007778045426445226,-0.016500823121631817,-0.006948370196574456,0.018420999324031902,-0.014576092631229158,-0.009865760018247238,0.018420999324031902,-0.017143093154235643,-0.005657788365920227,0.018420999324031902,-0.017530596884456223,-0.0047165889557018535,0.018420999324031902,0.0006222223459967838,-0.000495624518755832,-0.0004187676585790677,0.0006452637375759678,-0.0005210618114183483,-0.0004187676585790677,0.009110231967119476,-6.56419716816058e-05,-0.000286133865262515,-6.56419716816058e-05,-6.564197168160577e-05,-6.564197168160577e-05,-6.564197168160577e-05,-0.008390598999428851,0.009143452499497428,-0.00011369554547727572,-0.00021771281049306338,-0.00870314011825811,0.008529349207362659,-0.008529349207362643,-0.0001736737780659939,-0.0015108723040646354,-0.00035955034966990223,0.0015628973789559351,-0.0017802117572703192,0.001780211757270317
conn_state_S3,0.008297591624707813,0.06571724827637586,0.07479644623027983,0.031651260461713564,-0.0006271905355860717,-0.00039133656949513773,-0.0006249020051144602,-0.0004588364453832719,-0.007439784594777068,-0.02174679240863256,-0.018764158174737516,-0.0004897091571413936,-0.0006831741628528094,0.0041854931002671975,-0.05392217882637103,-0.002855368928542424,-0.002855368928542424,-0.00047356746407053974,-0.00047356746407053974,0.004013371576701992,0.004013371576701992,-0.0006113763594460567,0.0031929668180604182,-0.004705830395439841,-0.011703961220512786,0.08602431749865048,-0.08414097813077277,-0.0016060857653754001,-0.0011438201023505033,-0.060363061853845344,-0.005103813215932747,-0.0026231456210465127,0.10483466977809669,-0.028419901474605488,-0.0018241109139077363,-0.000797144986893886,0.05310154965577474,-0.07213569646156799,-0.03744493961936805,-0.006558075204369087,-0.0014075780385642818,-0.007745613044077328,-0.007811068204144476,-0.0655787305989259,-0.020170568522795997,-0.0045745199931334435,1.0,-0.06901749881057798,-0.02042871102247036,-0.02290825862892544,-0.048598986369413184,-0.020464660822299804,0.05425437800651135,-0.042930181232944224,-0.029057092068464203,0.05425437800651135,-0.05049062973349855,-0.016663579607487336,0.05425437800651135,-0.051631923617099264,-0.013891515634015554,0.05425437800651135,-0.004080852155075082,-0.001459736223690889,0.004334680545818058,-0.004053213651945932,-0.0015346553128943398,0.004334680545818058,0.0043671710924728215,-0.00019333176675493717,-0.0008427346754290191,-0.00019333176675493717,-0.00019333176675493717,-0.00019333176675493714,-0.0001933317667549371,-0.0037380456263102634,0.003252969912739826,0.00806145676221579,-0.000641217824808281,-0.004013371576701981,0.0027824342473691914,-0.0027824342473692074,-0.0005115120325051311,-0.004449890891497566,-0.0010589642961397262,0.004603117544911902,-0.004705830395439841,0.004705830395439824
conn_state_SF,-0.007668007194996183,-0.003916138534476961,-0.005515201804219602,-0.0021542543626942175,-0.0026972298013852145,-0.004046878141110381,-0.0022100999866253384,0.01164908635476826,-0.03797756766359208,0.056462178698274315,0.26188305888391566,0.007095434717004157,0.004247357673977839,0.025352158333492858,0.4543440512374982,0.007464236306846522,0.007464236306846522,0.0006699149188909592,0.0006699149188909592,0.02745157511403114,0.02745157511403114,0.008858280435864452,0.02584417444790729,-0.004864325117061108,-0.05995493800432141,-0.15644625221618555,0.17008615366508206,-0.006401390935039926,-0.0039365902611794255,0.3732630555956231,0.0368060609183505,-0.013437376467935792,0.5757424218768189,-0.7359373876828915,-0.009344225830539002,-0.004083470319938797,0.060585312387257,-0.36952371319137983,-0.19181617156421565,-0.03359452281989096,-0.007210486471064168,-0.039677827114568597,-0.040013128982879884,-0.33593487310686965,-0.10332614424393556,-0.023433524549547856,-0.06901749881057798,1.0,-0.10464851000307235,-0.11735028850548229,0.36850572577887525,0.24133675867931143,-0.4497949044064604,0.3905864848828626,0.19300795699970877,-0.4497949044064604,0.3793368100093138,0.2402277195791667,-0.4497949044064604,0.4030069812341801,0.1939960301677378,-0.4497949044064604,0.02531633112353751,0.011105354104541906,-0.027582076900462084,0.025410170806121207,0.01077014329531324,-0.027582076900462084,0.024186602472164434,0.002801199262313824,0.006991252014562268,0.002801199262313824,0.002801199262313824,0.002801199262313824,0.0028011992623138233,-0.025835491346087088,0.02612669162472697,0.00047369941073019964,0.009290655788152141,-0.027451575114030985,0.026273814144562712,-0.026273814144562695,-0.0011871928933422859,-0.001513774885333967,-0.004040131746023524,0.002526496274654727,-0.004864325117061108,0.00486432511706111
conn_state_SH,-0.0028964282002705705,-0.0017408851715374739,-0.001724670259662297,-0.0007603452632085925,-0.0009309446495876503,0.00026078841420998654,-0.001776972270773104,-0.0034737766648679485,-0.011280651805769199,-0.03297380319671476,-0.02845135260316405,-0.0007425266709585565,-0.0011186389247256705,-0.0038438801512601334,-0.08176007197516695,-0.0043294832329569795,-0.0043294832329569795,-0.0007180516587094919,-0.0007180516587094919,-0.00388990355855461,-0.00388990355855461,-0.000927005848802608,-0.0032117325588119023,-0.005787003400025413,-0.017746254558165222,0.13043527808755015,-0.12757964492096213,-0.0024352444695940963,-0.001734329285838979,-0.09152612875127875,-0.008500871313953686,-0.00397737219537626,-0.06652251640992476,0.1281948417654033,-0.0027658273990005173,-0.001208679488136952,-0.011625663777309997,-0.10937651005660425,-0.05677628436053041,-0.009943750649511312,-0.002134255036582458,-0.01174436741539536,-0.011843614491732487,-0.09943444145817962,-0.030583837116709398,-0.006936164154174025,-0.02042871102247036,-0.10464851000307235,0.9999999999999999,-0.03473488859486975,-0.07368872530685217,-0.03102975766551066,0.08226377248337265,-0.0650933397705352,-0.04405812210512607,0.08226377248337265,-0.07655694949521488,-0.025266328210866388,0.08226377248337265,-0.07828744837524726,-0.021063156994053516,0.08226377248337265,-0.006187635091551321,-0.002213340434518188,0.006572505064319053,-0.006145727919876936,-0.0023269372931560787,0.006572505064319053,-0.0037434192332723116,-0.00029314132902284463,-0.0012778053338851653,-0.00029314132902284463,-0.00029314132902284463,-0.0002931413290228446,-0.0002931413290228446,0.004009682021876734,-0.003731913507296469,-0.0005077370842369921,-0.0009722532851815431,0.0038899035585546918,-0.003955686001709721,0.0039556860017097364,-0.0007755855105271072,-0.006747193965251162,-0.0016056657753075244,0.006979525493470923,-0.005787003400025413,0.005787003400025413
conn_state_SHR,0.0014245023476479057,0.0005235803287910845,0.0020450187806543,-0.0008526326461665624,-0.00344534861024079,-0.001988062842614462,0.008015893807464028,0.002422470328322378,-0.012649847990172483,-0.036976019229933495,-0.008797110718321864,-0.0008326513111122651,-0.001247486395926968,0.0020297692223342,-0.0863327661803292,0.04563760622090909,0.04563760622090909,-0.0008052056289088608,-0.0008052056289088608,-0.0043620430414297645,-0.0043620430414297645,-0.0010395217648111591,0.0012017276965250604,0.13751793303609658,-0.019900217329719864,-0.23998394096248296,0.24576862117233889,-0.002730823793667534,0.002501620022173473,0.3426175656519803,-0.009532669898608077,-0.004460128238876788,-0.07595583546014845,-0.23758996549976003,-0.0031015314333625002,-0.0013553837186919113,-0.013036736006036003,-0.1226521525293438,-0.0636675414660168,-0.01115067961801358,-0.0023933015795435685,-0.013169847372605533,-0.013281140625047745,-0.11150335912242237,-0.03429596951877517,-0.007778045426445226,-0.022908258628925437,-0.11735028850548229,-0.03473488859486975,1.0,-0.05512512095359566,-0.024888702829231075,0.06228699959557245,-0.03766756165080015,-0.04940570429425722,0.06228699959557245,-0.0555052133189972,-0.025529785322888306,0.06228699959557245,-0.062187347000122156,-0.006786239443127973,0.06228699959557245,0.028413232261666598,-0.002481986017229772,-0.025916797278391978,0.02870069419627325,-0.0026093707657951376,-0.025916797278391978,0.0033584069782138484,-0.00032872154159388153,-0.0014328997573005912,-0.00032872154159388153,-0.00032872154159388137,-0.00032872154159388137,-0.00032872154159388137,-0.0025585280490929394,-0.004184876848661227,-0.0005693639911203076,-0.0010902611371447937,0.004362043041429729,0.0027152794596512807,-0.0027152794596513497,0.019014654509839427,0.1450345907535828,0.043024520306755645,-0.15225009254741276,0.13751793303609658,-0.13751793303609658
dns_AA_F,-0.006940813919966804,-0.004215472304320203,-0.004093607923372139,-0.001808827245247023,-0.005576816326976376,-0.003948358956689906,-0.0038034670631019447,-0.006867815186107952,0.14705989549485382,0.30714984605346907,0.3856477230202198,-0.0017664376142551813,-0.002661191780295851,-0.009144418307707809,0.8880528344394513,-0.010299646237770256,-0.010299646237770256,-0.0017082126589275388,-0.0017082126589275388,-0.009253905927426838,-0.009253905927426838,-0.0022053052960986654,-0.007640567565727274,-0.014075675376772926,-0.04221754287051107,-0.5649447479798396,0.5775899858672857,-0.005793337262141257,-0.004125891507782919,0.8051113524871177,-0.020223191206755583,-0.00946198988749494,-0.16113737285750163,-0.5710231687737699,-0.006579779209580339,-0.00287539423825352,-0.027656932188595357,-0.26020180693378636,-0.1350682315055669,-0.023655736367550907,-0.005077296914016481,-0.027939322814365612,-0.028175427153244424,0.09553270205217788,-0.07275757543020865,-0.016500823121631817,-0.04859898636941319,0.3685057257788752,-0.07368872530685215,-0.055125120953595654,1.0,-0.07381840039607193,-0.895761561649102,0.6235098694754971,0.5975313883137235,-0.895761561649102,0.8104598342531322,0.33534980394926656,-0.895761561649102,0.8345165717795245,0.28583961666242796,-0.895761561649102,-0.014720106087087112,-0.005265437525143051,0.015635694473449802,-0.014620410807108642,-0.005535679351878031,0.015635694473449802,-0.008905426294037443,-0.0006973700610783658,-0.0030398415218631414,-0.0006973700610783659,-0.0006973700610783659,-0.0006973700610783658,-0.0006973700610783659,0.009538853514180486,-0.008878054688493935,-0.0012078837283927167,-0.002312946915847155,0.009253905927426798,-0.009410399406370428,0.009410399406370385,-0.0018450831094023172,-0.016051271526057335,-0.0038198067926152658,0.016603977801099172,-0.014075675376772926,0.014075675376772913
dns_AA_T,-0.002999357685075573,-0.0017746071151853663,-0.0017229876752040093,-0.0007616832947654324,-0.0022947588331526402,-0.001633033690401406,-0.0016042023792932375,-0.00278467473206524,0.0012524211357696567,0.2593163310664021,-0.027555319758794307,-0.0007438333459200917,-0.00112060747014103,-0.0038506444900309102,0.3795221422375349,-0.0043371021206792355,-0.0043371021206792355,-0.0007193152633181654,-0.0007193152633181654,-0.003896748887862567,-0.003896748887862567,-0.0009286371643892021,-0.0032173844642341006,0.04962067467018173,-0.01777748385591178,-0.2378939050881812,0.24321871788194865,-0.002439529935824521,-0.0017373813036875617,0.33902622222593587,-0.00851583087854784,-0.003984371449226029,-0.0678537131671673,-0.24045348151509674,-0.0027706946146191327,-0.001210806484089322,-0.01164612225289459,-0.10956898738120303,-0.05687619747083676,-0.009961249347545147,-0.0021380108311240802,-0.011765034781889781,-0.011864456510094008,-0.04740698702445277,-0.030637657586398595,-0.006948370196574456,-0.020464660822299804,0.24133675867931145,-0.031029757665510655,-0.024888702829231075,-0.07381840039607193,1.0,-0.37719833079357634,0.47614781633442677,-0.04337806719938921,-0.37719833079357634,0.39928371088130415,-0.009624324140351762,-0.37719833079357634,0.39635673801474625,-0.021100223271846463,-0.37719833079357634,-0.00619852389617127,-0.0022172354010428544,0.006584071150949789,-0.006156542977580897,-0.002331032163841415,0.006584071150949789,-0.003750006784095548,-0.0002936571898663771,-0.001280053975315552,-0.0002936571898663771,-0.0002936571898663771,-0.000293657189866377,-0.00029365718986637686,0.004016738133537847,-0.0037384808107068803,-0.0005086305839063594,-0.0009739642257762572,0.003896748887862544,-0.003962647092881529,0.003962647092881529,0.01026812588785234,0.058933318829175504,0.001948474577167821,-0.05856914638456662,0.04962067467018173,-0.049620674670181754
dns_AA_n/a,0.007782665829159894,0.004705799454207145,0.004569618708196432,0.0020193177768389075,0.006201891755511433,0.004394633827093035,0.0042472260395909475,0.007619179236017482,-0.13712782024492515,-0.40083018564921263,-0.34585518928049513,0.0019719953276440653,0.0029708707029095873,0.01020854064207986,-0.9938770069375729,0.011498200725211358,0.011498200725211358,0.0019069948210132354,0.0019069948210132354,0.010330769172982111,0.010330769172982111,0.0024619333877630542,0.008529689029813799,-0.009046860748987296,0.0471303354352334,0.6306865266017545,-0.6448032719822723,0.006467499287952975,0.00460601535545594,-0.8988009610558694,0.022576533837335988,0.010563067553462964,0.1798886888614056,0.6374722841673596,0.007345458313110668,0.0032099995817636198,0.03087532818184184,0.29048110353692014,0.15078592037026417,0.026408519164408818,0.00566813439133193,0.031190580184004658,0.03145415963303132,-0.06758627899743,0.08122426608288687,0.018420999324031902,0.05425437800651135,-0.44979490440646036,0.08226377248337265,0.06228699959557245,-0.8957615616491019,-0.37719833079357634,1.0,-0.7912758898054593,-0.5355713794189486,1.0,-0.9306277500304088,-0.3071379715289989,1.0,-0.9516637276885249,-0.2560441414027198,1.0,0.016433062901233787,0.005878168645068259,-0.01745519694399967,0.01632176623005809,0.006179858110552063,-0.01745519694399967,0.009941737483848412,0.0007785219760876071,0.003393583350759966,0.0007785219760876073,0.0007785219760876073,0.0007785219760876072,0.0007785219760876072,-0.010648875685868298,0.009911180685348266,0.001348443358262652,0.002582101102428406,-0.010330769172982049,0.010505473564913699,-0.010505473564913657,-0.0028635609152970823,-0.011363311697256727,0.002678790947686159,0.010687701843499724,-0.009046860748987296,0.009046860748987291
dns_RD_F,-0.006035739430009606,-0.00372393292382181,-0.0036140783525977598,-0.0015978374706682008,-0.005176849038711397,-0.003510219349610692,-0.0034218000054775416,-0.005805751147959344,0.17321286691080753,0.44993144138046265,0.1798800077602665,-0.0015603923575737873,-0.002350778358941762,-0.008077772080177003,0.7816674817132188,-0.009098249010003471,-0.009098249010003471,-0.0015089590238516496,-0.0015089590238516496,-0.008174488569726288,-0.008174488569726288,-0.0019480685320439819,-0.0067493372768298214,0.013557987408286445,-0.03729309810834373,-0.4990470425251269,0.5102172827872422,-0.005117576253891239,-0.0036446288988460176,0.7111995302174863,-0.017864266900861236,-0.008358300677441702,-0.1423415823447467,-0.5044164488808517,-0.005812284062735518,-0.00253999527533517,-0.02443090278012245,-0.22985069367284983,-0.1193132633111158,-0.020896424500262196,-0.0044850580840380995,-0.024680354088646765,-0.02488891815170993,0.012759262873939433,-0.06427080341853256,-0.014576092631229158,-0.04293018123294423,0.3905864848828625,-0.0650933397705352,-0.03766756165080015,0.6235098694754971,0.47614781633442677,-0.7912758898054593,0.9999999999999998,-0.09258651535458114,-0.7912758898054593,0.8465771267517602,-0.043518324774823855,-0.7912758898054593,0.8251742155441852,-0.024461840132098213,-0.7912758898054593,-0.013003086469402802,-0.004651253125052792,0.01381187649359295,-0.012915020096886153,-0.004889972725298686,0.01381187649359295,-0.007866657173744414,-0.0006160256693618457,-0.0026852606855016156,-0.0006160256693618457,-0.0006160256693618457,-0.0006160256693618455,-0.0006160256693618455,0.00842619858376327,-0.007842478315821622,-0.0010669907181615425,-0.002043154347391725,0.008174488569726268,-0.008312727942904847,0.008312727942904882,0.004175066799652318,0.02034679242733369,-0.0015048222353692402,-0.019789479908394424,0.013557987408286445,-0.013557987408286473
dns_RD_T,-0.0043373535584025754,-0.0025198118835923766,-0.002449774975306305,-0.0010814888072268364,-0.0029494283418064655,-0.0023082686245814426,-0.0021903452063604368,-0.004388768977604775,-0.01592537771069126,0.03131179964853102,0.31475972198605223,-0.0010561442578340564,-0.0015911133204326278,-0.005467402193533143,0.5388708820915424,-0.0061581072232373526,-0.0061581072232373526,-0.0010213318468348417,-0.0010213318468348417,-0.005532864296432755,-0.005532864296432755,-0.0013185410605217984,-0.004568257319712105,-0.003993042640029121,-0.025241658761525773,-0.33777765303305024,0.3453381778293977,-0.0034638075150400303,-0.0024668499975464206,0.48137207053576575,-0.01209134536976056,-0.005657276660503674,-0.0963432332353693,-0.3414119105728581,-0.003934017241217113,-0.001719183903939404,-0.01653594210436192,-0.15557336531640797,-0.08075662336965897,-0.014143647037294009,-0.0030356905546976218,-0.016704782054024744,-0.016845947663126203,0.09243608382764254,-0.043501392228303924,-0.00986576001824724,-0.0290570920684642,0.19300795699970877,-0.04405812210512607,-0.049405704294257224,0.5975313883137237,-0.043378067199389206,-0.5355713794189486,-0.09258651535458114,0.9999999999999999,-0.5355713794189486,0.34622825811037555,0.5602490586340829,-0.5355713794189486,0.41004307753706243,0.450728482595498,-0.5355713794189486,-0.008801078166091986,-0.003148178889696409,0.009348503905327465,-0.008741470854386042,-0.0033097551328818086,0.009348503905327465,-0.005324510058045736,-0.000416954088641197,-0.001817506116339706,-0.000416954088641197,-0.000416954088641197,-0.00041695408864119695,-0.000416954088641197,0.005703233040341353,-0.00530814471132236,-0.0007221876694530463,-0.0013828994492267794,0.005532864296432776,-0.0056264309686101365,0.005626430968610168,-0.0011031660079563622,-0.009596975356714405,-0.002283843469760542,0.00992743568768988,-0.003993042640029121,0.003993042640029118
dns_RD_n/a,0.007782665829159894,0.004705799454207145,0.004569618708196432,0.0020193177768389075,0.006201891755511433,0.004394633827093035,0.0042472260395909475,0.007619179236017482,-0.13712782024492515,-0.40083018564921263,-0.34585518928049513,0.0019719953276440653,0.0029708707029095873,0.01020854064207986,-0.9938770069375729,0.011498200725211358,0.011498200725211358,0.0019069948210132354,0.0019069948210132354,0.010330769172982111,0.010330769172982111,0.0024619333877630542,0.008529689029813799,-0.009046860748987296,0.0471303354352334,0.6306865266017545,-0.6448032719822723,0.006467499287952975,0.00460601535545594,-0.8988009610558694,0.022576533837335988,0.010563067553462964,0.1798886888614056,0.6374722841673596,0.007345458313110668,0.0032099995817636198,0.03087532818184184,0.29048110353692014,0.15078592037026417,0.026408519164408818,0.00566813439133193,0.031190580184004658,0.03145415963303132,-0.06758627899743,0.08122426608288687,0.018420999324031902,0.05425437800651135,-0.44979490440646036,0.08226377248337265,0.06228699959557245,-0.8957615616491019,-0.37719833079357634,1.0,-0.7912758898054593,-0.5355713794189486,1.0,-0.9306277500304088,-0.3071379715289989,1.0,-0.9516637276885249,-0.2560441414027198,1.0,0.016433062901233787,0.005878168645068259,-0.01745519694399967,0.01632176623005809,0.006179858110552063,-0.01745519694399967,0.009941737483848412,0.0007785219760876071,0.003393583350759966,0.0007785219760876073,0.0007785219760876073,0.0007785219760876072,0.0007785219760876072,-0.010648875685868298,0.009911180685348266,0.001348443358262652,0.002582101102428406,-0.010330769172982049,0.010505473564913699,-0.010505473564913657,-0.0028635609152970823,-0.011363311697256727,0.002678790947686159,0.010687701843499724,-0.009046860748987296,0.009046860748987291
dns_RA_F,-0.007193081341412785,-0.004379331324346376,-0.004252878849800416,-0.0018792331592560252,-0.005833467569407212,-0.004090120497507069,-0.004000285908719424,-0.007136570603544796,0.1473234864475265,0.4252490434142084,0.3697346425787948,-0.001835193574835902,-0.0027647747178800287,-0.009500351208832816,0.9234786776068561,-0.010700544670301414,-0.010700544670301414,-0.001774702299599159,-0.001774702299599159,-0.009614100471535918,-0.009614100471535918,-0.0022911435293786397,-0.00793796531027468,0.011981544103182484,-0.043860798024269974,-0.5869343832258909,0.6000718182171066,-0.006018834310670897,-0.004286485706853453,0.8364491161125976,-0.02101034888852518,-0.009830283790698478,-0.16740940577101063,-0.5932493975214163,-0.00683588734287241,-0.0029873146883752292,-0.028733437197318232,-0.2703297758109171,-0.1403255618104437,-0.02457650077160855,-0.005274923155475282,-0.02902681945878329,-0.029272113808385354,0.1020708654756862,-0.07558955599258918,-0.017143093154235643,-0.05049062973349855,0.3793368100093138,-0.07655694949521488,-0.055505213318997194,0.8104598342531322,0.39928371088130415,-0.9306277500304089,0.8465771267517603,0.34622825811037555,-0.9306277500304089,0.9999999999999999,-0.06244705410031524,-0.9306277500304089,0.8739365795180637,0.2751305679358363,-0.9306277500304089,-0.015293064353883374,-0.005470386860459171,0.016244290658332244,-0.01518948858320143,-0.005751147448930383,0.016244290658332244,-0.00925205678598691,-0.0007245141549556708,-0.0031581628382584435,-0.0007245141549556707,-0.0007245141549556707,-0.0007245141549556705,-0.0007245141549556705,0.009910139219893213,-0.009223619781350488,-0.0012548988085434138,-0.002402974939304012,0.009614100471535828,-0.009776685226719603,0.009776685226719654,0.0032464131173939132,0.014033601958486451,-0.0023056891822645594,-0.013397941012911864,0.011981544103182484,-0.011981544103182452
dns_RA_T,-0.002519549563525109,-0.0014453719133772165,-0.00140281464240409,-0.0006202091658507659,-0.001744092072487728,-0.0013488427769373446,-0.001180446114698349,-0.0022206478536339505,-0.009133114700112913,-0.012697184389691639,-0.018262132196272374,-0.0006056746447972698,-0.0009124672013665936,-0.0031354304650797788,0.309030161061258,-0.0035315340469746705,-0.0035315340469746705,-0.0005857105210422976,-0.0005857105210422976,-0.003172971488124043,-0.003172971488124043,-0.0007561532267570584,-0.0026197913863902187,-0.006484767883840758,-0.014475515623058738,-0.19370778045113507,0.19804356899189604,-0.0019864146121671027,-0.0014146822131061764,0.27605590398701574,-0.006934110806955182,-0.003244319141494442,-0.055250646997903316,-0.19579194426512092,-0.002256069166239651,-0.0009859127601518052,-0.009482985668062997,-0.08921777690783472,-0.04631208171765645,-0.008111059007241166,-0.001740899299307443,-0.00957981152852777,-0.009660766785838654,-0.08110808993978653,-0.02494705632362977,-0.005657788365920226,-0.016663579607487333,0.2402277195791667,-0.02526632821086639,-0.025529785322888306,0.3353498039492666,-0.009624324140351762,-0.3071379715289989,-0.043518324774823855,0.5602490586340829,-0.3071379715289989,-0.06244705410031524,1.0,-0.3071379715289989,0.3227379194907433,-0.017181093460539785,-0.3071379715289989,-0.005047217605493399,-0.0018054087939516352,0.005361153782019258,-0.005013034171670605,-0.001898069084412047,0.005361153782019258,-0.0030534850842630188,-0.00023911366052630008,-0.001042298306567014,-0.00023911366052630008,-0.00023911366052630008,-0.00023911366052630005,-0.00023911366052630005,0.0032706740772220693,-0.0030440999311552508,-0.0004141581577785407,-0.0007930612948826494,0.0031729714881240582,-0.0032266298406791387,0.0032266298406790858,-0.0006326405460856805,-0.005503646492598257,-0.0013097321431795505,0.005693157955732638,-0.006484767883840758,0.006484767883840755
dns_RA_n/a,0.007782665829159894,0.004705799454207145,0.004569618708196432,0.0020193177768389075,0.006201891755511433,0.004394633827093035,0.0042472260395909475,0.007619179236017482,-0.13712782024492515,-0.40083018564921263,-0.34585518928049513,0.0019719953276440653,0.0029708707029095873,0.01020854064207986,-0.9938770069375729,0.011498200725211358,0.011498200725211358,0.0019069948210132354,0.0019069948210132354,0.010330769172982111,0.010330769172982111,0.0024619333877630542,0.008529689029813799,-0.009046860748987296,0.0471303354352334,0.6306865266017545,-0.6448032719822723,0.006467499287952975,0.00460601535545594,-0.8988009610558694,0.022576533837335988,0.010563067553462964,0.1798886888614056,0.6374722841673596,0.007345458313110668,0.0032099995817636198,0.03087532818184184,0.29048110353692014,0.15078592037026417,0.026408519164408818,0.00566813439133193,0.031190580184004658,0.03145415963303132,-0.06758627899743,0.08122426608288687,0.018420999324031902,0.05425437800651135,-0.44979490440646036,0.08226377248337265,0.06228699959557245,-0.8957615616491019,-0.37719833079357634,1.0,-0.7912758898054593,-0.5355713794189486,1.0,-0.9306277500304088,-0.3071379715289989,1.0,-0.9516637276885249,-0.2560441414027198,1.0,0.016433062901233787,0.005878168645068259,-0.01745519694399967,0.01632176623005809,0.006179858110552063,-0.01745519694399967,0.009941737483848412,0.0007785219760876071,0.003393583350759966,0.0007785219760876073,0.0007785219760876073,0.0007785219760876072,0.0007785219760876072,-0.010648875685868298,0.009911180685348266,0.001348443358262652,0.002582101102428406,-0.010330769172982049,0.010505473564913699,-0.010505473564913657,-0.0028635609152970823,-0.011363311697256727,0.002678790947686159,0.010687701843499724,-0.009046860748987296,0.009046860748987291
dns_rejected_F,-0.007404486932488177,-0.004478350022173046,-0.004348294336103172,-0.0019217114828942701,-0.005936101587060439,-0.004183461679021934,-0.0040864704394046126,-0.007203382093503667,0.14407501647739704,0.41690394304655365,0.1602346547969302,-0.001876676424490135,-0.002827269887611602,-0.009715097841701648,0.9475355549241233,-0.010942420563865466,-0.010942420563865466,-0.0018148178000481625,-0.0018148178000481625,-0.009831418301049851,-0.009831418301049851,-0.002342932705119445,-0.008117395658136599,0.011063232124489642,-0.044852230707505124,-0.600201490908763,0.6136358854404128,-0.006154884481196321,-0.004383377742963856,0.8553562730484705,-0.021485268349925212,-0.010052488243754336,-0.1711935402108475,-0.6066592502488276,-0.006990406239835636,-0.0030548401678598376,-0.029382929911138625,-0.27644032981502786,-0.14349749106251214,-0.025132029790735175,-0.005394157903894497,-0.029682943806678096,-0.029933782807680755,0.09130148477975694,-0.07729818783920599,-0.017530596884456226,-0.051631923617099264,0.40300698123418016,-0.07828744837524726,-0.06218734700012216,0.8345165717795245,0.39635673801474625,-0.951663727688525,0.8251742155441854,0.4100430775370625,-0.951663727688525,0.8739365795180638,0.3227379194907433,-0.951663727688525,1.0,-0.053235434769022684,-0.951663727688525,-0.015638749897928177,-0.005594039884747424,0.01661147779126417,-0.015532832892958015,-0.005881146806074308,0.01661147779126417,-0.009461190953579985,-0.0007408911258509687,-0.0032295501818060076,-0.0007408911258509687,-0.0007408911258509687,-0.0007408911258509688,-0.0007408911258509688,0.010134148730905259,-0.009432111156813031,-0.0012832646329010815,-0.0024572919604056993,0.00983141830104987,-0.009997678133919052,0.009997678133919169,0.0031256806132497206,0.013196290009662777,-0.002420320003888879,-0.012548570425839182,0.011063232124489642,-0.011063232124489644
dns_rejected_T,-0.001998981191449118,-0.0012048565904100043,-0.0011714279098051174,-0.0005170344863899678,-0.0014809936977740869,-0.0011212922071814364,-0.000947298638029221,-0.0021003879342345088,-0.0076151035545019,-0.008936208030028437,0.6201417421729296,-0.0005049178505167861,-0.0007606740383449592,-0.002613837023676089,0.24912958477540462,-0.0029440469323628255,-0.0029440469323628255,-0.00048827485160574184,-0.00048827485160574184,-0.002645132922925887,-0.002645132922925887,-0.0006303636204604619,-0.0021839769040708714,-0.005405996584362774,-0.012067446270536332,-0.1614835901980083,0.16509810014836226,-0.0016559653022065843,-0.001179343246975428,0.2301327203654887,-0.005780589222230014,-0.0027046115623053156,-0.046059444887579265,-0.16322104366766088,-0.0018807615669898788,-0.0008219015868157426,-0.007905446894846721,-0.07437598474882486,-0.03860785151682295,-0.006761746615168257,-0.0014512926035837933,-0.007986165323066077,-0.008053653296783467,-0.06761538192774819,-0.02079699747025866,-0.004716588955701854,-0.013891515634015554,0.19399603016773784,-0.021063156994053516,-0.006786239443127973,0.28583961666242796,-0.021100223271846463,-0.2560441414027198,-0.024461840132098213,0.45072848259549797,-0.2560441414027198,0.27513056793583635,-0.017181093460539785,-0.2560441414027198,-0.05323543476902269,0.9999999999999999,-0.2560441414027198,-0.004207589481163217,-0.0015050706437468508,0.004469300914541679,-0.004179092620551082,-0.0015823164639069778,0.004469300914541679,-0.00254552363810314,-0.00019933599093049838,-0.0008689071353239066,-0.00019933599093049838,-0.00019933599093049838,-0.00019933599093049836,-0.00019933599093049836,0.0027265822318924037,-0.0025376997488671662,-0.0003452610218965588,-0.0006611318597863033,0.0026451329229259185,-0.00268986495895724,0.002689864958957264,-0.0005273978487018665,-0.004588089299952696,-0.001091852109325674,0.004746074649737544,-0.005405996584362774,0.005405996584362768
dns_rejected_n/a,0.007782665829159894,0.004705799454207145,0.004569618708196432,0.0020193177768389075,0.006201891755511433,0.004394633827093035,0.0042472260395909475,0.007619179236017482,-0.13712782024492515,-0.40083018564921263,-0.34585518928049513,0.0019719953276440653,0.0029708707029095873,0.01020854064207986,-0.9938770069375729,0.011498200725211358,0.011498200725211358,0.0019069948210132354,0.0019069948210132354,0.010330769172982111,0.010330769172982111,0.0024619333877630542,0.008529689029813799,-0.009046860748987296,0.0471303354352334,0.6306865266017545,-0.6448032719822723,0.006467499287952975,0.00460601535545594,-0.8988009610558694,0.022576533837335988,0.010563067553462964,0.1798886888614056,0.6374722841673596,0.007345458313110668,0.0032099995817636198,0.03087532818184184,0.29048110353692014,0.15078592037026417,0.026408519164408818,0.00566813439133193,0.031190580184004658,0.03145415963303132,-0.06758627899743,0.08122426608288687,0.018420999324031902,0.05425437800651135,-0.44979490440646036,0.08226377248337265,0.06228699959557245,-0.8957615616491019,-0.37719833079357634,1.0,-0.7912758898054593,-0.5355713794189486,1.0,-0.9306277500304088,-0.3071379715289989,1.0,-0.9516637276885249,-0.2560441414027198,1.0,0.016433062901233787,0.005878168645068259,-0.01745519694399967,0.01632176623005809,0.006179858110552063,-0.01745519694399967,0.009941737483848412,0.0007785219760876071,0.003393583350759966,0.0007785219760876073,0.0007785219760876073,0.0007785219760876072,0.0007785219760876072,-0.010648875685868298,0.009911180685348266,0.001348443358262652,0.002582101102428406,-0.010330769172982049,0.010505473564913699,-0.010505473564913657,-0.0028635609152970823,-0.011363311697256727,0.002678790947686159,0.010687701843499724,-0.009046860748987296,0.009046860748987291
ssl_resumed_F,0.005711857531395358,-0.0003487618141897573,-0.0003025545415114069,-8.747185453644954e-05,0.00040779386646905584,1.5007578517221486e-05,9.460792380857185e-05,0.0006880337414726991,-0.002253430095593896,-0.006586867653486777,-0.005683460080164442,-0.00014832759453344937,-0.00022346001476531395,-0.0007678559152295967,-0.01633244337109494,0.5165241826089199,0.5165241826089199,0.1160462192881905,0.1160462192881905,-0.0007770495800005035,-0.0007770495800005035,-0.00018517927106082054,-0.0006415777148022773,0.021195703914866734,-0.0035450029656075963,0.026055833140716664,-0.025485390064344277,-0.00048646596600963854,-0.0003464507083163905,-0.018283317011509412,-0.0016981393972143961,-0.0007945223698736365,-0.013530689514597249,-0.03121516292306568,-0.00055250341978808,-0.00024144657431071095,0.4109118204594597,-0.0214966664552852,-0.011341666252705527,0.08919622489789601,-0.00042634012767313263,0.027384604314005582,0.0023515117838925014,-0.019863086528904297,-0.003299200136235715,0.0006222223459967838,-0.004080852155075083,0.02531633112353751,-0.006187635091551321,0.028413232261666595,-0.014720106087087112,-0.006198523896171269,0.016433062901233787,-0.013003086469402804,-0.008801078166091986,0.016433062901233787,-0.015293064353883374,-0.0050472176054934,0.016433062901233787,-0.015638749897928177,-0.004207589481163217,0.016433062901233787,1.0,-0.0004421382764768605,-0.9414424227898655,0.9932272716385949,0.035394911784995965,-0.9414424227898655,-0.0007477877791039135,-5.8558096150497026e-05,-0.0002552551967089873,-5.8558096150497026e-05,-5.8558096150497006e-05,-5.8558096150497e-05,-5.8558096150497e-05,0.0008009766011249102,-0.0007454893880506512,-0.0001014258791042176,-0.0001942179273938499,0.0007770495800004812,-0.0007901903221951915,0.0007901903221951353,-0.00015493144910601732,-0.0013478237076983517,-0.00032074880457640424,0.0013942343998161895,0.021195703914866734,-0.02119570391486674
ssl_resumed_T,0.0031913532924438223,-0.0001252660660085289,-0.00012054953476052703,-5.327095604501355e-05,0.00031476865608010804,2.64712669862701e-05,6.528216843574531e-05,0.00015740305748318656,-0.0008060604533302695,-0.002356147429280046,-0.0020329951293627585,-5.305734059592058e-05,-7.993249098567798e-05,-0.00027466496002363317,-0.005842176659234703,0.511225085171749,0.511225085171749,-5.130847538773704e-05,-5.130847538773704e-05,-0.0002779535686241012,-0.0002779535686241012,-6.623932442835298e-05,-0.00022949477094998087,-0.0005680682545553708,-0.0012680609454458255,0.009320269891828024,-0.009116220249623228,-0.00017401071276103953,-0.00012392672643723643,-0.006540011526203571,-0.0006074308739432584,-0.00028420365153266144,-0.0048399787263571714,-0.017151452453963763,-0.0001976325593111069,-8.63663512458043e-05,0.1903840053277638,-0.007815512862015348,-0.004056956840619009,-0.000710532005982939,-0.00015250347337466777,0.06226044993178345,-0.0008462870258429665,-0.007105101047213529,-0.0008773899076565562,-0.000495624518755832,-0.001459736223690889,0.011105354104541906,-0.0022133404345181886,-0.002481986017229772,-0.005265437525143052,-0.002217235401042854,0.005878168645068259,-0.004651253125052792,-0.0031481788896964096,0.005878168645068259,-0.005470386860459171,-0.0018054087939516354,0.005878168645068259,-0.005594039884747424,-0.0015050706437468506,0.005878168645068259,-0.00044213827647686046,1.0,-0.3367575091777372,-0.0004391437940321033,0.9511818135486207,-0.3367575091777372,-0.00026748651196142957,-2.094645208720533e-05,-9.130574761402717e-05,-2.094645208720533e-05,-2.094645208720533e-05,-2.0946452087205327e-05,-2.0946452087205317e-05,0.000286512354420101,-0.00026666436880377865,-3.628041990298327e-05,-6.947248592536696e-05,0.0002779535686241135,-0.00028265406172182965,0.0002826540617218308,-5.541956431029056e-05,-0.0004821216291381239,-0.00011473305842835775,0.0004987229089386425,-0.0005680682545553708,0.0005680682545553698
ssl_resumed_n/a,-0.0064542772917447165,0.00037062759819614914,0.0003255289321214674,0.00010032432663701106,-0.0004901069895930978,-2.3056426655712934e-05,-0.0001110934552072809,-0.000700918913466224,0.002393593108876554,0.006996569831607,0.006036970442995339,0.00015755354862159192,0.0002373591941003863,0.0008156164377574579,0.017348318894208344,-0.6587264963036663,-0.6587264963036663,-0.10925083384228135,-0.10925083384228135,0.0008253819470953773,0.0008253819470953773,0.00019669739389060787,0.0006814837522416038,-0.019766156902890897,0.0037655016172975717,-0.027676502046192552,0.027070577496200513,0.0005167240759854818,0.0003679998903063281,0.019420536581863535,0.0018037634125113045,0.0008439415418726762,0.014372296368906374,0.03517495287788453,0.0005868690494643173,0.0002564645149463319,-0.45110358037421167,0.022876264766841993,0.012047116189108621,-0.08374683442490984,0.00045285841954063915,-0.04677770457362039,-0.0019288176767267794,0.021098567525820237,0.0034023317151484333,-0.0004187676585790677,0.004334680545818059,-0.02758207690046208,0.006572505064319052,-0.025916797278391978,0.015635694473449802,0.006584071150949788,-0.01745519694399967,0.013811876493592952,0.009348503905327463,-0.01745519694399967,0.016244290658332244,0.005361153782019258,-0.01745519694399967,0.01661147779126417,0.004469300914541679,-0.01745519694399967,-0.9414424227898656,-0.3367575091777372,1.0,-0.9350662889924783,-0.35404115636038974,1.0,0.0007943000665807252,6.220040093048209e-05,0.0002711320315825156,6.220040093048209e-05,6.220040093048209e-05,6.220040093048207e-05,6.220040093048203e-05,-0.0008507972253377863,0.0007918587159493684,0.00010773455354141616,0.00020629825328913833,-0.0008253819470953351,0.0008393400414796805,-0.000839340041479612,0.00016456816195609467,0.0014316581397556397,0.0003406993320163897,-0.0014809555699481344,-0.019766156902890897,0.019766156902890897
ssl_established_F,0.003431422195772999,-0.0003464464209521522,-0.00030017803965899095,-8.600500418386091e-05,0.00036978262506005957,7.757907850594541e-06,8.607997606805054e-05,0.0006641343316589399,-0.002238168225675124,-0.006542256588117295,-0.0056449675488888474,-0.00014732301202718045,-0.00022194658078568977,-0.0007626554356950909,-0.016221828168665065,0.5006366534741697,0.5006366534741697,-0.00014246698103870947,-0.00014246698103870947,-0.000771786834271825,-0.000771786834271825,-0.00018392510215976926,-0.0006372324832172308,0.021361438080715497,-0.0035209936234814514,0.025879364060625323,-0.0253127844402549,-0.0004831712641648171,-0.0003441042917783655,-0.018159489071845537,-0.0016866383603572766,-0.0007891412856854499,-0.01343904982997321,-0.030776594864127444,-0.0005487614642071161,-0.00023981132224912356,0.40648182281454454,-0.02134629085965867,-0.011264852228010828,0.08841756282978587,-0.0004234526417988548,0.02760272546965541,0.002399623674248755,-0.019728559239425646,-0.00465338787664218,0.0006452637375759678,-0.004053213651945932,0.025410170806121204,-0.006145727919876936,0.028700694196273246,-0.014620410807108644,-0.006156542977580897,0.016321766230058085,-0.012915020096886153,-0.008741470854386044,0.016321766230058085,-0.01518948858320143,-0.005013034171670605,0.016321766230058085,-0.015532832892958013,-0.004179092620551082,0.016321766230058085,0.9932272716385949,-0.0004391437940321033,-0.9350662889924783,1.0,-0.0004616822859488552,-0.9350662889924783,-0.0007427232156041086,-5.8161498071903336e-05,-0.0002535264225988408,-5.8161498071903336e-05,-5.8161498071903336e-05,-5.816149807190333e-05,-5.816149807190334e-05,0.0007955518041817228,-0.0007404403909291002,-0.00010073894917623002,-0.0001929025421286975,0.0007717868342718411,-0.000784838577789158,0.0007848385777891763,-0.00015388214048660224,-0.001338695263847161,-0.00031857646005078506,0.0013847916289541956,0.021361438080715497,-0.021361438080715497
ssl_established_T,0.009154742670103666,-0.000131520708801337,-0.00012636632239118017,-5.611111455403224e-05,0.0004070133199258008,4.4576037714694176e-05,8.62939904496781e-05,0.00022512466377500143,-0.0008474304721229406,-0.002477073673738442,-0.002137335996551663,-5.578044054267094e-05,-8.403492355207343e-05,-0.0002887617867702053,-0.006142018882214454,0.5374630568939152,0.5374630568939152,0.30858229863837516,0.30858229863837516,-0.00029221917898864474,-0.00029221917898864474,-6.963897278610648e-05,-0.00024127329568444513,-0.0005972236290305329,-0.001333142546864917,0.009798620788444918,-0.00958409856009863,-0.00018294158938116334,-0.0001302871067045496,-0.0068756692285824915,-0.0006386064843660786,-0.00029879003938518034,-0.005088384426001932,-0.01803172875012813,-0.00020777579690446665,-9.079899343700886e-05,0.200155220186019,-0.008216634034305234,-0.0042651749464001,0.0029793027491557917,-0.00016033051852171017,0.05913796826982221,-0.0008897216218692201,-0.007469761244389333,0.0026790647969688938,-0.0005210618114183483,-0.0015346553128943398,0.01077014329531324,-0.0023269372931560787,-0.0026093707657951376,-0.005535679351878031,-0.002331032163841415,0.006179858110552062,-0.004889972725298685,-0.0033097551328818086,0.006179858110552062,-0.005751147448930383,-0.001898069084412047,0.006179858110552062,-0.005881146806074307,-0.0015823164639069778,0.006179858110552062,0.03539491178499596,0.9511818135486207,-0.35404115636038974,-0.0004616822859488552,1.0,-0.35404115636038974,-0.00028121491406938557,-2.2021501871508403e-05,-9.599189798782166e-05,-2.2021501871508403e-05,-2.2021501871508403e-05,-2.2021501871508396e-05,-2.2021501871508396e-05,0.00030121723348681305,-0.00028035057546876494,-3.8142465915774333e-05,-7.303807214961674e-05,0.0002922191789886344,-0.00029716091886505006,0.00029716091886502767,-5.826390235904247e-05,-0.0005068659033118743,-0.00012062158547829982,0.0005243192225028308,-0.0005972236290305329,0.0005972236290305329
ssl_established_n/a,-0.0064542772917447165,0.00037062759819614914,0.0003255289321214674,0.00010032432663701106,-0.0004901069895930978,-2.3056426655712934e-05,-0.0001110934552072809,-0.000700918913466224,0.002393593108876554,0.006996569831607,0.006036970442995339,0.00015755354862159192,0.0002373591941003863,0.0008156164377574579,0.017348318894208344,-0.6587264963036663,-0.6587264963036663,-0.10925083384228135,-0.10925083384228135,0.0008253819470953773,0.0008253819470953773,0.00019669739389060787,0.0006814837522416038,-0.019766156902890897,0.0037655016172975717,-0.027676502046192552,0.027070577496200513,0.0005167240759854818,0.0003679998903063281,0.019420536581863535,0.0018037634125113045,0.0008439415418726762,0.014372296368906374,0.03517495287788453,0.0005868690494643173,0.0002564645149463319,-0.45110358037421167,0.022876264766841993,0.012047116189108621,-0.08374683442490984,0.00045285841954063915,-0.04677770457362039,-0.0019288176767267794,0.021098567525820237,0.0034023317151484333,-0.0004187676585790677,0.004334680545818059,-0.02758207690046208,0.006572505064319052,-0.025916797278391978,0.015635694473449802,0.006584071150949788,-0.01745519694399967,0.013811876493592952,0.009348503905327463,-0.01745519694399967,0.016244290658332244,0.005361153782019258,-0.01745519694399967,0.01661147779126417,0.004469300914541679,-0.01745519694399967,-0.9414424227898656,-0.3367575091777372,1.0,-0.9350662889924783,-0.35404115636038974,1.0,0.0007943000665807252,6.220040093048209e-05,0.0002711320315825156,6.220040093048209e-05,6.220040093048209e-05,6.220040093048207e-05,6.220040093048203e-05,-0.0008507972253377863,0.0007918587159493684,0.00010773455354141616,0.00020629825328913833,-0.0008253819470953351,0.0008393400414796805,-0.000839340041479612,0.00016456816195609467,0.0014316581397556397,0.0003406993320163897,-0.0014809555699481344,-0.019766156902890897,0.019766156902890897
http_trans_depth_1,0.0006922230516844027,-0.00020976785876009063,0.0017018197479424543,0.004899860189303252,0.008865473485354804,0.0009594549861099287,0.0014769856367082995,0.017561729463249253,-0.0013632887906073787,-0.003984948481326699,-0.0034384014992534205,0.19835520006918592,0.03358451176712519,0.901227566146681,-0.009880864294206454,-0.0005232264998724891,-0.0005232264998724891,-8.677794459492178e-05,-8.677794459492178e-05,0.8973673487906001,0.8973673487906001,0.2476361291738845,0.7792850249269168,0.004828566281741901,-0.0021446695041184454,0.015763357967096634,-0.015418249124706348,-0.0002943040477579803,-0.00020959707961176443,-0.011061111318983569,-0.0010273468920282075,-0.0004806731936586097,0.050984021133330996,-0.025998153455904394,-0.0003342556400760344,-0.0001460712754888401,-0.0014049841608329472,-0.013218364743752233,-0.006861524792517925,0.028918497139129626,-0.00025792888724587664,0.0005448481592147135,-0.001431323930111597,-0.012016846346672681,0.0001718200597381312,0.009110231967119476,0.0043671710924728215,0.024186602472164434,-0.0037434192332723116,0.003358406978213848,-0.008905426294037443,-0.003750006784095548,0.009941737483848412,-0.007866657173744414,-0.005324510058045736,0.009941737483848412,-0.00925205678598691,-0.0030534850842630183,0.009941737483848412,-0.009461190953579985,-0.00254552363810314,0.009941737483848412,-0.0007477877791039134,-0.00026748651196142957,0.0007943000665807252,-0.0007427232156041087,-0.00028121491406938557,0.0007943000665807252,1.0,-3.5426701825530284e-05,-0.00015442526888145117,-3.5426701825530284e-05,-3.5426701825530284e-05,-3.542670182553028e-05,-3.542670182553028e-05,-0.933595036426398,0.849166794628792,0.13563457699957993,0.25972332367691475,-0.8973673487906001,0.9172953601380066,-0.9172953601380066,-9.373102289340869e-05,-0.000815411561251875,-0.0001940478432123243,0.0008434892799493437,0.004828566281741901,-0.004828566281741902
http_trans_depth_10,-2.567359766290207e-05,-1.636452812562726e-05,3.783080968429916e-07,3.340253352506694e-05,0.00011069132242269717,2.8502248181611644e-05,1.8557183767989824e-05,0.0003145769228136243,-0.00010675702159366129,-0.00031205510820719965,-0.00026925586539880403,-7.02707052839422e-06,0.00281831801657449,0.06569996205782543,-0.0007737550914290769,-4.097305217361943e-05,-4.097305217361943e-05,-6.795445666978929e-06,-6.795445666978929e-06,0.07535953645384409,0.07535953645384409,-8.77293130947116e-06,0.0912720233254066,-7.523663351512172e-05,-0.00016794572810977038,0.0012344040077760872,-0.001207379071905546,-2.304649154168118e-05,-1.641322081443454e-05,-0.0008661783974652756,-8.044993481357097e-05,-3.7640769049415586e-05,0.004327798379182284,-0.0022715889018318017,-2.6175038503398894e-05,-1.1438614047893434e-05,-0.00011002212108703304,-0.0010351095527991474,-0.0005373153182855404,-9.410495254085846e-05,-2.0198009383668493e-05,-0.00011114550004353874,-0.00011208474738971398,-0.0009410205187324551,-0.00028943711903383783,-6.56419716816058e-05,-0.00019333176675493717,0.002801199262313824,-0.0002931413290228446,-0.0003287215415938815,-0.0006973700610783658,-0.000293657189866377,0.0007785219760876071,-0.0006160256693618457,-0.000416954088641197,0.0007785219760876071,-0.0007245141549556708,-0.00023911366052630005,0.0007785219760876071,-0.0007408911258509687,-0.00019933599093049838,0.0007785219760876071,-5.8558096150497026e-05,-2.0946452087205327e-05,6.220040093048207e-05,-5.816149807190333e-05,-2.2021501871508403e-05,6.220040093048207e-05,-3.5426701825530284e-05,1.0,-1.209280225742971e-05,-2.7742098356838947e-06,-2.7742098356838947e-06,-2.7742098356838934e-06,-2.7742098356838934e-06,-0.07310837303892548,0.0785498721901559,-4.805085716595774e-06,-9.20114074503674e-06,-0.07535953645384409,0.07410631907996408,-0.07410631907996408,-7.339930397703375e-06,-6.385360919273976e-05,-1.5195584333084334e-05,6.605233160719828e-05,-7.523663351512172e-05,7.523663351512164e-05
http_trans_depth_2,0.00030989119889642685,-6.348076389754657e-05,0.00416398489309364,0.011118063708901858,0.015874252829734863,0.002138210098063516,0.0024729691032947254,0.035720425365337864,-0.00046535468770917933,-0.0013602506445011993,-0.0011736884121162432,-3.0631055104719634e-05,0.7734501542177812,0.2922683633406771,-0.0033728044634465143,-0.00017860185320004013,-0.00017860185320004013,-2.962140053174052e-05,-2.962140053174052e-05,0.32849280570853184,0.32849280570853184,-3.8241275832436775e-05,0.1255479139060083,-0.0003279570708424349,-0.0007320767354683536,0.005380776673706793,-0.005262974767989916,-0.00010045983593464866,-7.154535722693703e-05,-0.0037756783735225985,-0.00035068189176247407,-0.00016407640513607904,0.018864906805644767,-0.00990187369631818,-0.00011409719648124829,-4.986100762854953e-05,-0.00047958728180362976,-0.004512050593927689,-0.0023421616527840557,0.04029934124569312,-8.80432800463376e-05,-0.0004844840994150795,-0.0004885782859044748,-0.0041019157624068775,-0.0012616586537239263,-0.00028613386526251506,-0.0008427346754290192,0.006991252014562268,-0.0012778053338851653,-0.0014328997573005912,-0.0030398415218631414,-0.0012800539753155518,0.003393583350759966,-0.0026852606855016156,-0.001817506116339706,0.003393583350759966,-0.003158162838258443,-0.0010422983065670138,0.003393583350759966,-0.0032295501818060076,-0.0008689071353239067,0.003393583350759966,-0.0002552551967089873,-9.130574761402717e-05,0.0002711320315825156,-0.0002535264225988408,-9.599189798782166e-05,0.0002711320315825156,-0.00015442526888145117,-1.2092802257429712e-05,1.0,-1.2092802257429712e-05,-1.2092802257429705e-05,-1.2092802257429704e-05,-1.2092802257429702e-05,-0.31867996686855643,0.34239950400427066,-2.0945406022782446e-05,-4.010784409359276e-05,-0.32849280570853184,0.3230300214255743,-0.3230300214255743,-3.1994813709127e-05,-0.0002783383792598691,-6.623767033137737e-05,0.00028792262737081,-0.0003279570708424349,0.00032795707084243454
http_trans_depth_6,-2.567359766290207e-05,-1.6364528125627257e-05,3.783080968429916e-07,3.340253352506694e-05,0.00011069132242269717,2.8502248181611644e-05,1.8557183767989824e-05,0.0003145769228136243,-0.00010675702159366129,-0.00031205510820719954,-0.0002692558653988041,-7.027070528394219e-06,0.0028133555098790596,0.06569996205782541,-0.0007737550914290769,-4.097305217361943e-05,-4.097305217361943e-05,-6.795445666978931e-06,-6.795445666978931e-06,0.0753595364538441,0.0753595364538441,-8.77293130947116e-06,0.0912720233254066,-7.523663351512172e-05,-0.00016794572810977038,0.0012344040077760872,-0.001207379071905546,-2.304649154168118e-05,-1.641322081443454e-05,-0.0008661783974652756,-8.044993481357098e-05,-3.7640769049415586e-05,0.004327798379182283,-0.0022715889018318017,-2.6175038503398894e-05,-1.143861404789343e-05,-0.00011002212108703304,-0.0010351095527991474,-0.0005373153182855404,-9.410495254085846e-05,-2.0198009383668493e-05,-0.00011114550004353874,-0.00011208474738971394,-0.0009410205187324548,-0.00028943711903383783,-6.56419716816058e-05,-0.00019333176675493717,0.002801199262313824,-0.0002931413290228446,-0.0003287215415938815,-0.0006973700610783659,-0.000293657189866377,0.0007785219760876072,-0.0006160256693618457,-0.000416954088641197,0.0007785219760876072,-0.0007245141549556708,-0.00023911366052630005,0.0007785219760876072,-0.0007408911258509687,-0.00019933599093049838,0.0007785219760876072,-5.8558096150497026e-05,-2.0946452087205327e-05,6.220040093048207e-05,-5.816149807190333e-05,-2.2021501871508403e-05,6.220040093048207e-05,-3.5426701825530284e-05,-2.7742098356838947e-06,-1.209280225742971e-05,1.0,-2.7742098356838947e-06,-2.7742098356838934e-06,-2.7742098356838934e-06,-0.07310837303892548,0.0785498721901559,-4.805085716595774e-06,-9.20114074503674e-06,-0.0753595364538441,0.0741063190799641,-0.0741063190799641,-7.339930397703375e-06,-6.385360919273979e-05,-1.519558433308433e-05,6.605233160719828e-05,-7.523663351512172e-05,7.523663351512164e-05
http_trans_depth_7,-2.567359766290207e-05,-1.6364528125627257e-05,3.783080968429916e-07,3.340253352506694e-05,0.00011069132242269717,2.8502248181611644e-05,1.8557183767989824e-05,0.0003145769228136243,-0.0001067570215936613,-0.00031205510820719954,-0.0002692558653988041,-7.027070528394219e-06,0.002822729133637093,0.06569996205782541,-0.0007737550914290769,-4.097305217361943e-05,-4.097305217361943e-05,-6.795445666978931e-06,-6.795445666978931e-06,0.0753595364538441,0.0753595364538441,-8.77293130947116e-06,0.0912720233254066,-7.523663351512172e-05,-0.00016794572810977038,0.0012344040077760874,-0.001207379071905546,-2.304649154168118e-05,-1.6413220814434544e-05,-0.0008661783974652756,-8.044993481357098e-05,-3.764076904941558e-05,0.004327798379182283,-0.0022715889018318017,-2.6175038503398894e-05,-1.143861404789343e-05,-0.00011002212108703304,-0.0010351095527991474,-0.0005373153182855404,-9.410495254085846e-05,-2.01980093836685e-05,-0.00011114550004353876,-0.00011208474738971394,-0.0009410205187324548,-0.000289437119033838,-6.564197168160577e-05,-0.00019333176675493717,0.002801199262313824,-0.0002931413290228446,-0.0003287215415938814,-0.0006973700610783659,-0.000293657189866377,0.0007785219760876072,-0.0006160256693618457,-0.000416954088641197,0.0007785219760876072,-0.0007245141549556708,-0.00023911366052630005,0.0007785219760876072,-0.0007408911258509687,-0.00019933599093049838,0.0007785219760876072,-5.8558096150497e-05,-2.0946452087205327e-05,6.220040093048207e-05,-5.816149807190333e-05,-2.2021501871508403e-05,6.220040093048207e-05,-3.5426701825530284e-05,-2.7742098356838947e-06,-1.2092802257429705e-05,-2.7742098356838947e-06,1.0,-2.7742098356838934e-06,-2.7742098356838934e-06,-0.07310837303892548,0.0785498721901559,-4.805085716595774e-06,-9.20114074503674e-06,-0.0753595364538441,0.0741063190799641,-0.0741063190799641,-7.339930397703375e-06,-6.385360919273979e-05,-1.519558433308433e-05,6.605233160719828e-05,-7.523663351512172e-05,7.523663351512164e-05
http_trans_depth_8,-2.567359766290206e-05,-1.6364528125627257e-05,3.783080968429915e-07,3.3402533525066936e-05,0.00011069132242269713,2.8502248181611627e-05,1.855718376798982e-05,0.00031457692281362435,-0.00010675702159366129,-0.0003120551082071995,-0.0002692558653988041,-7.0270705283942174e-06,0.0028150096787775357,0.0656999620578254,-0.0007737550914290767,-4.097305217361943e-05,-4.097305217361943e-05,-6.795445666978929e-06,-6.795445666978929e-06,0.0753595364538441,0.0753595364538441,-8.77293130947116e-06,0.09127202332540658,-7.52366335151217e-05,-0.00016794572810977036,0.0012344040077760872,-0.001207379071905546,-2.3046491541681177e-05,-1.641322081443454e-05,-0.0008661783974652755,-8.044993481357098e-05,-3.764076904941557e-05,0.004327798379182283,-0.0022715889018318012,-2.617503850339889e-05,-1.1438614047893429e-05,-0.00011002212108703303,-0.0010351095527991474,-0.0005373153182855403,-9.410495254085844e-05,-2.0198009383668496e-05,-0.00011114550004353874,-0.00011208474738971393,-0.0009410205187324547,-0.000289437119033838,-6.564197168160577e-05,-0.00019333176675493717,0.002801199262313824,-0.0002931413290228446,-0.0003287215415938813,-0.0006973700610783658,-0.00029365718986637697,0.0007785219760876072,-0.0006160256693618455,-0.00041695408864119695,0.0007785219760876072,-0.0007245141549556705,-0.00023911366052630005,0.0007785219760876072,-0.0007408911258509688,-0.00019933599093049836,0.0007785219760876072,-5.8558096150497e-05,-2.0946452087205327e-05,6.220040093048207e-05,-5.816149807190333e-05,-2.2021501871508396e-05,6.220040093048207e-05,-3.542670182553028e-05,-2.774209835683894e-06,-1.2092802257429705e-05,-2.774209835683894e-06,-2.774209835683894e-06,1.0,-2.7742098356838934e-06,-0.07310837303892548,0.07854987219015588,-4.8050857165957736e-06,-9.201140745036738e-06,-0.0753595364538441,0.0741063190799641,-0.0741063190799641,-7.339930397703375e-06,-6.385360919273979e-05,-1.519558433308433e-05,6.605233160719828e-05,-7.52366335151217e-05,7.523663351512162e-05
http_trans_depth_9,-2.567359766290206e-05,-1.6364528125627257e-05,3.783080968429915e-07,3.3402533525066936e-05,0.00011069132242269713,2.8502248181611627e-05,1.855718376798982e-05,0.00031457692281362435,-0.00010675702159366129,-0.0003120551082071995,-0.0002692558653988041,-7.027070528394215e-06,0.002812252730613408,0.0656999620578254,-0.0007737550914290771,-4.097305217361941e-05,-4.097305217361941e-05,-6.795445666978932e-06,-6.795445666978932e-06,0.0753595364538441,0.0753595364538441,-8.77293130947116e-06,0.09127202332540658,-7.52366335151217e-05,-0.00016794572810977036,0.0012344040077760872,-0.001207379071905546,-2.3046491541681177e-05,-1.641322081443454e-05,-0.0008661783974652752,-8.044993481357098e-05,-3.764076904941557e-05,0.004327798379182283,-0.0022715889018318012,-2.617503850339889e-05,-1.1438614047893429e-05,-0.00011002212108703303,-0.0010351095527991474,-0.0005373153182855403,-9.410495254085844e-05,-2.0198009383668496e-05,-0.00011114550004353874,-0.00011208474738971393,-0.0009410205187324547,-0.000289437119033838,-6.564197168160577e-05,-0.0001933317667549371,0.002801199262313823,-0.0002931413290228446,-0.0003287215415938813,-0.0006973700610783659,-0.0002936571898663769,0.0007785219760876072,-0.0006160256693618455,-0.000416954088641197,0.0007785219760876072,-0.0007245141549556705,-0.00023911366052630005,0.0007785219760876072,-0.0007408911258509688,-0.00019933599093049836,0.0007785219760876072,-5.8558096150497e-05,-2.094645208720532e-05,6.220040093048203e-05,-5.8161498071903336e-05,-2.2021501871508396e-05,6.220040093048203e-05,-3.542670182553028e-05,-2.774209835683894e-06,-1.2092802257429702e-05,-2.774209835683894e-06,-2.774209835683894e-06,-2.7742098356838934e-06,1.0,-0.07310837303892548,0.07854987219015587,-4.805085716595775e-06,-9.201140745036738e-06,-0.0753595364538441,0.0741063190799641,-0.0741063190799641,-7.339930397703375e-06,-6.385360919273979e-05,-1.519558433308433e-05,6.605233160719825e-05,-7.52366335151217e-05,7.523663351512162e-05
http_trans_depth_n/a,-0.0007357116036644976,0.0002220757671669322,-0.0029166520159930906,-0.008131762562940644,-0.013378961930364445,-0.0015879486944002015,-0.0021742384478399893,-0.027900378188743212,0.0014602571108622863,0.004268390818121976,0.003682968915960478,-0.18518343023395833,-0.2789844477997,-0.9586496211640005,0.010583672693921076,0.0005604426753116458,0.0005604426753116458,9.295030629885616e-05,9.295030629885616e-05,-0.9701276902585617,-0.9701276902585617,-0.23119186103657066,-0.8009943285499432,-0.0043761473892687235,0.0022972160523987467,-0.016884577736654784,0.016514921912742914,0.0003152373741022812,0.00022450534914373414,0.011847868601918733,0.001100420259259981,0.0005148626276961848,-0.05519907933864526,0.028261153658486755,0.0003580306525144891,0.00015646106693965688,0.001504918199020079,0.014158563646984671,0.0073495729141645665,-0.039814128159718305,0.00027627491276428973,-0.0003135847410560644,0.001533131469497068,0.012871583371598163,0.0003476877898356688,-0.008390598999428851,-0.003738045626310264,-0.02583549134608709,0.004009682021876734,-0.0025585280490929394,0.009538853514180486,0.004016738133537847,-0.010648875685868298,0.008426198583763268,0.005703233040341353,-0.010648875685868298,0.009910139219893213,0.0032706740772220693,-0.010648875685868298,0.010134148730905259,0.0027265822318924032,-0.010648875685868298,0.0008009766011249102,0.000286512354420101,-0.0008507972253377864,0.0007955518041817228,0.00030121723348681305,-0.0008507972253377864,-0.933595036426398,-0.07310837303892546,-0.3186799668685564,-0.07310837303892546,-0.07310837303892548,-0.07310837303892546,-0.07310837303892546,1.0,-0.9307255505387221,-0.12662776785460242,-0.24247640582892538,0.9701276902585617,-0.9865335904761305,0.9865335904761305,0.00010039794475792091,0.0008734103432822866,0.00020785012306310065,-0.0009034851804461397,-0.0043761473892687235,0.004376147389268724
http_method_GET,0.0004241749678927063,-0.0002058024626039417,0.0031633384429329563,0.00874750575086662,0.014391490924457729,0.0017248832976634067,0.002326518348190259,0.02993821527696774,-0.0013590986034353978,-0.003972700394111022,-0.003427833271924313,-8.945998678881593e-05,0.2965379299342666,0.8824130440703837,-0.009850494594771367,-0.0005216183175248366,-0.0005216183175248366,-8.651122500274635e-05,-8.651122500274635e-05,0.9593845839929127,0.9593845839929127,-0.00011168613092372443,0.7816878291244882,0.0048493520837361494,-0.0021380776750751763,0.015714907909561933,-0.01537085978934156,-0.00029339947856172656,-0.0002089528646806841,-0.011027114027231374,-0.0010241892516237381,-0.00047919580261435163,0.055096186136440385,-0.02891906553753237,-0.00033322827617128525,-0.000145622312665287,-0.0014006658192987397,-0.013177736945177394,-0.0068404352967604415,0.042959429812152485,-0.00025713612028258374,-0.0014149672933201378,-0.0014269246309958899,-0.011979911519835832,0.00019509472142214773,0.009143452499497428,0.0032529699127398256,0.026126691624726976,-0.0037319135072964686,-0.004184876848661226,-0.008878054688493934,-0.00373848081070688,0.009911180685348266,-0.007842478315821622,-0.005308144711322361,0.009911180685348266,-0.009223619781350488,-0.003044099931155251,0.009911180685348266,-0.009432111156813031,-0.0025376997488671662,0.009911180685348266,-0.0007454893880506513,-0.0002666643688037787,0.0007918587159493684,-0.0007404403909291002,-0.00028035057546876494,0.0007918587159493684,0.849166794628792,0.0785498721901559,0.34239950400427066,0.0785498721901559,0.0785498721901559,0.07854987219015588,0.07854987219015588,-0.9307255505387221,1.0,-6.117241928750309e-05,-0.00011713756481694755,-0.9593845839929127,0.9142972431315283,-0.9142972431315283,-9.3442932407773e-05,-0.0008129053225976596,-0.00019345142021743867,0.0008408967419743522,0.0048493520837361494,-0.004849352083736151
http_method_HEAD,0.0004446916867849687,-2.8979503999247493e-05,-2.5562083871401737e-05,-5.492901844147095e-06,1.1847148913744061e-06,-1.8814050234933102e-05,-1.3316093234721829e-05,-1.9823947362648696e-05,-0.00018490909844230406,-0.00054049680162987,-0.0004663661329059616,-1.2171276949271089e-05,-1.833639745424174e-05,0.13315201731600476,-0.0013401868489349685,-7.096760498517624e-05,-7.096760498517624e-05,-1.1770089808024936e-05,-1.1770089808024936e-05,0.13052690808243092,0.13052690808243092,-1.5195204914060754e-05,-5.264576747098703e-05,-0.00013031403335759948,-0.00029089134099500094,0.0021380563899601195,-0.002091247698103717,-3.9917805026917866e-05,-2.842861123348808e-05,-0.001500269154895625,-0.0001393437611320749,-6.51959052969235e-05,0.007495987473128751,-0.003934518307076775,-4.53366223514354e-05,-1.9812315662718172e-05,-0.00019056443234568389,-0.0017928673106450208,-0.0009306600128053029,-0.00016299501122762019,-3.4984075517567855e-05,0.014282456877685916,-0.00019413701581006565,-0.0016298998710999027,-0.0005013211865350523,-0.00011369554547727574,0.00806145676221579,0.00047369941073019964,-0.0005077370842369921,-0.0005693639911203076,-0.0012078837283927167,-0.0005086305839063594,0.001348443358262652,-0.0010669907181615425,-0.0007221876694530463,0.001348443358262652,-0.0012548988085434138,-0.00041415815777854075,0.001348443358262652,-0.0012832646329010815,-0.0003452610218965588,0.001348443358262652,-0.0001014258791042176,-3.628041990298327e-05,0.00010773455354141616,-0.00010073894917623002,-3.8142465915774333e-05,0.00010773455354141616,0.13563457699957993,-4.805085716595774e-06,-2.0945406022782446e-05,-4.805085716595774e-06,-4.805085716595774e-06,-4.8050857165957736e-06,-4.805085716595776e-06,-0.12662776785460242,-6.117241928750309e-05,1.0,-1.593688747032758e-05,-0.13052690808243092,0.12835626589610954,-0.12835626589610954,-1.2713167641885511e-05,-0.00011059800219096037,-2.6319597131783517e-05,0.00011440631168960937,-0.00013031403335759948,0.00013031403335759934
http_method_POST,-9.672891542919862e-05,-5.5002998321084796e-05,-4.732149554806029e-05,-1.5844810519711276e-05,2.907633690270069e-05,-6.338171789438648e-06,-7.694756517017973e-07,0.000152653195414109,-0.0003540778958280248,-0.0010349840642514183,-0.0008930330655217493,0.763717317571138,0.012048538007876055,0.27855595822887996,-0.002566290915291764,-0.0001358941255827142,-0.0001358941255827142,-2.253825619204432e-05,-2.253825619204432e-05,0.24994277378506852,0.24994277378506852,0.9534612666589982,0.13754467371980564,-0.0002495351451974102,-0.0005570206917981448,0.004094111723523186,-0.0040044789079473125,-7.643762545526968e-05,-5.443725014974005e-05,-0.002872828595326703,-0.0002668259493666983,-0.00012484203945940968,0.014353882496846668,-0.007534112572082398,-8.68139857983013e-05,-3.793811716368656e-05,-0.00036490715596493984,-0.0034331176248209847,-0.0017820980246043,-0.00031211514788682536,-6.699014786778854e-05,-0.0003686330341432694,-0.00037174820838688314,-0.0031210552732725523,-0.0009599676400873641,-0.00021771281049306338,-0.0006412178248082809,0.00929065578815214,-0.0009722532851815431,-0.0010902611371447935,-0.002312946915847155,-0.0009739642257762572,0.002582101102428406,-0.002043154347391725,-0.0013828994492267794,0.002582101102428406,-0.002402974939304012,-0.0007930612948826494,0.002582101102428406,-0.0024572919604056993,-0.0006611318597863033,0.002582101102428406,-0.00019421792739384987,-6.947248592536696e-05,0.00020629825328913833,-0.0001929025421286975,-7.303807214961674e-05,0.00020629825328913833,0.25972332367691475,-9.201140745036738e-06,-4.0107844093592766e-05,-9.201140745036738e-06,-9.201140745036738e-06,-9.201140745036738e-06,-9.201140745036738e-06,-0.24247640582892538,-0.00011713756481694755,-1.593688747032758e-05,1.0,-0.24994277378506852,0.24578626431959757,-0.24578626431959757,-2.434413279751278e-05,-0.00021178140085290306,-5.0398750791437214e-05,0.00021907383927428426,-0.0002495351451974102,0.00024953514519740987
http_method_n/a,-0.0004408470747275664,0.000214989701466675,-0.003019804839600447,-0.008387868843743769,-0.013814936502249457,-0.0016508489231627716,-0.0022301812132250413,-0.02875896152857163,0.001416635858144488,0.004140884125505573,0.0035729501277348644,-0.19088562474142018,-0.28751540296618433,-0.9336495675569073,0.010267513945006393,0.0005437009581224314,0.0005437009581224314,9.01736659585349e-05,9.01736659585349e-05,-0.9999999999999999,-0.9999999999999999,-0.23831075368537685,-0.7843555601527333,-0.0045731586884393115,0.0022285929029384715,-0.016380196400652233,0.01602158305000981,0.00030582050562101993,0.0002177988558155074,0.011493945401266482,0.0010675481644296233,0.0004994824918073619,-0.05742867569033957,0.030143350247689625,0.0003473354499656446,0.0001517872134855598,0.0014599628164434781,0.01373561464822835,0.007130024195605417,-0.04111688410543117,0.00026802194299640434,-0.0004154101769138538,0.0014873332913659676,0.01248707944625925,0.00011833604160039304,-0.00870314011825811,-0.004013371576701981,-0.027451575114030985,0.0038899035585546926,0.004362043041429729,0.0092539059274268,0.003896748887862544,-0.010330769172982049,0.008174488569726268,0.005532864296432776,-0.010330769172982049,0.009614100471535828,0.0031729714881240582,-0.010330769172982049,0.00983141830104987,0.002645132922925918,-0.010330769172982049,0.000777049580000481,0.0002779535686241135,-0.0008253819470953351,0.0007717868342718412,0.00029221917898863444,-0.0008253819470953351,-0.8973673487906001,-0.07535953645384409,-0.3284928057085319,-0.0753595364538441,-0.0753595364538441,-0.0753595364538441,-0.0753595364538441,0.9701276902585617,-0.9593845839929128,-0.13052690808243092,-0.24994277378506852,0.9999999999999999,-0.9554193908664769,0.9554193908664769,9.73988262547077e-05,0.0008473195589764402,0.0002016411598071622,-0.0008764959912890281,-0.0045731586884393115,0.004573158688439304
http_version_1.1,0.000751773831658345,-0.0002188943025255158,0.002962429122992096,0.00824522188807274,0.013565950465094005,0.0016145214810961504,0.002208828660103394,0.028292404701837238,-0.001440592690597298,-0.004210910919357246,-0.003633372548274477,0.18771122648198185,0.28279264942721233,0.9717354081184852,-0.010441148623158182,-0.0005528955247312479,-0.0005528955247312479,-9.169859940886658e-05,-9.169859940886658e-05,0.9554193908664769,0.9554193908664769,0.2343476829055384,0.8119280846416095,0.004463712797533388,-0.0022662808002723565,0.016657203098215563,-0.01629252521101125,-0.0003109922585253934,-0.00022148206817186147,-0.011688320351340499,-0.0010856015494004594,-0.000507929276703101,0.05434739125268924,-0.027804409003568065,-0.0003532092651256296,-0.00015435409813770247,-0.0014846523542521662,-0.013967898630644779,-0.007250600555476914,0.04039192642274708,-0.00027255448164783267,0.0003590644423763497,-0.0015124856932749225,-0.012698249358695724,-0.0024414723317472374,0.008529349207362659,0.0027824342473691914,0.026273814144562712,-0.003955686001709721,0.0027152794596512807,-0.009410399406370427,-0.0039626470928815286,0.010505473564913699,-0.008312727942904849,-0.005626430968610136,0.010505473564913699,-0.009776685226719602,-0.003226629840679139,0.010505473564913699,-0.009997678133919052,-0.0026898649589572406,0.010505473564913699,-0.0007901903221951914,-0.0002826540617218296,0.0008393400414796805,-0.0007848385777891581,-0.00029716091886505006,0.0008393400414796805,0.9172953601380066,0.0741063190799641,0.32303002142557424,0.0741063190799641,0.0741063190799641,0.0741063190799641,0.0741063190799641,-0.9865335904761305,0.9142972431315283,0.12835626589610954,0.24578626431959757,-0.9554193908664769,0.9999999999999999,-0.9999999999999999,-9.904594491845564e-05,-0.0008616486419172562,-0.00020505112818633756,0.000891318479007495,0.004463712797533388,-0.004463712797533389
http_version_n/a,-0.0007517738316583463,0.00021889430252551546,-0.002962429122992095,-0.00824522188807274,-0.01356595046509401,-0.0016145214810961504,-0.002208828660103395,-0.028292404701837234,0.0014405926905972863,0.004210910919357248,0.003633372548274524,-0.18771122648198185,-0.28279264942721233,-0.9717354081184852,0.010441148623158265,0.000552895524731249,0.000552895524731249,9.169859940886693e-05,9.169859940886693e-05,-0.9554193908664769,-0.9554193908664769,-0.2343476829055384,-0.8119280846416095,-0.004463712797533373,0.002266280800272215,-0.016657203098215494,0.016292525211011287,0.0003109922585253899,0.00022148206817186668,0.011688320351340533,0.0010856015494004594,0.0005079292767030933,-0.05434739125268911,0.027804409003568037,0.0003532092651256233,0.00015435409813770553,0.0014846523542521837,0.013967898630644827,0.007250600555476817,-0.04039192642274706,0.00027255448164783917,-0.00035906444237636745,0.0015124856932749136,0.012698249358695674,0.00244147233174723,-0.008529349207362643,-0.0027824342473692074,-0.026273814144562695,0.0039556860017097364,-0.0027152794596513492,0.009410399406370385,0.003962647092881529,-0.010505473564913659,0.008312727942904882,0.005626430968610167,-0.010505473564913659,0.009776685226719654,0.0032266298406790858,-0.010505473564913659,0.009997678133919167,0.002689864958957264,-0.010505473564913659,0.0007901903221951353,0.0002826540617218308,-0.0008393400414796121,0.0007848385777891763,0.0002971609188650277,-0.0008393400414796121,-0.9172953601380066,-0.0741063190799641,-0.32303002142557424,-0.0741063190799641,-0.0741063190799641,-0.0741063190799641,-0.0741063190799641,0.9865335904761305,-0.9142972431315283,-0.12835626589610954,-0.24578626431959757,0.9554193908664769,-0.9999999999999999,0.9999999999999999,9.904594491845765e-05,0.0008616486419172773,0.000205051128186342,-0.0008913184790075077,-0.004463712797533373,0.004463712797533373
weird_addl_43,-7.768880987877374e-05,-4.4395767008120304e-05,-4.308883157239009e-05,-1.9038193381936457e-05,-7.622252058626644e-05,-4.457777598619157e-05,-3.9436474136056256e-05,-6.086956403302913e-05,-0.000282153527342646,0.0002934880612583708,-0.0007123899878733304,-1.8592035798712008e-05,-2.800946517851314e-05,-9.624645170782517e-05,0.0028956607222818133,-0.00010840540872847274,-0.00010840540872847274,-1.79792089175963e-05,-1.79792089175963e-05,-9.739882625470847e-05,-9.739882625470847e-05,-2.3211187692831934e-05,-8.041818434916263e-05,0.097557932283462,-0.0004443463284793769,-0.005946132993303417,0.006079226125825828,-6.097579269288388e-05,-4.342566190577947e-05,0.008473924562402807,-0.00021285229200620042,-9.95889429072907e-05,-0.0016959963830594357,-0.006010109335342649,-6.925321880881541e-05,-3.026397999091476e-05,-0.0002910935937863259,-0.002738665249404876,-0.0014216145394293455,-0.0002489803737426746,-5.3439354565533436e-05,-0.0002940657998700114,-0.00029655083544966347,-0.002489726992336542,-0.0007657850105259707,-0.00017367377806599393,-0.0005115120325051311,-0.0011871928933422859,-0.0007755855105271071,0.019014654509839423,-0.0018450831094023175,0.01026812588785234,-0.0028635609152970823,0.004175066799652318,-0.0011031660079563624,-0.0028635609152970823,0.0032464131173939132,-0.0006326405460856806,-0.0028635609152970823,0.003125680613249721,-0.0005273978487018665,-0.0028635609152970823,-0.0001549314491060173,-5.541956431029055e-05,0.00016456816195609464,-0.0001538821404866022,-5.826390235904246e-05,0.00016456816195609464,-9.373102289340869e-05,-7.339930397703375e-06,-3.1994813709127e-05,-7.339930397703375e-06,-7.339930397703375e-06,-7.339930397703376e-06,-7.339930397703376e-06,0.00010039794475792091,-9.344293240777298e-05,-1.271316764188551e-05,-2.434413279751278e-05,9.73988262547077e-05,-9.904594491845563e-05,9.904594491845765e-05,1.0,-0.00016894217628688905,-4.020407177663263e-05,-0.11112295689049871,0.097557932283462,-0.09755793228346198
weird_addl_46,-0.0006776469565686188,-0.00038621539055314226,-0.0003724358993189214,-0.00016562246425747023,-0.000652587072254106,-0.0003858317639984544,-0.00034127844301781046,-0.0002851735601713725,-0.002452736709646609,-0.005675540505584802,-0.006197425508655429,-0.00016174112337083213,-0.00024366790232315395,-0.0008372944947082687,0.011588936757790144,-0.0009430711503058154,-0.0009430711503058154,-0.00015640984554538874,-0.00015640984554538874,-0.0008473195589764054,-0.0008473195589764054,-0.00020192536271203257,-0.0006995967314659883,0.8487036993741671,-0.0038655839044234638,-0.05081932573840324,0.051971090087254,-0.0005304579506703659,-0.0003777808635808399,0.07371877361476253,-0.0018517051706369533,-0.000866372444391261,-0.014754293892222813,-0.05228485175072951,-0.0006024672891368044,-0.00026328101851774834,-0.002532364146389917,-0.02382497531583502,-0.012367313353794181,-0.002166000850171733,-0.000464894825570483,-0.0025582208065249266,-0.002579839334513041,-0.021659340859010424,-0.0066619346694462315,-0.0015108723040646354,-0.004449890891497565,-0.0015137748853339672,-0.006747193965251163,0.1450345907535828,-0.016051271526057335,0.058933318829175504,-0.011363311697256727,0.02034679242733369,-0.009596975356714407,-0.011363311697256727,0.014033601958486453,-0.005503646492598257,-0.011363311697256727,0.013196290009662777,-0.004588089299952696,-0.011363311697256727,-0.0013478237076983515,-0.0004821216291381239,0.0014316581397556397,-0.001338695263847161,-0.0005068659033118744,0.0014316581397556397,-0.0008154115612518751,-6.385360919273975e-05,-0.00027833837925986905,-6.385360919273979e-05,-6.385360919273979e-05,-6.385360919273979e-05,-6.385360919273979e-05,0.0008734103432822866,-0.0008129053225976596,-0.00011059800219096037,-0.00021178140085290306,0.0008473195589764402,-0.0008616486419172561,0.0008616486419172773,-0.00016894217628688905,0.9999999999999998,-0.00034975469085989834,-0.9667124178517159,0.8487036993741671,-0.8487036993741671
weird_addl_48,-0.00016070838312201262,-9.191423009119553e-05,-8.8459002812851e-05,-3.941406217902021e-05,-0.00015968732585999517,-9.258406228323149e-05,-8.164386255234756e-05,-5.199691083956276e-05,-0.0005844646676568659,-0.0005023413234043816,-0.0014748344401412864,-3.8490398763373707e-05,-5.798695180785719e-05,-0.00019925544173332477,-0.0026464047555025054,-0.00022442767727214472,-0.00022442767727214472,-3.722168611229843e-05,-3.722168611229843e-05,-0.0002016411598071524,-0.0002016411598071524,-4.8053256767637956e-05,-0.0001664867697619436,0.2019705510883859,-0.0009199136424531993,-0.012310057515496598,0.012585595267193904,-0.00012623591096057744,-8.99025293094977e-05,0.01754325018674123,-0.00044066016684330783,-0.0002061752766843438,-0.003511158099734512,-0.012442505351934098,-0.00014337235773735312,-6.265438979511051e-05,-0.0006026402177579679,-0.005669756592029428,-0.002943115595455135,-0.0005154547879191381,-0.00011063350399891841,-0.0006087934652348323,-0.0006139381417747023,-0.005154388996691471,-0.0015853761654333184,-0.0003595503496699023,-0.0010589642961397262,-0.004040131746023524,-0.0016056657753075242,0.043024520306755645,-0.003819806792615266,0.0019484745771678209,0.002678790947686159,-0.0015048222353692402,-0.002283843469760542,0.002678790947686159,-0.002305689182264559,-0.0013097321431795505,0.002678790947686159,-0.002420320003888879,-0.001091852109325674,0.002678790947686159,-0.00032074880457640424,-0.00011473305842835777,0.0003406993320163897,-0.00031857646005078506,-0.0001206215854782998,0.0003406993320163897,-0.0001940478432123243,-1.5195584333084334e-05,-6.623767033137738e-05,-1.519558433308433e-05,-1.519558433308433e-05,-1.5195584333084328e-05,-1.5195584333084328e-05,0.00020785012306310063,-0.00019345142021743867,-2.6319597131783513e-05,-5.0398750791437214e-05,0.0002016411598071622,-0.0002050511281863376,0.000205051128186342,-4.020407177663263e-05,-0.0003497546908598983,1.0,-0.23005371594524548,0.2019705510883859,-0.2019705510883859
weird_addl_n/a,0.0007008301176670671,0.00039951535142194414,0.0003852516488486578,0.00017132547508339296,0.0006762034864067208,0.0003993190404150776,0.00035315157785554527,0.0002944635734836741,0.0025373957516985355,0.005570253231113852,0.006410826419740633,0.0001673104848805636,0.0002520583141619788,0.0008661257259619268,-0.010916873040875932,0.0009755446737733774,0.0009755446737733774,0.0001617956309002173,0.0001617956309002173,0.0008764959912890734,0.0008764959912890734,0.00020887842028631081,0.0007236865054662781,-0.8779277929005692,0.003998690647849209,0.052630694259453395,-0.053822529188571784,0.0005487236337039679,0.0003907892943181159,-0.07625719112885967,0.0019154664163225034,0.0008962049399515523,0.015262340298689973,0.0540852178840507,0.000623212527336331,0.0002723467844788947,0.0026195630671812455,0.0246453597531932,0.012793166949564023,0.0022405844904579498,0.0004809029210606185,0.0026463100703825264,0.002668673006441779,0.0224051542723969,0.0068913303961175955,0.0015628973789559351,0.004603117544911902,0.002526496274654727,0.006979525493470923,-0.15225009254741276,0.016603977801099172,-0.05856914638456662,0.010687701843499724,-0.019789479908394424,0.00992743568768988,0.010687701843499724,-0.013397941012911863,0.005693157955732638,0.010687701843499724,-0.01254857042583918,0.004746074649737544,0.010687701843499724,0.0013942343998161895,0.0004987229089386425,-0.0014809555699481344,0.0013847916289541956,0.0005243192225028308,-0.0014809555699481344,0.0008434892799493438,6.60523316071983e-05,0.00028792262737080995,6.60523316071983e-05,6.60523316071983e-05,6.605233160719828e-05,6.605233160719825e-05,-0.0009034851804461397,0.0008408967419743521,0.00011440631168960936,0.0002190738392742843,-0.0008764959912890282,0.000891318479007495,-0.0008913184790075075,-0.1111229568904987,-0.9667124178517159,-0.23005371594524548,1.0,-0.8779277929005692,0.8779277929005692
weird_notice_F,0.018323636583058866,0.0001621655070926441,-0.0002600582114558124,-0.00019346939045893213,0.02919694018039155,0.017112598497557776,0.03270037652663966,0.036150533924649626,-0.0028905394303013823,-0.005727961470667285,-0.007302225162003713,-0.00019057431172989742,-0.00019992020265599693,0.003871129783229885,0.009295520208226235,0.011404872097682678,0.011404872097682678,-0.00018429264024740107,-0.00018429264024740107,0.004573158688439255,0.004573158688439255,-0.00023792209561586755,0.005922618822850774,0.9999999999999999,-0.004554691946404839,-0.04396837284921266,0.04521908377613184,-0.0006250213720778389,-0.0004451269198654742,0.0679173123620665,-0.0021818040524655123,-0.0010208185083087993,-0.01701732675925712,-0.04689329093450975,-0.0007098676364685116,-0.0003102154717976313,0.006373359424195305,-0.02738583958515011,-0.01415076313500061,0.0007260017830376399,0.019754685467937374,-0.0011615860154259258,-0.0030397408853237375,-0.010863532878841118,-0.007849541217222186,-0.001780211757270319,-0.004705830395439842,-0.004864325117061108,-0.005787003400025412,0.13751793303609658,-0.014075675376772928,0.049620674670181726,-0.009046860748987296,0.013557987408286443,-0.003993042640029122,-0.009046860748987296,0.011981544103182485,-0.006484767883840759,-0.009046860748987296,0.01106323212448964,-0.005405996584362774,-0.009046860748987296,0.021195703914866734,-0.0005680682545553708,-0.019766156902890897,0.021361438080715493,-0.000597223629030533,-0.019766156902890897,0.0048285662817419,-7.523663351512172e-05,-0.000327957070842435,-7.523663351512172e-05,-7.523663351512172e-05,-7.52366335151217e-05,-7.52366335151217e-05,-0.0043761473892687235,0.0048493520837361494,-0.0001303140333575995,-0.0002495351451974102,-0.004573158688439312,0.004463712797533388,-0.004463712797533373,0.09755793228346199,0.848703699374167,0.2019705510883859,-0.8779277929005693,0.9999999999999999,-0.9999999999999999
weird_notice_n/a,-0.018323636583058866,-0.00016216550709264438,0.0002600582114558121,0.00019346939045893186,-0.029196940180391543,-0.017112598497557776,-0.03270037652663966,-0.03615053392464963,0.002890539430301383,0.005727961470667294,0.007302225162003721,0.0001905743117298972,0.00019992020265599658,-0.003871129783229885,-0.009295520208226238,-0.011404872097682678,-0.011404872097682678,0.00018429264024740088,0.00018429264024740088,-0.004573158688439256,-0.004573158688439256,0.0002379220956158673,-0.005922618822850774,-0.9999999999999999,0.004554691946404829,0.04396837284921266,-0.045219083776131895,0.0006250213720778405,0.0004451269198654736,-0.06791731236206651,0.002181804052465511,0.0010208185083087984,0.01701732675925712,0.04689329093450975,0.000709867636468511,0.00031021547179763094,-0.006373359424195306,0.027385839585150402,0.01415076313500061,-0.0007260017830376429,-0.019754685467937374,0.001161586015425922,0.0030397408853237314,0.010863532878841117,0.007849541217222186,0.0017802117572703173,0.004705830395439824,0.004864325117061111,0.005787003400025412,-0.13751793303609658,0.014075675376772914,-0.04962067467018175,0.009046860748987291,-0.013557987408286473,0.003993042640029118,0.009046860748987291,-0.011981544103182454,0.006484767883840755,0.009046860748987291,-0.011063232124489644,0.005405996584362767,0.009046860748987291,-0.021195703914866745,0.0005680682545553698,0.019766156902890897,-0.0213614380807155,0.0005972236290305329,0.019766156902890897,-0.004828566281741903,7.523663351512164e-05,0.00032795707084243454,7.523663351512164e-05,7.523663351512164e-05,7.523663351512164e-05,7.523663351512164e-05,0.004376147389268724,-0.004849352083736151,0.00013031403335759934,0.00024953514519740987,0.004573158688439304,-0.004463712797533389,0.004463712797533374,-0.09755793228346198,-0.848703699374167,-0.2019705510883859,0.8779277929005693,-0.9999999999999999,0.9999999999999999
